time,ax,ay,az,atotal
0.000,0.25,0.31,0.11,0.41
0.010,0.38,0.17,-0.18,0.45
0.020,0.25,0.15,-0.48,0.56
0.030,0.06,0.12,-0.68,0.69
0.040,-0.03,0.08,-0.61,0.62
0.050,0.20,0.19,-0.25,0.37
0.060,0.50,0.37,0.22,0.66
0.070,0.56,0.46,0.37,0.82
0.080,0.41,0.43,0.33,0.68
0.090,0.22,0.23,0.27,0.41
0.100,-0.01,-0.04,0.19,0.20
0.110,-0.30,-0.27,0.11,0.41
0.120,-0.59,-0.40,0.31,0.77
0.130,-0.71,-0.49,0.58,1.04
0.140,-0.43,-0.64,0.90,1.19
0.150,0.05,-0.49,1.05,1.16
0.160,0.42,-0.12,0.93,1.03
0.170,0.60,0.37,0.85,1.11
0.180,0.80,0.50,0.56,1.10
0.190,0.99,0.40,0.14,1.08
0.200,0.82,0.14,-0.01,0.83
0.210,0.54,-0.01,0.12,0.55
0.220,0.21,-0.25,-0.13,0.35
0.230,-0.13,-0.50,-0.54,0.75
0.240,-0.38,-0.55,-0.73,0.99
0.250,-0.61,-0.42,-0.28,0.79
0.260,-0.58,-0.32,0.23,0.70
0.270,-0.33,-0.23,0.73,0.84
0.280,0.03,-0.18,0.92,0.94
0.289,0.11,-0.26,0.62,0.68
0.299,0.06,-0.29,0.22,0.37
0.309,-0.07,-0.30,-0.04,0.31
0.319,-0.17,-0.34,-0.03,0.38
0.329,-0.25,-0.41,0.09,0.49
0.339,-0.15,-0.46,0.22,0.53
0.349,0.05,-0.42,0.43,0.60
0.359,0.29,-0.42,0.28,0.58
0.369,0.32,-0.46,-0.13,0.57
0.379,0.22,-0.45,-0.39,0.64
0.389,0.19,-0.43,-0.28,0.55
0.399,0.29,-0.66,-0.33,0.79
0.409,0.23,-0.96,-0.40,1.06
0.419,0.19,-1.11,-0.47,1.22
0.429,0.21,-1.19,-0.65,1.37
0.439,0.16,-1.38,-0.71,1.56
0.449,0.11,-1.69,-0.90,1.92
0.459,0.06,-2.00,-1.16,2.32
0.469,0.11,-2.34,-1.32,2.69
0.479,0.34,-2.69,-1.32,3.02
0.489,1.01,-2.81,-1.65,3.41
0.499,1.92,-2.60,-2.10,3.86
0.509,2.47,-2.34,-2.43,4.19
0.519,2.35,-2.19,-2.50,4.07
0.529,2.01,-2.03,-2.54,3.82
0.539,0.92,-1.78,-1.91,2.77
0.549,-0.08,-1.64,-1.86,2.48
0.559,-0.36,-1.61,-2.33,2.85
0.569,-0.74,-1.35,-2.28,2.75
0.579,-1.25,-0.95,-1.75,2.35
0.589,-1.05,-0.73,-1.41,1.91
0.599,-0.83,-0.65,-1.74,2.03
0.609,-2.22,-0.67,-2.82,3.65
0.619,-2.04,-1.08,-1.94,3.02
0.629,-2.44,-1.73,-2.16,3.69
0.639,-2.05,-2.87,-3.26,4.80
0.649,-2.55,-3.62,-3.88,5.89
0.659,-3.07,-3.95,-4.08,6.45
0.669,-2.89,-4.16,-4.03,6.47
0.679,-2.71,-3.92,-4.23,6.38
0.689,-2.77,-4.16,-4.69,6.85
0.698,-3.11,-5.06,-4.80,7.63
0.709,-3.42,-5.61,-4.47,7.95
0.719,-3.45,-5.58,-3.60,7.48
0.729,-3.26,-5.32,-2.60,6.76
0.739,-2.71,-5.47,-2.13,6.46
0.749,-2.80,-5.86,-1.65,6.71
0.758,-2.49,-6.06,-1.35,6.69
0.768,-1.96,-6.00,-0.86,6.37
0.778,-1.79,-5.79,-0.50,6.08
0.788,-1.88,-5.33,-0.90,5.73
0.798,-1.76,-4.58,-1.10,5.03
0.808,-0.72,-3.74,-0.69,3.87
0.818,0.53,-3.07,-0.19,3.12
0.828,1.26,-2.76,0.42,3.07
0.838,1.14,-2.77,1.05,3.17
0.848,0.82,-2.87,1.57,3.37
0.858,1.46,-2.87,2.20,3.90
0.868,3.14,-2.45,3.12,5.06
0.878,4.47,-1.89,3.97,6.28
0.888,5.05,-1.70,4.59,7.04
0.898,5.93,-1.70,5.02,7.96
0.908,6.95,-1.53,4.92,8.65
0.918,7.96,-1.11,4.49,9.21
0.928,9.31,-0.70,4.60,10.41
0.938,10.30,-0.33,4.85,11.39
0.949,10.88,-0.11,5.02,11.99
0.958,10.90,0.09,4.55,11.81
0.968,10.85,0.58,3.67,11.47
0.978,10.75,1.34,3.15,11.28
0.988,11.55,2.55,1.50,11.92
0.998,12.04,4.09,-0.34,12.72
1.008,11.73,5.17,-1.23,12.88
1.018,10.96,5.99,-2.09,12.66
1.028,9.88,6.25,-4.35,12.47
1.038,9.11,7.39,-10.37,15.65
1.048,8.70,8.13,-10.36,15.78
1.058,8.02,6.50,-6.57,12.24
1.068,3.83,3.60,-3.99,6.59
1.078,1.20,1.31,-4.05,4.42
1.088,-0.82,0.78,-4.77,4.90
1.098,-1.45,1.45,-4.81,5.23
1.108,-1.39,2.28,-4.54,5.27
1.118,-0.83,3.23,-3.25,4.66
1.128,-0.02,3.14,-1.16,3.35
1.138,0.35,1.46,0.17,1.51
1.148,1.17,3.29,1.45,3.78
1.158,0.09,1.06,1.04,1.49
1.168,-1.27,-0.29,0.25,1.32
1.178,-1.67,0.18,-0.60,1.79
1.188,-1.19,0.47,-0.10,1.28
1.198,-0.97,-0.11,1.14,1.50
1.208,-1.46,-0.22,0.66,1.62
1.218,-2.01,0.64,0.33,2.13
1.227,-1.01,-0.02,1.52,1.83
1.237,-0.87,-0.10,3.07,3.19
1.247,-1.88,-1.30,2.38,3.30
1.257,-2.66,-1.45,1.28,3.29
1.267,-2.60,-1.67,-0.02,3.09
1.277,-1.64,-1.66,-1.18,2.61
1.287,-0.80,0.63,-0.61,1.19
1.297,0.21,0.02,0.26,0.33
1.307,1.42,-0.07,-0.39,1.48
1.317,2.05,0.69,-0.62,2.25
1.327,2.08,-0.91,-0.02,2.27
1.337,2.76,-1.80,2.42,4.09
1.347,5.00,-2.34,3.69,6.63
1.357,4.60,-1.62,2.69,5.57
1.367,3.99,-2.13,0.74,4.58
1.377,3.86,-2.44,-0.18,4.57
1.387,4.11,-1.66,0.06,4.43
1.397,4.18,-1.48,-0.19,4.44
1.407,3.71,-1.79,-0.40,4.14
1.417,3.33,-1.96,-1.03,4.00
1.427,3.55,-1.51,-1.69,4.21
1.437,3.95,-0.53,-2.05,4.48
1.447,4.70,0.52,-1.85,5.07
1.457,5.49,2.14,-0.83,5.94
1.467,5.48,2.63,0.28,6.08
1.477,4.75,2.26,-0.31,5.27
1.487,3.42,1.75,-1.03,3.98
1.497,1.74,2.17,-0.41,2.81
1.507,1.23,1.98,-0.18,2.34
1.517,1.59,1.59,-0.64,2.34
1.527,1.74,1.38,-0.63,2.31
1.537,0.68,1.27,-0.06,1.44
1.547,-1.04,1.32,0.27,1.70
1.557,-2.75,1.10,0.49,3.00
1.567,-4.47,0.76,0.83,4.60
1.577,-6.24,0.21,0.88,6.31
1.587,-7.40,-0.32,1.04,7.48
1.597,-7.89,-0.68,1.30,8.02
1.607,-7.99,-0.74,1.46,8.16
1.617,-7.76,-0.70,1.46,7.93
1.627,-7.71,-0.98,1.59,7.93
1.637,-7.83,-1.06,1.50,8.04
1.647,-8.06,-1.01,1.55,8.27
1.657,-8.08,-1.03,1.68,8.32
1.667,-7.92,-0.93,1.55,8.13
1.677,-7.61,-0.58,1.37,7.76
1.687,-7.23,-0.13,1.06,7.31
1.696,-6.88,0.13,0.50,6.90
1.706,-6.75,0.16,-0.18,6.75
1.716,-6.16,-0.17,-1.31,6.30
1.726,-4.98,-0.69,-2.42,5.58
1.736,-3.64,-0.70,-3.20,4.90
1.746,-2.35,-0.27,-3.72,4.41
1.756,-1.74,-0.56,-3.65,4.08
1.766,-0.24,0.05,-4.19,4.19
1.776,1.29,3.33,-4.75,5.95
1.786,1.26,3.42,-2.62,4.49
1.796,1.71,2.60,-0.67,3.18
1.806,3.58,0.30,1.54,3.91
1.816,7.33,-6.03,1.46,9.61
1.826,7.67,-11.77,-0.83,14.07
1.837,7.24,-17.22,0.27,18.69
1.847,7.97,-18.94,0.62,20.56
1.856,6.08,-18.65,1.71,19.69
1.866,1.90,-17.33,5.47,18.27
1.876,-2.30,-13.62,8.24,16.08
1.886,-4.19,-8.64,7.94,12.46
1.896,-4.24,-3.20,4.51,6.97
1.906,-2.44,0.99,2.20,3.43
1.916,-0.65,3.30,1.14,3.56
1.926,-0.13,4.79,0.30,4.80
1.936,-0.16,5.55,-0.18,5.56
1.946,-0.36,5.66,-0.44,5.69
1.956,-0.59,5.04,-0.48,5.10
1.966,-0.95,3.60,-0.34,3.74
1.976,-1.41,1.70,-0.00,2.21
1.986,-1.75,0.00,0.27,1.77
1.996,-1.80,-1.38,0.20,2.28
2.006,-1.70,-1.95,0.35,2.62
2.016,-1.44,-1.97,0.50,2.49
2.026,-1.12,-1.66,0.72,2.13
2.036,-0.71,-0.97,0.75,1.42
2.046,-0.43,-0.23,0.66,0.82
2.056,-0.16,0.23,0.52,0.59
2.066,0.07,0.32,0.38,0.50
2.076,0.21,0.30,0.17,0.40
2.086,0.27,0.21,-0.14,0.37
2.096,0.38,0.25,-1.15,1.24
2.106,0.71,-0.14,-3.84,3.91
2.115,0.78,-0.60,-4.11,4.22
2.126,0.66,-0.48,-2.19,2.34
2.136,0.57,-0.70,-0.34,0.97
2.146,0.43,-0.58,0.75,1.04
2.155,0.52,-0.31,1.02,1.19
2.166,0.71,-0.04,0.78,1.06
2.175,0.65,0.16,0.49,0.83
2.185,0.33,0.28,0.28,0.52
2.195,-0.00,0.28,0.17,0.32
2.205,-0.25,0.20,0.10,0.34
2.215,-0.36,0.12,0.05,0.39
2.225,-0.29,0.04,0.03,0.29
2.235,-0.10,-0.05,0.05,0.12
2.245,0.11,-0.11,0.08,0.18
2.255,0.32,-0.08,0.13,0.36
2.265,0.42,-0.04,0.15,0.45
2.275,0.35,-0.00,0.21,0.40
2.285,0.22,-0.01,0.29,0.36
2.295,0.19,0.03,0.28,0.34
2.305,0.23,0.10,0.17,0.30
2.315,0.17,0.12,0.08,0.22
2.325,0.00,0.09,-0.00,0.09
2.335,-0.12,0.06,-0.00,0.14
2.345,-0.14,0.04,0.04,0.15
2.355,-0.08,-0.02,0.12,0.15
2.365,-0.04,-0.06,0.18,0.19
2.375,-0.05,-0.08,0.20,0.22
2.385,-0.09,-0.10,0.20,0.24
2.395,-0.14,-0.07,0.18,0.23
2.405,-0.19,-0.04,0.16,0.25
2.415,-0.24,-0.02,0.13,0.28
2.425,-0.32,0.00,0.13,0.34
2.435,-0.35,0.00,0.13,0.37
2.445,-0.38,-0.02,0.15,0.41
2.455,-0.38,-0.03,0.17,0.42
2.465,-0.37,-0.04,0.20,0.42
2.475,-0.34,-0.02,0.23,0.42
2.485,-0.29,0.02,0.26,0.39
2.495,-0.24,0.03,0.27,0.36
2.505,-0.18,0.02,0.27,0.32
2.515,-0.10,0.01,0.26,0.28
2.525,-0.00,-0.01,0.26,0.26
2.535,0.09,-0.01,0.26,0.28
2.545,0.17,-0.02,0.24,0.29
2.555,0.24,-0.03,0.22,0.33
2.565,0.29,-0.05,0.20,0.36
2.575,0.31,-0.04,0.15,0.35
2.585,0.30,-0.04,0.10,0.32
2.595,0.31,-0.02,0.02,0.31
2.605,0.28,0.00,-0.04,0.28
2.615,0.23,0.00,-0.11,0.26
2.625,0.19,-0.01,-0.15,0.24
2.635,0.14,-0.03,-0.17,0.23
2.644,0.09,-0.06,-0.19,0.22
2.654,0.06,-0.06,-0.19,0.21
2.664,0.02,-0.07,-0.17,0.19
2.674,0.02,-0.06,-0.16,0.17
2.685,-0.01,-0.03,-0.14,0.14
2.694,-0.05,0.02,-0.12,0.13
2.704,-0.07,0.05,-0.08,0.12
2.714,-0.06,0.05,-0.03,0.08
2.724,-0.04,0.03,0.02,0.05
2.734,-0.01,0.01,0.07,0.07
2.744,0.03,-0.00,0.10,0.11
2.754,0.05,-0.01,0.13,0.14
2.764,0.07,0.00,0.15,0.17
2.774,0.12,0.02,0.17,0.21
2.784,0.16,0.00,0.16,0.23
2.794,0.18,0.01,0.15,0.23
2.804,0.21,-0.01,0.13,0.25
2.814,0.22,-0.02,0.12,0.25
2.824,0.22,0.00,0.12,0.25
2.834,0.20,0.01,0.12,0.23
2.844,0.18,0.03,0.13,0.22
2.854,0.14,0.03,0.11,0.18
2.864,0.09,0.03,0.11,0.15
2.874,0.05,0.01,0.12,0.13
2.884,0.00,0.03,0.12,0.12
2.894,-0.03,0.04,0.11,0.12
2.904,-0.07,0.07,0.10,0.14
2.914,-0.09,0.07,0.10,0.15
2.924,-0.10,0.05,0.11,0.16
2.934,-0.10,0.03,0.15,0.19
2.944,-0.09,-0.00,0.17,0.19
2.954,-0.09,0.01,0.19,0.21
2.964,-0.08,0.03,0.17,0.19
2.974,-0.05,0.04,0.17,0.18
2.984,-0.04,0.03,0.17,0.18
2.994,0.02,0.04,0.16,0.16
3.004,0.07,0.03,0.16,0.18
3.014,0.13,0.02,0.16,0.21
3.024,0.17,0.02,0.14,0.22
3.034,0.19,0.02,0.12,0.23
3.044,0.22,0.01,0.11,0.25
3.054,0.23,-0.00,0.11,0.26
3.064,0.26,-0.00,0.08,0.27
3.074,0.24,0.00,0.06,0.25
3.084,0.22,0.03,0.04,0.22
3.093,0.21,0.02,-0.01,0.21
3.103,0.19,0.02,-0.02,0.19
3.113,0.19,0.00,-0.06,0.19
3.123,0.17,0.03,-0.07,0.19
3.133,0.19,0.02,-0.11,0.21
3.143,0.19,0.01,-0.13,0.23
3.153,0.22,-0.02,-0.12,0.25
3.163,0.24,-0.04,-0.13,0.27
3.173,0.25,-0.06,-0.13,0.29
3.183,0.27,-0.04,-0.14,0.31
3.193,0.30,-0.01,-0.11,0.33
3.203,0.31,0.00,-0.12,0.33
3.213,0.33,0.02,-0.12,0.35
3.223,0.33,0.03,-0.10,0.34
3.233,0.30,0.01,-0.09,0.31
3.243,0.26,-0.00,-0.05,0.26
3.253,0.20,-0.01,-0.01,0.20
3.263,0.15,0.01,0.01,0.15
3.273,0.09,0.02,0.03,0.10
3.283,0.04,0.03,0.07,0.08
3.293,0.01,0.03,0.08,0.08
3.303,-0.03,0.00,0.10,0.10
3.313,-0.05,-0.02,0.14,0.15
3.323,-0.08,-0.01,0.14,0.17
3.333,-0.10,0.00,0.15,0.18
3.343,-0.11,0.02,0.17,0.21
3.353,-0.14,0.06,0.18,0.24
3.363,-0.15,0.06,0.19,0.25
3.373,-0.16,0.06,0.21,0.27
3.383,-0.18,0.05,0.20,0.27
3.393,-0.18,0.01,0.18,0.25
3.403,-0.19,-0.02,0.18,0.26
3.413,-0.18,-0.02,0.18,0.25
3.423,-0.16,-0.01,0.16,0.23
3.433,-0.14,-0.00,0.15,0.21
3.443,-0.12,0.00,0.14,0.18
3.453,-0.07,-0.03,0.13,0.15
3.463,-0.04,-0.05,0.12,0.14
3.473,-0.02,-0.08,0.10,0.13
3.483,-0.02,-0.07,0.09,0.12
3.493,-0.02,-0.02,0.09,0.10
3.503,0.02,0.03,0.08,0.09
3.513,0.01,0.05,0.09,0.10
3.523,0.01,0.04,0.06,0.08
3.533,-0.01,0.02,0.07,0.07
3.543,-0.04,0.01,0.07,0.08
3.553,-0.05,0.00,0.04,0.07
3.563,-0.04,-0.01,0.04,0.05
3.572,0.00,-0.00,0.04,0.04
3.582,0.02,0.01,0.06,0.06
3.592,0.05,0.03,0.05,0.07
3.603,0.10,0.03,0.04,0.12
3.612,0.13,0.04,0.05,0.15
3.622,0.16,0.04,0.05,0.17
3.632,0.19,0.03,0.05,0.20
3.642,0.21,0.00,0.06,0.21
3.652,0.19,-0.00,0.06,0.20
3.662,0.20,-0.02,0.06,0.21
3.672,0.19,0.00,0.07,0.20
3.682,0.19,0.01,0.06,0.20
3.692,0.16,0.00,0.06,0.17
3.702,0.13,0.01,0.02,0.13
3.712,0.13,0.02,-0.00,0.13
3.722,0.13,-0.00,-0.03,0.14
3.732,0.15,0.00,-0.07,0.16
3.742,0.15,-0.00,-0.07,0.16
3.752,0.16,-0.00,-0.10,0.19
3.762,0.19,-0.00,-0.10,0.21
3.772,0.17,-0.00,-0.08,0.19
3.782,0.16,-0.01,-0.06,0.18
3.792,0.18,-0.02,-0.04,0.18
3.802,0.16,-0.01,-0.04,0.17
3.812,0.14,-0.03,-0.03,0.14
3.822,0.14,-0.01,-0.01,0.14
3.832,0.15,-0.01,0.01,0.15
3.842,0.16,0.00,0.03,0.16
3.852,0.16,0.00,0.03,0.16
3.862,0.14,0.01,0.04,0.15
3.872,0.14,0.02,0.07,0.15
3.882,0.11,0.04,0.04,0.13
3.892,0.11,0.03,0.05,0.12
3.902,0.09,0.04,0.05,0.11
3.912,0.06,0.02,0.06,0.09
3.922,0.05,-0.00,0.05,0.07
3.932,0.04,-0.03,0.04,0.06
3.942,0.05,-0.02,0.04,0.07
3.952,0.06,-0.02,0.04,0.07
3.962,0.07,-0.03,0.04,0.09
3.972,0.07,-0.04,0.03,0.09
3.981,0.07,-0.01,0.03,0.08
3.992,0.07,0.01,0.02,0.07
4.002,0.05,0.02,0.04,0.07
4.012,0.03,0.02,0.02,0.05
4.022,0.03,0.04,-0.00,0.04
4.032,0.01,0.04,-0.01,0.04
4.041,0.00,0.03,-0.01,0.03
4.051,0.01,0.02,-0.02,0.03
4.061,0.02,0.02,-0.04,0.05
4.071,0.02,0.03,-0.04,0.05
4.081,0.05,0.02,-0.04,0.07
4.091,0.07,0.02,-0.04,0.09
4.101,0.09,0.02,-0.03,0.09
4.111,0.09,0.03,0.00,0.10
4.121,0.09,0.04,0.02,0.10
4.131,0.10,0.04,0.05,0.12
4.141,0.10,0.04,0.08,0.13
4.151,0.11,0.02,0.10,0.15
4.161,0.11,0.01,0.10,0.15
4.171,0.12,0.01,0.12,0.17
4.181,0.14,0.01,0.15,0.20
4.191,0.17,-0.02,0.15,0.23
4.201,0.16,-0.02,0.12,0.20
4.211,0.16,0.00,0.11,0.20
4.221,0.16,-0.01,0.09,0.18
4.231,0.13,0.01,0.06,0.15
4.241,0.07,0.03,0.05,0.09
4.251,-0.00,0.03,0.05,0.05
4.261,-0.04,0.02,0.06,0.08
4.271,-0.08,-0.00,0.07,0.10
4.281,-0.10,-0.02,0.07,0.12
4.291,-0.11,-0.04,0.05,0.13
4.301,-0.10,-0.03,0.04,0.11
4.311,-0.06,0.01,0.01,0.06
4.321,0.00,0.01,-0.01,0.01
4.331,0.06,0.00,-0.03,0.06
4.341,0.11,-0.01,-0.02,0.11
4.351,0.12,0.02,-0.02,0.13
4.361,0.15,0.03,-0.03,0.15
4.371,0.15,0.04,0.01,0.15
4.381,0.15,0.03,0.03,0.16
4.391,0.16,0.03,0.05,0.17
4.401,0.17,0.03,0.06,0.19
4.411,0.20,0.02,0.07,0.21
4.421,0.20,0.02,0.07,0.21
4.431,0.20,0.02,0.08,0.22
4.441,0.22,0.02,0.05,0.22
4.451,0.22,0.00,0.02,0.22
4.461,0.19,-0.01,-0.01,0.19
4.471,0.15,-0.03,-0.03,0.16
4.481,0.11,-0.04,-0.06,0.13
4.490,0.08,-0.03,-0.06,0.11
4.501,0.04,-0.02,-0.05,0.07
4.511,0.02,-0.01,-0.03,0.03
4.521,-0.01,-0.01,-0.02,0.03
4.531,-0.01,-0.01,-0.01,0.02
4.540,0.00,-0.02,0.01,0.02
4.551,0.02,-0.01,0.03,0.03
4.560,0.04,-0.00,0.04,0.05
4.570,0.06,-0.00,0.06,0.09
4.581,0.09,0.01,0.07,0.11
4.590,0.08,0.02,0.07,0.11
4.600,0.06,0.02,0.09,0.11
4.610,0.04,0.03,0.10,0.11
4.620,0.02,0.01,0.11,0.11
4.630,0.01,-0.00,0.11,0.11
4.640,-0.00,0.01,0.11,0.11
4.650,-0.02,0.02,0.12,0.12
4.660,-0.02,0.03,0.11,0.11
4.670,0.00,0.02,0.11,0.11
4.680,0.01,0.01,0.10,0.10
4.690,0.03,-0.01,0.07,0.08
4.700,0.03,-0.01,0.08,0.09
4.710,0.04,-0.01,0.04,0.06
4.720,0.02,-0.01,0.05,0.05
4.730,0.04,-0.01,0.04,0.06
4.740,0.03,-0.00,0.04,0.05
4.750,0.02,-0.00,0.04,0.05
4.760,0.02,-0.02,0.04,0.05
4.770,0.04,-0.02,0.04,0.06
4.780,0.04,-0.02,0.04,0.06
4.790,0.05,-0.01,0.02,0.06
4.800,0.04,-0.01,0.03,0.05
4.810,0.05,0.01,0.03,0.06
4.820,0.04,0.00,0.03,0.05
4.830,0.04,0.00,0.04,0.05
4.840,0.05,0.00,0.06,0.07
4.850,0.05,-0.00,0.06,0.08
4.860,0.05,-0.01,0.08,0.10
4.870,0.05,-0.01,0.08,0.09
4.880,0.06,0.00,0.09,0.11
4.890,0.05,0.01,0.09,0.10
4.900,0.05,0.02,0.08,0.10
4.910,0.06,0.04,0.06,0.10
4.920,0.05,0.03,0.05,0.08
4.930,0.04,0.01,0.05,0.07
4.940,0.04,-0.02,0.05,0.07
4.950,0.06,-0.03,0.06,0.09
4.959,0.06,-0.03,0.04,0.07
4.969,0.09,-0.01,0.05,0.10
4.979,0.10,0.02,0.04,0.11
4.989,0.10,0.03,0.03,0.11
4.999,0.11,0.00,0.05,0.12
5.009,0.11,-0.02,0.05,0.12
5.019,0.12,-0.04,0.04,0.14
5.029,0.12,-0.04,0.06,0.14
5.039,0.11,-0.00,0.06,0.12
5.049,0.08,0.02,0.04,0.10
5.059,0.05,0.02,0.06,0.08
5.069,0.03,0.02,0.06,0.07
5.079,0.02,0.01,0.06,0.06
5.089,-0.01,-0.01,0.06,0.07
5.099,-0.02,-0.01,0.05,0.06
5.109,0.00,0.01,0.06,0.06
5.119,0.02,0.00,0.06,0.06
5.129,0.05,0.01,0.06,0.08
5.139,0.08,0.02,0.05,0.10
5.149,0.10,0.02,0.02,0.10
5.159,0.11,0.01,0.03,0.12
5.169,0.13,0.01,0.03,0.13
5.179,0.13,0.02,0.04,0.13
5.189,0.14,0.02,0.03,0.15
5.199,0.12,0.00,0.06,0.14
5.209,0.09,0.00,0.06,0.11
5.219,0.07,-0.01,0.04,0.09
5.229,0.06,-0.00,0.02,0.07
5.239,0.05,0.01,0.03,0.06
5.249,0.03,0.01,0.02,0.04
5.259,0.03,0.01,0.01,0.03
5.269,0.03,0.00,0.00,0.03
5.279,0.04,-0.00,-0.02,0.04
5.289,0.06,-0.01,-0.02,0.06
5.299,0.06,-0.01,-0.04,0.07
5.309,0.08,-0.01,-0.06,0.10
5.319,0.08,-0.02,-0.05,0.10
5.329,0.08,-0.04,-0.04,0.09
5.339,0.08,-0.04,-0.01,0.09
5.349,0.05,-0.02,-0.01,0.06
5.359,0.05,-0.02,0.02,0.05
5.369,0.03,-0.03,0.02,0.05
5.379,0.02,-0.03,0.03,0.05
5.389,0.03,-0.02,0.04,0.06
5.399,0.02,0.00,0.04,0.05
5.409,0.01,0.03,0.05,0.06
5.419,0.03,0.04,0.04,0.06
5.428,0.02,0.05,0.06,0.08
5.439,-0.00,0.06,0.07,0.09
5.448,0.02,0.03,0.07,0.08
5.459,0.01,0.00,0.09,0.09
5.469,0.02,-0.02,0.08,0.09
5.478,0.02,-0.02,0.08,0.09
5.488,0.03,-0.01,0.09,0.09
5.498,0.02,0.00,0.08,0.08
5.508,0.03,-0.01,0.07,0.07
5.518,0.05,0.01,0.06,0.08
5.528,0.05,0.02,0.05,0.07
5.538,0.04,0.03,0.03,0.06
5.548,0.07,0.03,0.00,0.07
5.558,0.07,0.02,-0.03,0.08
5.568,0.06,0.01,-0.03,0.07
5.578,0.06,-0.04,-0.02,0.07
5.588,0.06,-0.05,-0.03,0.08
5.598,0.07,-0.05,-0.03,0.09
5.608,0.07,-0.01,-0.03,0.08
5.618,0.06,0.02,-0.02,0.06
5.628,0.06,0.02,-0.01,0.06
5.638,0.06,0.02,0.01,0.06
5.648,0.05,-0.00,0.03,0.06
5.658,0.05,-0.02,0.03,0.06
5.668,0.03,-0.03,0.03,0.05
5.678,0.03,-0.01,0.02,0.04
5.688,0.05,0.02,0.02,0.06
5.698,0.04,0.03,0.02,0.05
5.708,0.04,0.03,0.02,0.05
5.718,0.03,0.01,0.01,0.03
5.728,0.03,-0.03,0.02,0.05
5.738,0.03,-0.05,0.02,0.06
5.748,0.03,-0.04,0.02,0.06
5.758,0.01,-0.02,0.02,0.03
5.768,-0.00,0.00,0.04,0.04
5.778,0.00,0.03,0.04,0.05
5.788,0.01,0.03,0.05,0.06
5.798,-0.01,0.01,0.06,0.06
5.808,-0.00,0.02,0.08,0.08
5.818,0.00,0.02,0.07,0.08
5.828,0.01,0.04,0.07,0.08
5.838,0.03,0.05,0.07,0.09
5.848,0.04,0.05,0.07,0.10
5.858,0.07,0.03,0.06,0.10
5.868,0.09,0.03,0.06,0.11
5.878,0.11,0.03,0.04,0.12
5.887,0.13,0.02,0.01,0.13
5.898,0.13,0.02,0.00,0.13
5.908,0.13,-0.00,-0.02,0.13
5.918,0.12,-0.03,-0.03,0.13
5.928,0.09,-0.06,-0.04,0.12
5.937,0.06,-0.08,-0.04,0.11
5.947,0.04,-0.07,-0.05,0.09
5.957,0.03,-0.04,-0.05,0.07
5.967,0.02,-0.00,-0.05,0.05
5.977,0.01,0.01,-0.04,0.04
5.987,0.01,-0.00,-0.02,0.03
5.997,0.02,0.00,-0.00,0.02
6.007,0.02,0.02,0.01,0.03
6.017,0.02,0.04,0.02,0.05
6.027,0.04,0.03,0.03,0.06
6.037,0.05,0.02,0.06,0.07
6.047,0.04,0.01,0.09,0.10
6.057,0.04,0.01,0.09,0.10
6.067,0.02,0.01,0.10,0.10
6.077,0.02,0.01,0.10,0.10
6.087,0.02,0.01,0.11,0.11
6.097,0.01,0.02,0.10,0.10
6.107,0.03,-0.00,0.08,0.08
6.117,0.02,-0.00,0.06,0.06
6.127,0.04,-0.00,0.07,0.08
6.137,0.04,0.01,0.03,0.05
6.147,0.05,0.01,0.00,0.05
6.157,0.05,0.01,0.00,0.05
6.167,0.06,-0.00,-0.00,0.06
6.177,0.04,0.00,-0.00,0.04
6.187,0.05,-0.01,-0.01,0.05
6.197,0.04,-0.02,-0.01,0.05
6.207,0.03,-0.02,0.01,0.04
6.217,0.03,-0.01,0.01,0.03
6.227,0.03,-0.01,0.04,0.05
6.237,0.03,-0.01,0.05,0.06
6.247,0.05,0.01,0.05,0.08
6.257,0.07,0.00,0.06,0.09
6.267,0.07,-0.00,0.07,0.10
6.277,0.07,-0.01,0.07,0.10
6.287,0.07,0.01,0.07,0.10
6.297,0.06,0.01,0.08,0.10
6.307,0.04,0.01,0.06,0.08
6.317,0.01,0.01,0.06,0.07
6.327,0.01,0.01,0.07,0.07
6.337,-0.01,0.02,0.07,0.07
6.347,-0.03,0.03,0.06,0.07
6.357,-0.03,0.03,0.05,0.06
6.366,-0.00,0.01,0.06,0.06
6.377,0.02,-0.01,0.03,0.03
6.386,0.04,-0.02,0.01,0.05
6.397,0.07,-0.01,-0.01,0.07
6.406,0.08,-0.00,-0.02,0.08
6.416,0.08,0.01,-0.04,0.09
6.426,0.10,0.01,-0.05,0.12
6.436,0.11,-0.01,-0.03,0.12
6.446,0.11,-0.05,-0.02,0.12
6.456,0.09,-0.06,0.01,0.11
6.466,0.09,-0.04,0.02,0.10
6.476,0.08,-0.02,0.03,0.09
6.486,0.06,0.01,0.02,0.06
6.496,0.03,0.03,0.05,0.06
6.506,0.02,0.02,0.05,0.06
6.516,0.02,0.02,0.07,0.08
6.526,-0.01,0.02,0.08,0.08
6.536,-0.01,0.03,0.08,0.09
6.546,-0.01,0.02,0.08,0.08
6.556,0.02,0.00,0.08,0.08
6.566,0.03,0.02,0.10,0.10
6.576,0.04,0.01,0.06,0.08
6.586,0.08,0.02,0.05,0.10
6.596,0.08,0.02,0.02,0.09
6.606,0.09,0.01,0.00,0.09
6.616,0.08,-0.01,0.00,0.08
6.626,0.08,-0.01,0.01,0.08
6.636,0.06,-0.03,0.01,0.07
6.646,0.02,-0.04,0.01,0.05
6.656,-0.01,-0.03,0.01,0.03
6.666,-0.02,-0.00,0.01,0.02
6.676,-0.03,0.01,0.01,0.03
6.686,-0.01,0.00,0.01,0.02
6.696,-0.00,-0.00,0.00,0.01
6.706,0.04,0.02,-0.01,0.04
6.716,0.08,0.02,-0.01,0.09
6.726,0.11,0.01,-0.03,0.12
6.736,0.11,-0.00,-0.00,0.11
6.746,0.11,-0.02,0.00,0.11
6.756,0.10,-0.03,0.01,0.11
6.766,0.07,-0.02,0.02,0.08
6.776,0.04,-0.00,0.04,0.06
6.786,0.01,0.00,0.03,0.04
6.796,-0.02,0.02,0.05,0.06
6.806,-0.03,0.04,0.07,0.09
6.815,-0.01,0.06,0.08,0.10
6.826,-0.00,0.04,0.07,0.08
6.836,-0.00,-0.00,0.07,0.07
6.846,0.02,-0.01,0.07,0.07
6.856,0.03,0.01,0.04,0.05
6.865,0.04,0.00,0.05,0.06
6.875,0.05,0.01,0.04,0.07
6.885,0.06,-0.00,0.02,0.07
6.895,0.05,-0.02,0.02,0.05
6.905,0.04,-0.02,-0.00,0.04
6.915,0.05,-0.02,-0.02,0.05
6.925,0.05,0.00,-0.02,0.06
6.935,0.05,-0.01,-0.03,0.06
6.945,0.06,-0.01,-0.02,0.07
6.955,0.08,-0.01,-0.01,0.08
6.965,0.09,-0.00,-0.01,0.09
6.975,0.09,0.01,0.00,0.09
6.985,0.08,0.01,-0.00,0.08
6.995,0.09,0.02,0.01,0.09
7.005,0.09,0.03,0.02,0.10
7.015,0.07,0.02,0.03,0.08
7.025,0.06,0.02,0.03,0.07
7.035,0.05,0.01,0.04,0.06
7.045,0.04,-0.00,0.03,0.05
7.055,0.04,0.01,0.02,0.04
7.065,0.03,-0.02,0.02,0.04
7.075,0.03,-0.02,0.00,0.03
7.085,0.03,-0.02,-0.01,0.04
7.095,0.03,-0.01,-0.03,0.04
7.105,0.04,0.00,-0.04,0.05
7.115,0.02,0.01,-0.04,0.05
7.125,0.00,0.02,-0.03,0.03
7.135,0.00,0.03,0.01,0.03
7.145,-0.01,0.01,0.03,0.03
7.155,-0.01,-0.01,0.04,0.04
7.165,-0.02,-0.03,0.04,0.05
7.175,-0.01,-0.02,0.06,0.06
7.185,-0.04,-0.01,0.04,0.06
7.195,-0.03,0.02,0.04,0.06
7.205,-0.03,0.01,0.06,0.07
7.215,-0.01,-0.01,0.06,0.06
7.225,0.01,-0.01,0.04,0.04
7.235,-0.00,0.01,0.03,0.03
7.245,0.00,0.02,0.01,0.03
7.255,-0.00,0.02,0.01,0.02
7.265,0.04,0.02,0.02,0.04
7.275,0.06,0.00,0.01,0.06
7.285,0.07,-0.01,0.01,0.08
7.295,0.10,0.02,-0.00,0.10
7.305,0.11,0.02,-0.01,0.11
7.315,0.12,0.01,-0.01,0.12
7.325,0.12,0.00,-0.01,0.12
7.335,0.10,-0.01,-0.01,0.10
7.344,0.07,-0.03,0.00,0.08
7.354,0.04,-0.03,0.01,0.06
7.364,0.03,-0.02,0.00,0.03
7.374,-0.01,0.01,0.01,0.02
7.384,-0.05,0.01,0.00,0.05
7.394,-0.06,-0.00,0.02,0.06
7.404,-0.05,-0.01,0.02,0.06
7.414,-0.04,-0.00,0.01,0.04
7.424,0.01,0.00,0.01,0.01
7.434,0.02,0.01,0.02,0.03
7.444,0.02,0.02,0.01,0.03
7.454,0.06,0.01,0.02,0.06
7.464,0.06,0.02,0.00,0.06
7.474,0.03,-0.00,0.02,0.04
7.484,0.02,0.00,0.03,0.03
7.494,-0.00,0.00,0.05,0.05
7.504,-0.00,-0.02,0.04,0.04
7.514,-0.01,-0.03,0.02,0.04
7.524,-0.02,-0.03,0.02,0.04
7.534,0.01,-0.02,0.01,0.03
7.544,0.03,-0.01,0.01,0.03
7.554,0.03,0.00,0.00,0.03
7.564,0.03,-0.01,-0.01,0.04
7.574,0.04,0.01,-0.00,0.04
7.584,0.03,0.00,0.01,0.03
7.594,0.03,-0.00,0.01,0.03
7.604,0.01,0.00,0.02,0.03
7.614,0.00,0.00,0.04,0.04
7.624,-0.00,-0.01,0.05,0.05
7.634,-0.01,-0.01,0.05,0.05
7.644,-0.02,-0.01,0.05,0.06
7.654,-0.02,0.00,0.06,0.06
7.664,0.00,0.01,0.05,0.05
7.674,0.01,0.03,0.04,0.05
7.684,0.02,0.02,0.04,0.04
7.694,0.01,0.02,0.03,0.03
7.704,0.03,0.00,0.02,0.04
7.714,0.05,0.02,0.01,0.06
7.724,0.06,0.00,-0.01,0.06
7.734,0.06,-0.00,-0.01,0.06
7.744,0.07,-0.02,-0.01,0.07
7.754,0.06,-0.01,-0.00,0.07
7.764,0.08,-0.02,0.00,0.08
7.774,0.06,-0.02,-0.01,0.06
7.784,0.06,-0.04,0.01,0.08
7.794,0.06,-0.03,0.00,0.07
7.803,0.05,-0.01,-0.01,0.06
7.813,0.05,0.02,0.00,0.06
7.823,0.04,0.02,-0.01,0.05
7.833,0.04,0.01,-0.02,0.05
7.843,0.05,-0.02,0.00,0.05
7.853,0.04,-0.05,-0.00,0.06
7.863,0.03,-0.05,0.00,0.06
7.873,0.02,-0.02,0.00,0.03
7.883,-0.00,-0.00,0.01,0.01
7.893,-0.02,0.03,0.01,0.03
7.903,-0.02,0.02,0.03,0.04
7.913,-0.01,0.02,0.04,0.05
7.923,-0.02,0.01,0.05,0.05
7.933,-0.02,0.02,0.04,0.05
7.943,-0.03,0.02,0.07,0.07
7.953,-0.01,0.03,0.07,0.07
7.963,0.03,0.02,0.07,0.08
7.973,0.06,0.04,0.07,0.09
7.983,0.08,0.03,0.05,0.10
7.993,0.13,0.03,0.03,0.13
8.003,0.16,0.00,0.02,0.17
8.013,0.16,-0.01,0.00,0.16
8.023,0.15,-0.03,0.02,0.16
8.033,0.16,-0.05,0.00,0.17
8.043,0.12,-0.07,0.02,0.14
8.053,0.08,-0.05,-0.01,0.09
8.063,0.04,-0.03,-0.01,0.05
8.073,0.01,0.01,-0.01,0.02
8.083,-0.02,0.00,0.00,0.02
8.093,-0.02,-0.00,0.01,0.02
8.103,-0.03,0.01,0.01,0.03
8.113,-0.01,0.02,0.03,0.03
8.123,0.01,0.04,0.03,0.05
8.133,0.03,0.04,0.02,0.06
8.143,0.05,0.02,0.03,0.06
8.153,0.07,0.00,0.05,0.09
8.163,0.05,-0.02,0.07,0.09
8.173,0.04,-0.00,0.08,0.09
8.183,0.01,-0.01,0.10,0.10
8.193,-0.00,-0.00,0.11,0.11
8.203,-0.01,-0.00,0.11,0.11
8.213,-0.03,0.00,0.09,0.10
8.223,-0.01,-0.01,0.08,0.08
8.233,0.01,-0.01,0.06,0.07
8.243,0.04,-0.01,0.03,0.05
8.253,0.07,-0.01,0.01,0.07
8.262,0.08,-0.00,-0.01,0.08
8.273,0.08,0.01,-0.02,0.08
8.282,0.08,0.01,-0.02,0.09
8.292,0.06,0.01,-0.02,0.07
8.302,0.05,0.00,-0.01,0.05
8.313,0.04,-0.00,0.02,0.04
8.322,0.02,-0.01,0.01,0.03
8.332,0.03,-0.01,0.03,0.04
8.342,0.04,-0.01,0.03,0.05
8.352,0.05,-0.01,0.03,0.06
8.362,0.08,-0.00,0.02,0.08
8.372,0.09,-0.02,0.04,0.10
8.382,0.10,-0.01,0.04,0.11
8.392,0.10,-0.02,0.04,0.11
8.402,0.08,-0.02,0.04,0.10
8.412,0.09,-0.01,0.06,0.10
8.422,0.06,0.01,0.03,0.07
8.432,0.05,0.01,0.05,0.07
8.442,0.04,0.02,0.04,0.06
8.452,0.02,0.03,0.03,0.04
8.462,0.01,0.02,0.02,0.03
8.472,0.00,0.01,0.02,0.02
8.482,0.00,-0.01,0.04,0.04
8.492,0.01,-0.01,0.04,0.04
8.502,0.01,-0.00,0.04,0.04
8.512,-0.00,0.03,0.04,0.05
8.522,0.00,0.02,0.04,0.04
8.532,0.01,0.03,0.02,0.04
8.542,0.04,0.02,0.02,0.05
8.552,0.07,-0.00,0.01,0.07
8.562,0.08,-0.04,-0.01,0.09
8.572,0.09,-0.05,-0.03,0.10
8.582,0.07,-0.03,-0.05,0.09
8.592,0.08,-0.02,-0.06,0.10
8.602,0.05,-0.00,-0.05,0.07
8.612,0.02,0.01,-0.06,0.07
8.622,0.01,-0.01,-0.04,0.04
8.632,-0.01,-0.02,-0.03,0.04
8.642,-0.01,-0.01,-0.03,0.03
8.652,-0.02,0.00,-0.02,0.03
8.662,-0.02,-0.01,0.00,0.02
8.672,0.01,0.01,0.02,0.02
8.682,0.04,0.02,0.03,0.05
8.692,0.05,0.03,0.04,0.07
8.702,0.06,0.04,0.06,0.09
8.712,0.08,0.04,0.07,0.11
8.722,0.06,0.03,0.08,0.11
8.732,0.05,0.01,0.07,0.09
8.741,0.05,-0.02,0.07,0.09
8.752,0.03,-0.03,0.07,0.08
8.761,0.01,-0.02,0.04,0.05
8.772,-0.00,-0.01,0.02,0.02
8.781,-0.03,-0.00,-0.00,0.03
8.791,-0.04,0.01,-0.02,0.05
8.801,-0.05,0.00,-0.06,0.07
8.811,-0.04,-0.01,-0.08,0.08
8.821,-0.02,-0.01,-0.08,0.09
8.831,0.01,-0.00,-0.08,0.08
8.841,0.02,-0.01,-0.07,0.07
8.851,0.04,-0.03,-0.05,0.07
8.861,0.05,-0.01,-0.03,0.06
8.871,0.05,0.00,0.01,0.05
8.881,0.03,0.01,0.01,0.03
8.891,0.01,0.01,0.03,0.03
8.901,0.01,0.00,0.06,0.06
8.911,0.01,-0.01,0.06,0.06
8.921,0.00,0.01,0.08,0.08
8.931,0.00,-0.00,0.07,0.07
8.941,0.01,0.00,0.05,0.05
8.951,0.01,0.01,0.04,0.04
8.961,0.00,0.01,0.01,0.01
8.971,0.01,0.00,-0.01,0.01
8.981,0.02,-0.01,-0.04,0.04
8.991,0.01,-0.01,-0.03,0.03
9.001,-0.02,-0.02,-0.03,0.04
9.011,-0.04,-0.02,-0.02,0.05
9.021,-0.04,0.00,-0.00,0.04
9.031,-0.05,-0.02,0.01,0.05
9.041,-0.05,-0.01,0.00,0.05
9.051,-0.05,-0.00,0.03,0.06
9.061,-0.02,0.01,0.03,0.04
9.071,-0.01,0.01,0.05,0.05
9.081,-0.01,-0.01,0.05,0.06
9.091,0.01,0.00,0.06,0.06
9.101,0.02,-0.00,0.05,0.05
9.111,0.03,-0.01,0.05,0.05
9.121,0.02,-0.00,0.05,0.05
9.131,0.01,0.00,0.03,0.04
9.141,0.01,0.02,0.02,0.03
9.151,0.02,0.01,0.02,0.03
9.161,0.03,0.01,0.02,0.04
9.171,0.03,-0.00,0.01,0.03
9.181,0.01,-0.03,0.01,0.03
9.191,0.01,-0.04,0.01,0.05
9.200,0.02,-0.02,-0.00,0.03
9.211,0.02,-0.00,-0.01,0.02
9.221,0.00,0.02,-0.00,0.03
9.231,0.01,0.02,-0.00,0.02
9.240,0.02,0.01,0.01,0.03
9.250,0.01,-0.02,0.03,0.03
9.260,0.02,-0.05,0.03,0.07
9.270,0.01,-0.05,0.02,0.06
9.280,0.01,-0.02,0.01,0.03
9.290,-0.00,0.01,0.02,0.02
9.300,0.01,0.02,0.03,0.03
9.310,0.00,0.02,0.03,0.04
9.320,0.00,0.01,0.04,0.04
9.330,0.01,-0.01,0.04,0.04
9.340,-0.01,0.01,0.02,0.03
9.350,0.00,0.02,0.02,0.03
9.360,0.01,0.02,0.01,0.02
9.370,0.02,0.03,0.02,0.04
9.380,0.06,0.02,0.02,0.07
9.390,0.09,0.02,0.00,0.09
9.400,0.10,-0.00,-0.01,0.10
9.410,0.09,-0.02,-0.02,0.10
9.420,0.10,-0.05,-0.01,0.11
9.430,0.09,-0.06,-0.02,0.11
9.440,0.08,-0.07,-0.01,0.10
9.450,0.05,-0.06,0.01,0.08
9.460,0.02,-0.03,0.00,0.04
9.470,-0.00,-0.01,0.00,0.01
9.480,-0.05,0.01,0.00,0.05
9.490,-0.07,0.04,0.02,0.08
9.500,-0.09,0.05,0.04,0.11
9.510,-0.09,0.04,0.04,0.11
9.520,-0.07,0.03,0.05,0.09
9.530,-0.05,0.02,0.07,0.08
9.540,-0.02,0.01,0.07,0.08
9.550,-0.00,0.01,0.07,0.07
9.560,0.01,0.01,0.08,0.08
9.570,0.03,-0.00,0.07,0.07
9.580,0.04,0.00,0.06,0.08
9.590,0.05,-0.00,0.04,0.07
9.600,0.07,-0.02,0.03,0.08
9.610,0.06,-0.03,0.01,0.07
9.620,0.08,-0.02,-0.01,0.09
9.630,0.10,-0.02,-0.03,0.10
9.640,0.10,-0.03,-0.05,0.11
9.650,0.09,-0.02,-0.05,0.11
9.659,0.09,0.00,-0.05,0.10
9.670,0.06,-0.00,-0.04,0.07
9.680,0.06,0.01,-0.03,0.07
9.690,0.04,-0.01,0.00,0.04
9.699,0.01,0.00,0.02,0.03
9.709,-0.00,0.02,0.06,0.06
9.719,-0.00,0.02,0.06,0.06
9.729,0.00,0.04,0.08,0.08
9.739,0.01,0.03,0.08,0.08
9.749,0.02,0.03,0.08,0.09
9.759,0.03,0.03,0.09,0.10
9.769,0.03,-0.00,0.08,0.09
9.779,0.04,0.02,0.08,0.09
9.789,0.06,0.00,0.08,0.09
9.799,0.03,0.01,0.05,0.06
9.809,0.03,0.01,0.02,0.04
9.819,0.03,-0.01,0.01,0.03
9.829,0.03,0.01,-0.01,0.04
9.839,0.00,-0.00,-0.02,0.02
9.849,0.02,-0.01,-0.04,0.05
9.859,0.02,-0.01,-0.04,0.05
9.869,0.03,-0.02,-0.04,0.05
9.879,0.03,-0.03,-0.03,0.05
9.889,0.03,-0.02,-0.04,0.05
9.899,0.03,-0.04,-0.04,0.06
9.909,0.02,-0.04,-0.03,0.05
9.919,0.01,-0.02,-0.01,0.03
9.929,0.02,0.01,-0.03,0.03
9.939,0.00,0.03,-0.01,0.03
9.949,-0.01,0.03,-0.00,0.03
9.959,-0.00,0.02,0.00,0.02
9.969,0.00,-0.02,0.02,0.03
9.979,0.00,-0.05,0.03,0.05
9.989,-0.01,-0.04,0.03,0.06
9.999,0.00,-0.00,0.03,0.03
10.009,-0.01,0.02,0.02,0.03
10.019,-0.00,0.03,0.04,0.04
10.029,0.00,0.01,0.06,0.06
10.039,0.01,0.00,0.05,0.05
10.049,0.00,0.03,0.03,0.04
10.059,0.00,0.03,0.03,0.04
10.069,-0.01,0.03,0.02,0.04
10.079,-0.01,0.02,0.03,0.04
10.089,-0.02,-0.00,0.02,0.03
10.099,-0.00,-0.01,0.03,0.04
10.109,-0.02,0.00,0.03,0.04
10.119,-0.03,0.00,0.00,0.03
10.129,-0.01,-0.01,-0.02,0.02
10.138,0.03,-0.04,-0.05,0.07
10.148,0.08,-0.04,-0.09,0.13
10.158,0.15,-0.05,-0.10,0.18
10.168,0.21,-0.04,-0.10,0.24
10.178,0.24,-0.00,-0.09,0.26
10.188,0.23,0.02,-0.05,0.23
10.198,0.15,0.01,-0.01,0.15
10.208,0.03,0.02,0.02,0.04
10.218,-0.08,0.03,0.04,0.09
10.228,-0.17,0.03,0.06,0.19
10.238,-0.21,0.06,0.08,0.23
10.248,-0.20,0.04,0.09,0.22
10.258,-0.15,0.02,0.09,0.17
10.268,-0.07,-0.02,0.05,0.09
10.278,-0.00,-0.02,-0.03,0.04
10.288,0.04,-0.03,-0.07,0.09
10.298,0.12,-0.02,-0.09,0.15
10.308,0.14,-0.02,-0.06,0.15
10.318,0.12,-0.01,-0.01,0.13
10.328,0.11,-0.03,0.03,0.12
10.338,0.06,-0.02,0.03,0.07
10.348,0.02,-0.02,0.03,0.04
10.358,-0.01,-0.01,0.02,0.03
10.368,-0.02,-0.01,0.03,0.04
10.378,-0.02,-0.00,0.01,0.02
10.388,0.01,0.01,0.02,0.02
10.398,0.00,0.02,0.03,0.04
10.408,0.01,0.02,0.02,0.03
10.418,-0.02,0.01,0.01,0.02
10.428,-0.04,0.01,-0.00,0.04
10.438,-0.07,0.00,-0.01,0.07
10.448,-0.09,-0.01,-0.00,0.09
10.458,-0.09,0.01,-0.00,0.09
10.468,-0.06,-0.00,0.01,0.06
10.478,-0.03,-0.01,0.03,0.04
10.488,0.01,-0.01,0.03,0.03
10.498,0.06,-0.01,0.03,0.07
10.508,0.10,-0.01,0.05,0.11
10.518,0.14,0.00,0.05,0.15
10.528,0.15,-0.00,0.05,0.15
10.538,0.15,0.01,0.05,0.16
10.548,0.13,0.01,0.05,0.14
10.558,0.09,0.01,0.06,0.11
10.568,0.06,0.01,0.02,0.06
10.578,0.02,0.01,0.01,0.02
10.588,0.00,-0.00,-0.01,0.01
10.597,-0.03,0.00,-0.01,0.03
10.608,-0.02,-0.00,-0.03,0.04
10.617,-0.02,-0.02,-0.03,0.05
10.627,-0.03,-0.04,-0.02,0.05
10.638,-0.02,-0.02,-0.02,0.04
10.648,-0.01,0.01,-0.02,0.02
10.657,-0.01,0.03,-0.01,0.03
10.667,0.00,0.02,-0.01,0.03
10.677,0.02,0.01,-0.00,0.03
10.687,0.04,-0.02,0.01,0.05
10.697,0.06,-0.04,0.01,0.07
10.707,0.06,-0.04,0.02,0.07
10.717,0.07,-0.03,0.02,0.08
10.727,0.08,0.01,0.00,0.08
10.737,0.07,0.02,-0.01,0.07
10.747,0.06,0.01,0.01,0.06
10.757,0.06,-0.01,0.02,0.06
10.767,0.04,-0.00,0.03,0.05
10.777,0.02,0.00,0.03,0.04
10.787,-0.02,0.03,0.05,0.06
10.797,-0.01,0.05,0.06,0.07
10.807,0.01,0.04,0.06,0.08
10.817,-0.00,0.02,0.05,0.06
10.827,0.02,0.00,0.04,0.04
10.837,0.02,-0.02,0.04,0.05
10.847,0.05,-0.05,0.01,0.07
10.857,0.09,-0.06,0.01,0.11
10.867,0.09,-0.05,-0.02,0.10
10.877,0.08,-0.04,-0.06,0.10
10.887,0.08,-0.02,-0.05,0.10
10.897,0.05,-0.02,-0.06,0.08
10.907,0.02,-0.00,-0.06,0.06
10.917,0.00,0.01,-0.03,0.04
10.927,-0.02,0.01,-0.00,0.02
10.937,-0.03,0.01,0.01,0.03
10.947,-0.04,-0.00,0.04,0.06
10.957,-0.03,0.01,0.04,0.05
10.967,-0.02,0.03,0.06,0.07
10.977,-0.03,0.03,0.08,0.09
10.987,-0.01,0.03,0.08,0.09
10.997,-0.00,0.03,0.10,0.11
11.007,-0.01,0.01,0.12,0.12
11.017,-0.01,-0.00,0.10,0.10
11.027,-0.01,-0.01,0.10,0.10
11.037,-0.01,0.00,0.08,0.09
11.047,0.00,0.00,0.07,0.07
11.057,0.04,0.01,0.03,0.05
11.067,0.05,0.00,0.02,0.06
11.076,0.08,-0.00,-0.01,0.08
11.086,0.08,-0.02,-0.02,0.08
11.096,0.09,-0.02,-0.03,0.09
11.106,0.08,-0.01,-0.05,0.09
11.116,0.05,-0.01,-0.03,0.06
11.126,0.04,-0.02,-0.02,0.05
11.136,0.04,-0.02,-0.02,0.05
11.147,0.03,-0.01,-0.01,0.03
11.156,0.02,0.00,-0.00,0.02
11.167,0.02,0.02,0.01,0.03
11.176,0.02,0.01,0.00,0.02
11.186,0.02,-0.00,0.01,0.02
11.196,0.02,0.00,0.02,0.03
11.206,0.03,-0.01,0.03,0.05
11.216,0.02,-0.02,0.04,0.05
11.226,0.02,-0.01,0.04,0.05
11.236,0.01,-0.01,0.05,0.05
11.246,0.01,0.00,0.05,0.05
11.256,0.00,0.03,0.03,0.04
11.266,-0.01,0.04,0.04,0.06
11.276,-0.00,0.04,0.03,0.05
11.286,-0.01,0.02,0.02,0.03
11.296,-0.02,0.01,0.00,0.02
11.306,-0.01,0.00,-0.01,0.02
11.316,-0.01,0.02,0.00,0.02
11.326,-0.00,0.02,-0.00,0.02
11.336,0.00,-0.00,-0.00,0.00
11.346,0.01,-0.02,0.01,0.02
11.356,0.03,-0.03,-0.00,0.04
11.366,0.03,-0.03,-0.02,0.05
11.376,0.06,-0.02,-0.03,0.07
11.386,0.06,-0.00,-0.04,0.07
11.396,0.06,-0.00,-0.08,0.10
11.406,0.05,-0.00,-0.06,0.08
11.416,0.05,-0.02,-0.05,0.07
11.426,0.02,-0.04,-0.05,0.07
11.436,-0.02,-0.05,-0.04,0.07
11.446,-0.05,-0.04,-0.03,0.07
11.456,-0.07,-0.01,-0.04,0.08
11.466,-0.08,0.02,-0.02,0.09
11.476,-0.09,0.02,-0.01,0.09
11.486,-0.07,0.00,0.04,0.08
11.496,-0.04,-0.01,0.04,0.06
11.506,-0.02,0.02,0.04,0.05
11.516,-0.01,0.04,0.04,0.06
11.525,0.01,0.04,0.05,0.06
11.536,0.03,0.03,0.04,0.06
11.546,0.04,0.01,0.05,0.06
11.556,0.04,-0.01,0.03,0.05
11.566,0.04,-0.01,0.01,0.04
11.575,0.03,-0.01,0.00,0.03
11.585,0.04,-0.01,-0.02,0.05
11.596,0.04,-0.01,-0.04,0.06
11.605,0.02,-0.02,-0.05,0.06
11.615,0.01,-0.03,-0.04,0.05
11.625,0.00,-0.02,-0.05,0.05
11.635,-0.02,-0.02,-0.02,0.04
11.645,-0.02,-0.00,-0.01,0.02
11.655,-0.03,-0.00,0.01,0.03
11.665,-0.04,-0.00,0.02,0.04
11.675,-0.04,0.00,0.06,0.07
11.685,-0.01,0.00,0.05,0.05
11.695,0.01,0.01,0.05,0.05
11.705,0.03,0.00,0.05,0.06
11.715,0.03,0.02,0.05,0.06
11.725,0.03,0.01,0.05,0.06
11.735,0.02,0.00,0.03,0.03
11.745,0.00,-0.00,0.02,0.02
11.755,-0.02,0.00,0.01,0.02
11.765,-0.01,-0.01,-0.01,0.02
11.775,-0.02,-0.02,-0.00,0.02
11.785,-0.01,-0.00,-0.01,0.01
11.795,-0.02,0.01,-0.00,0.02
11.805,-0.01,0.01,-0.03,0.03
11.815,0.00,0.00,-0.03,0.03
11.825,0.03,-0.00,-0.02,0.04
11.835,0.02,-0.01,-0.01,0.03
11.845,0.01,-0.01,-0.00,0.01
11.855,0.01,0.00,0.02,0.02
11.865,0.03,0.02,0.03,0.05
11.875,0.03,0.01,0.00,0.03
11.885,0.03,0.01,0.02,0.04
11.895,0.04,0.00,0.01,0.04
11.905,0.03,-0.01,-0.01,0.03
11.915,0.04,-0.01,-0.03,0.05
11.925,0.02,-0.00,-0.02,0.03
11.935,0.02,-0.00,-0.03,0.04
11.945,0.02,-0.01,-0.04,0.04
11.955,0.02,-0.02,-0.05,0.05
11.965,0.01,-0.02,-0.04,0.05
11.975,0.01,-0.01,-0.04,0.05
11.985,0.01,-0.01,-0.04,0.04
11.995,0.03,-0.01,-0.04,0.06
12.005,0.05,-0.00,-0.04,0.07
12.014,0.05,-0.01,-0.03,0.05
12.025,0.04,-0.00,-0.01,0.04
12.034,0.06,0.00,-0.02,0.06
12.045,0.06,0.00,-0.02,0.06
12.055,0.05,0.00,-0.01,0.05
12.065,0.04,-0.01,-0.01,0.04
12.074,0.03,-0.00,-0.01,0.04
12.084,0.04,-0.02,-0.02,0.05
12.094,0.04,-0.04,-0.00,0.06
12.104,0.04,-0.06,-0.02,0.08
12.114,0.04,-0.06,-0.02,0.08
12.124,0.05,-0.04,-0.03,0.07
12.134,0.05,-0.03,-0.04,0.08
12.144,0.04,0.00,-0.05,0.07
12.154,0.03,0.03,-0.05,0.07
12.164,0.03,0.02,-0.02,0.04
12.174,0.01,0.01,0.01,0.01
12.184,-0.03,-0.01,0.04,0.05
12.194,-0.07,-0.02,0.05,0.09
12.204,-0.12,0.01,0.06,0.14
12.214,-0.14,0.05,0.08,0.17
12.224,-0.15,0.07,0.12,0.21
12.234,-0.12,0.06,0.15,0.20
12.244,-0.09,0.05,0.16,0.19
12.254,-0.04,0.03,0.17,0.17
12.264,0.01,0.02,0.14,0.14
12.274,0.04,0.03,0.10,0.11
12.284,0.08,0.03,0.08,0.11
12.294,0.11,0.01,0.04,0.11
12.304,0.10,0.01,0.02,0.11
12.314,0.09,-0.00,0.01,0.10
12.324,0.08,-0.01,-0.01,0.08
12.334,0.06,-0.04,-0.04,0.08
12.344,0.05,-0.04,-0.04,0.08
12.354,0.03,-0.06,-0.06,0.09
12.364,0.04,-0.06,-0.07,0.10
12.374,0.03,-0.04,-0.05,0.07
12.384,0.01,-0.02,-0.03,0.04
12.394,-0.00,-0.00,-0.01,0.01
12.404,-0.01,0.01,-0.00,0.01
12.414,-0.01,0.01,0.02,0.03
12.424,0.00,0.01,0.05,0.05
12.434,0.02,0.01,0.06,0.07
12.444,0.02,0.01,0.06,0.06
12.454,0.01,0.02,0.06,0.07
12.464,0.02,0.00,0.07,0.07
12.473,0.01,-0.00,0.06,0.06
12.484,0.02,-0.01,0.02,0.03
12.493,0.02,-0.01,0.02,0.03
12.504,0.03,-0.01,-0.01,0.03
12.514,0.03,-0.00,-0.02,0.03
12.523,0.03,-0.00,-0.05,0.06
12.533,0.04,-0.01,-0.03,0.05
12.543,0.03,-0.01,-0.02,0.04
12.553,0.02,-0.00,-0.01,0.03
12.564,0.01,-0.01,-0.01,0.02
12.573,0.00,0.00,0.01,0.01
12.583,-0.01,-0.02,0.02,0.03
12.593,-0.01,-0.02,0.03,0.04
12.603,-0.01,-0.02,0.03,0.04
12.613,-0.01,-0.01,0.04,0.04
12.623,-0.02,0.00,0.05,0.06
12.633,-0.01,0.01,0.04,0.04
12.643,-0.01,0.03,0.04,0.05
12.653,0.01,0.03,0.02,0.04
12.663,0.01,0.03,0.02,0.04
12.673,0.01,0.02,0.01,0.02
12.683,0.02,-0.00,-0.00,0.02
12.693,0.01,-0.00,-0.01,0.02
12.703,0.03,-0.01,-0.01,0.03
12.713,0.01,-0.02,-0.00,0.02
12.723,-0.01,-0.02,-0.00,0.02
12.733,0.00,-0.01,-0.01,0.01
12.743,0.01,0.01,0.00,0.01
12.753,0.02,0.02,0.01,0.03
12.763,0.02,0.01,0.03,0.04
12.773,0.04,0.01,0.01,0.05
12.783,0.04,0.00,0.01,0.04
12.793,0.04,0.01,0.02,0.05
12.803,0.03,-0.00,0.03,0.04
12.813,0.03,0.03,0.04,0.05
12.823,0.02,0.01,0.04,0.04
12.833,0.02,0.00,0.05,0.06
12.843,0.01,0.02,0.04,0.05
12.853,-0.00,0.01,0.04,0.04
12.863,0.01,0.01,0.05,0.05
12.873,-0.01,-0.01,0.02,0.03
12.883,0.03,-0.02,0.01,0.03
12.893,0.03,-0.04,0.00,0.05
12.903,0.02,-0.03,0.00,0.04
12.913,0.01,-0.03,0.01,0.03
12.923,0.01,-0.02,0.01,0.03
12.933,-0.01,0.00,0.02,0.02
12.942,-0.02,0.01,0.04,0.05
12.952,-0.04,-0.02,0.08,0.09
12.963,-0.08,-0.03,0.09,0.12
12.972,-0.09,-0.04,0.11,0.15
12.983,-0.12,-0.04,0.12,0.18
12.992,-0.15,-0.04,0.14,0.21
13.003,-0.20,-0.03,0.15,0.25
13.012,-0.22,-0.04,0.18,0.29
13.022,-0.26,-0.04,0.18,0.32
13.032,-0.31,-0.02,0.18,0.36
13.042,-0.36,0.05,0.19,0.41
13.052,-0.39,0.13,0.19,0.45
13.062,-0.38,0.16,0.19,0.46
13.072,-0.37,0.17,0.18,0.44
13.082,-0.34,0.14,0.17,0.41
13.092,-0.29,0.12,0.13,0.34
13.102,-0.19,0.08,0.08,0.22
13.112,-0.07,0.04,0.05,0.10
13.122,0.05,0.01,0.04,0.06
13.132,0.17,0.02,0.02,0.17
13.142,0.29,0.03,-0.01,0.29
13.152,0.43,0.05,-0.04,0.43
13.162,0.52,0.07,-0.08,0.53
13.172,0.59,0.08,-0.13,0.61
13.182,0.64,0.04,-0.16,0.66
13.192,0.65,-0.03,-0.16,0.67
13.202,0.61,-0.12,-0.16,0.64
13.212,0.54,-0.13,-0.17,0.58
13.222,0.44,-0.09,-0.15,0.47
13.232,0.35,-0.01,-0.13,0.37
13.242,0.24,0.03,-0.12,0.27
13.252,0.18,0.02,-0.12,0.22
13.262,0.14,0.00,-0.15,0.21
13.272,0.15,-0.05,-0.23,0.28
13.282,0.17,-0.10,-0.31,0.37
13.292,0.23,-0.16,-0.37,0.47
13.302,0.27,-0.20,-0.35,0.48
13.312,0.29,-0.21,-0.30,0.47
13.322,0.29,-0.17,-0.21,0.40
13.332,0.21,-0.06,-0.07,0.23
13.342,0.10,0.08,0.11,0.17
13.351,0.00,0.22,0.21,0.31
13.362,-0.06,0.32,0.27,0.42
13.372,-0.07,0.36,0.24,0.44
13.382,-0.08,0.34,0.22,0.42
13.392,-0.07,0.28,0.19,0.35
13.402,-0.06,0.14,0.12,0.19
13.412,-0.05,-0.04,-0.07,0.10
13.422,0.01,-0.25,-0.38,0.46
13.432,0.10,-0.39,-0.71,0.81
13.442,0.18,-0.46,-0.90,1.03
13.451,0.24,-0.46,-1.01,1.13
13.462,0.29,-0.41,-1.11,1.22
13.471,0.28,-0.35,-1.21,1.29
13.481,0.28,-0.25,-1.30,1.35
13.491,0.30,-0.22,-1.32,1.38
13.501,0.32,-0.21,-1.31,1.36
13.511,0.33,-0.17,-1.27,1.33
13.521,0.32,-0.12,-1.26,1.30
13.531,0.26,-0.08,-1.26,1.29
13.541,0.23,-0.12,-1.27,1.29
13.551,0.23,-0.21,-1.28,1.32
13.561,0.29,-0.29,-1.31,1.37
13.571,0.40,-0.35,-1.28,1.39
13.581,0.51,-0.37,-1.26,1.41
13.591,0.62,-0.38,-1.28,1.48
13.601,0.74,-0.38,-1.40,1.63
13.611,0.85,-0.42,-1.62,1.87
13.621,1.02,-0.49,-1.97,2.27
13.631,1.20,-0.57,-2.41,2.75
13.641,1.36,-0.35,-2.88,3.21
13.651,1.40,-0.58,-2.78,3.17
13.661,1.23,-0.82,-2.50,2.90
13.671,1.21,-0.83,-2.33,2.76
13.681,1.44,-0.73,-2.23,2.76
13.691,1.43,-0.72,-1.72,2.35
13.701,1.24,-0.64,-1.14,1.80
13.711,0.98,-0.55,-0.81,1.39
13.721,0.74,-0.57,-0.77,1.21
13.731,0.59,-0.57,-0.95,1.25
13.741,0.46,-0.53,-1.22,1.41
13.751,0.43,-0.41,-1.61,1.71
13.761,0.56,-0.36,-2.22,2.31
13.771,0.78,-0.38,-3.01,3.13
13.781,1.12,-0.46,-3.84,4.03
13.791,1.32,-0.47,-4.34,4.57
13.801,1.24,-0.30,-4.19,4.38
13.811,0.80,0.01,-3.18,3.28
13.821,0.42,0.03,-1.29,1.36
13.831,0.07,0.10,0.17,0.21
13.841,-0.32,0.17,0.60,0.70
13.851,-0.84,0.17,0.30,0.90
13.861,-0.43,0.13,0.27,0.52
13.871,0.30,0.18,0.22,0.42
13.880,0.71,0.10,-0.08,0.72
13.891,1.07,0.03,-0.42,1.15
13.901,1.42,-0.11,-0.80,1.63
13.910,1.82,-0.31,-1.31,2.26
13.921,2.05,-0.46,-1.87,2.81
13.930,1.90,-0.38,-2.17,2.90
13.940,1.46,-0.12,-2.02,2.50
13.950,0.86,0.26,-1.53,1.78
13.960,0.33,0.62,-0.92,1.16
13.970,0.08,0.86,-0.32,0.92
13.980,-0.04,1.02,0.14,1.03
13.990,-0.11,0.98,0.31,1.04
14.000,-0.18,0.85,0.28,0.91
14.010,-0.17,0.76,0.16,0.79
14.020,-0.03,0.70,0.04,0.70
14.030,0.26,0.79,0.04,0.83
14.040,0.62,0.92,0.25,1.14
14.050,0.82,1.01,0.51,1.40
14.060,0.85,1.11,0.74,1.59
14.070,0.78,1.25,0.97,1.76
14.080,0.55,1.45,1.03,1.87
14.090,0.21,1.66,0.85,1.88
14.100,-0.19,1.83,0.40,1.88
14.110,-0.67,1.93,-0.09,2.05
14.120,-1.08,1.98,-0.47,2.31
14.130,-1.35,2.18,-0.78,2.68
14.140,-1.37,2.61,-1.12,3.16
14.150,-1.13,3.07,-1.46,3.58
14.160,-0.85,3.56,-1.89,4.12
14.170,-0.36,3.95,-2.15,4.51
14.180,-0.03,4.22,-2.07,4.70
14.190,0.03,4.28,-1.48,4.53
14.200,-0.19,4.18,0.13,4.18
14.210,-0.88,3.93,2.61,4.80
14.220,-1.80,3.80,5.13,6.63
14.230,-2.33,4.04,6.65,8.12
14.240,-2.07,4.38,6.90,8.43
14.250,-1.23,4.65,5.98,7.68
14.260,-0.53,4.87,3.19,5.85
14.270,0.33,4.10,-2.39,4.76
14.280,1.43,1.21,-1.88,2.65
14.290,0.35,-2.01,4.57,5.01
14.300,-1.55,-4.30,6.48,7.93
14.310,-2.32,-6.48,4.60,8.28
14.320,-2.06,-8.86,1.42,9.20
14.332,-1.14,-10.58,-0.72,10.66
14.340,-0.31,-10.29,1.27,10.37
14.350,0.73,-8.20,2.66,8.65
14.360,2.10,-5.82,1.44,6.35
14.369,2.75,-4.20,-0.49,5.04
14.380,2.88,-3.83,-1.52,5.03
14.389,3.00,-4.70,-1.63,5.81
14.400,3.06,-6.31,-1.29,7.13
14.409,3.23,-7.86,-1.60,8.65
14.419,4.13,-9.00,-2.78,10.29
14.430,5.37,-9.58,-5.76,12.40
14.439,6.08,-9.78,-9.69,15.05
14.449,5.54,-8.89,-11.95,15.89
14.459,5.26,-7.52,-12.17,15.24
14.469,5.81,-5.94,-11.21,13.95
14.479,5.73,-4.28,-10.27,12.51
14.489,6.10,-2.20,-10.24,12.12
14.499,5.93,-0.18,-9.91,11.54
14.509,5.40,1.90,-9.59,11.17
14.519,4.54,4.00,-9.04,10.88
14.529,3.38,5.99,-9.18,11.47
14.539,2.54,7.80,-10.25,13.13
14.549,2.24,8.95,-10.36,13.87
14.559,1.95,9.27,-8.47,12.71
14.569,1.41,9.39,-7.59,12.16
14.579,0.61,9.60,-8.04,12.54
14.589,-0.24,9.55,-7.34,12.04
14.599,-1.46,9.20,-6.10,11.14
14.609,-3.33,7.87,-5.50,10.16
14.619,-4.30,6.31,-4.55,8.89
14.629,-4.91,5.08,-2.78,7.60
14.639,-5.36,3.75,-1.05,6.63
14.649,-5.13,2.13,0.76,5.60
14.659,-3.82,0.36,2.51,4.58
14.669,-1.35,-1.73,2.98,3.70
14.679,1.28,-4.39,1.53,4.82
14.689,5.22,-8.12,-2.81,10.05
14.699,9.70,-12.99,-4.96,16.95
14.709,10.45,-17.62,-1.41,20.53
14.719,7.49,-22.48,0.04,23.70
14.729,3.95,-27.71,-2.25,28.08
14.739,2.70,-28.60,-5.46,29.25
14.749,4.22,-21.02,-4.93,22.00
14.759,4.30,-11.33,-1.96,12.28
14.769,3.13,-5.26,0.76,6.17
14.779,1.30,-1.67,3.12,3.77
14.789,-0.96,1.51,4.54,4.88
14.799,-2.88,4.11,6.02,7.84
14.808,-4.13,5.74,7.39,10.23
14.819,-4.72,6.59,8.85,12.00
14.829,-5.20,6.94,9.95,13.20
14.839,-5.63,7.01,10.07,13.50
14.849,-5.88,7.19,10.07,13.70
14.858,-6.14,7.33,9.64,13.57
14.868,-6.58,7.47,8.99,13.42
14.879,-6.82,7.69,9.13,13.75
14.888,-6.86,7.98,8.37,13.45
14.898,-6.99,8.28,7.26,13.04
14.908,-7.24,8.50,6.15,12.75
14.919,-7.22,8.80,5.07,12.46
14.928,-6.88,8.83,3.43,11.71
14.938,-6.48,8.46,1.84,10.81
14.948,-6.08,7.92,0.63,10.00
14.958,-5.77,7.43,0.07,9.41
14.968,-5.51,7.06,-0.88,9.00
14.978,-5.63,6.64,-3.25,9.30
14.988,-5.49,6.77,-2.51,9.07
14.998,-5.06,6.18,-1.57,8.14
15.008,-1.96,-1.40,0.22,2.42
15.018,-0.85,-11.77,2.97,12.17
15.029,-0.30,-19.23,8.48,21.02
15.038,2.93,-25.14,12.55,28.25
15.048,6.81,-27.35,15.61,32.22
15.058,10.79,-24.28,15.78,30.90
15.068,13.30,-20.35,11.74,27.00
15.078,13.75,-16.41,7.41,22.66
15.088,16.16,-10.58,-16.27,25.26
15.098,23.83,-0.35,-74.20,77.93
15.108,18.61,-0.92,-34.76,39.44
15.118,14.55,0.12,-3.30,14.92
15.128,11.91,3.34,1.42,12.45
15.138,8.66,6.22,2.44,10.94
15.148,5.62,7.67,2.21,9.76
15.158,3.48,7.60,1.01,8.42
15.168,1.70,6.91,1.17,7.21
15.178,0.14,7.13,0.59,7.16
15.188,-1.61,8.10,-2.00,8.50
15.198,-2.44,10.43,-13.01,16.85
15.208,-1.46,12.50,-25.27,28.23
15.218,-2.05,10.38,-8.70,13.70
15.228,-3.16,9.01,2.16,9.79
15.238,-3.36,8.74,3.65,10.05
15.248,-2.87,7.89,3.51,9.10
15.258,-2.34,6.87,2.96,7.84
15.268,0.36,5.51,1.37,5.69
15.278,4.47,2.66,-2.34,5.70
15.288,7.37,-0.91,-3.93,8.40
15.298,9.10,-4.15,-2.61,10.33
15.307,10.65,-7.41,-1.23,13.04
15.317,11.28,-11.08,0.60,15.83
15.328,10.37,-14.96,2.47,18.37
15.338,10.32,-18.72,2.49,21.52
15.348,11.41,-22.05,2.09,24.91
15.358,12.67,-22.10,1.87,25.54
15.367,11.15,-17.58,2.79,21.00
15.377,6.56,-11.58,2.95,13.64
15.387,1.26,-7.32,3.49,8.21
15.397,-2.04,-4.29,4.14,6.31
15.407,-3.58,-1.83,4.81,6.26
15.417,-4.13,0.41,5.35,6.77
15.427,-4.64,2.36,6.38,8.24
15.437,-5.72,4.06,7.57,10.32
15.447,-6.84,5.11,8.64,12.15
15.457,-7.43,5.94,9.67,13.56
15.467,-7.25,6.64,10.64,14.49
15.477,-6.98,7.05,10.69,14.58
15.487,-6.99,6.98,10.63,14.51
15.497,-6.96,6.80,11.15,14.80
15.507,-6.82,6.92,10.87,14.57
15.517,-6.46,7.18,9.87,13.81
15.527,-6.20,7.75,8.15,12.85
15.537,-5.70,8.65,6.37,12.16
15.547,-5.27,9.59,4.97,12.02
15.557,-5.72,9.89,4.14,12.15
15.567,-7.32,7.36,-12.42,16.19
15.577,-6.37,0.97,-39.91,40.43
15.587,-4.45,3.39,-1.13,5.71
15.597,-3.63,5.43,11.84,13.52
15.607,-3.10,5.39,11.39,12.97
15.617,-3.85,3.33,16.66,17.42
15.627,-4.65,-7.96,20.31,22.31
15.637,-4.62,-30.05,16.26,34.48
15.647,-3.10,-40.01,14.45,42.66
15.657,-0.77,-39.87,11.27,41.44
15.667,2.66,-32.10,6.29,32.82
15.677,3.46,-20.71,0.94,21.02
15.687,4.02,-10.17,-5.47,12.23
15.697,4.25,-2.55,-12.20,13.17
15.707,4.71,1.34,-12.37,13.30
15.717,4.36,2.12,-3.66,6.07
15.727,2.30,1.27,3.66,4.50
15.737,0.72,0.73,6.24,6.32
15.747,0.21,1.13,6.57,6.67
15.757,0.87,1.17,5.90,6.08
15.766,2.32,1.02,5.25,5.83
15.777,3.62,0.80,4.78,6.05
15.787,4.01,0.68,4.12,5.78
15.797,3.23,0.01,3.05,4.44
15.806,2.10,-0.49,1.72,2.76
15.816,1.01,-0.63,0.45,1.27
15.826,-0.26,-0.18,-1.39,1.43
15.836,-2.11,0.70,-4.94,5.41
15.846,-2.68,1.31,-8.40,8.91
15.856,-2.24,1.56,-8.54,8.97
15.866,-1.20,1.89,-5.01,5.49
15.876,0.16,2.04,-1.20,2.38
15.886,0.64,2.66,0.97,2.90
15.896,0.25,3.56,1.50,3.87
15.906,-0.06,4.52,1.03,4.64
15.916,0.13,5.26,0.72,5.31
15.926,0.33,5.69,1.12,5.81
15.936,0.51,5.98,1.53,6.20
15.946,0.78,6.13,1.54,6.36
15.956,1.27,5.90,1.39,6.20
15.966,1.75,4.93,1.38,5.41
15.976,2.20,3.13,1.42,4.08
15.986,2.72,0.60,1.47,3.15
15.996,3.44,-2.31,1.51,4.41
16.006,3.80,-6.12,1.68,7.39
16.016,3.66,-10.74,2.03,11.53
16.026,3.11,-15.94,2.09,16.37
16.036,2.21,-20.64,2.45,20.90
16.046,1.28,-22.41,1.94,22.53
16.056,-0.56,-21.74,0.41,21.75
16.066,-4.00,-19.00,-0.88,19.44
16.076,-6.60,-13.85,-1.75,15.44
16.086,-7.61,-9.14,-1.59,12.00
16.096,-7.65,-5.56,-0.09,9.46
16.106,-7.17,-2.54,1.52,7.76
16.116,-6.61,-0.45,3.12,7.33
16.126,-6.12,1.11,4.21,7.51
16.136,-5.57,2.61,3.96,7.32
16.146,-5.11,3.84,3.41,7.24
16.156,-4.73,5.01,3.10,7.56
16.166,-4.36,6.09,2.27,7.83
16.176,-4.05,7.04,0.85,8.16
16.186,-3.71,7.85,-0.36,8.69
16.196,-3.29,8.34,-0.87,9.01
16.206,-2.91,8.54,-0.48,9.04
16.216,-2.55,8.36,0.52,8.75
16.226,-2.42,7.50,1.66,8.05
16.236,-2.03,6.17,2.28,6.89
16.245,-1.25,4.82,2.47,5.55
16.256,-0.06,3.39,2.50,4.21
16.265,1.36,2.02,2.55,3.52
16.275,2.92,0.80,2.51,3.93
16.285,4.55,0.11,2.52,5.20
16.295,5.87,-0.47,2.38,6.35
16.305,6.83,-1.08,1.80,7.15
16.315,7.81,-1.53,0.29,7.96
16.325,7.83,-2.44,-0.32,8.21
16.335,5.55,-3.25,1.18,6.54
16.345,2.82,-3.64,2.59,5.28
16.355,1.20,-4.26,2.99,5.34
16.365,0.59,-5.70,2.35,6.19
16.375,0.83,-6.93,1.54,7.15
16.385,-0.52,-6.64,-0.02,6.66
16.395,-2.36,-5.55,-3.31,6.88
16.405,-3.63,-4.56,-7.40,9.42
16.415,-5.41,-3.93,-8.40,10.73
16.425,-5.69,-1.09,-4.30,7.21
16.435,-5.12,1.41,0.57,5.35
16.445,-4.25,0.53,3.23,5.36
16.455,-1.98,-0.80,4.16,4.68
16.465,-1.00,-1.16,4.02,4.30
16.475,-0.76,0.29,3.27,3.37
16.485,-1.90,1.57,2.71,3.66
16.495,-2.33,2.46,2.39,4.15
16.505,-2.15,2.96,1.96,4.15
16.515,-1.61,2.48,1.46,3.30
16.525,-0.64,1.60,1.22,2.11
16.535,0.42,0.67,1.19,1.43
16.545,1.13,-0.24,1.30,1.74
16.555,1.53,-1.01,1.44,2.33
16.565,1.78,-1.57,1.76,2.96
16.575,1.92,-1.87,2.62,3.75
16.585,2.12,-1.77,2.92,4.02
16.595,2.33,-1.32,1.65,3.15
16.605,2.20,-0.86,0.16,2.37
16.615,1.60,-0.41,-1.76,2.42
16.625,0.46,-0.36,-7.57,7.59
16.635,-0.58,-0.62,-11.02,11.06
16.645,-1.08,-0.55,-8.01,8.10
16.655,-1.25,-0.53,-4.25,4.46
16.665,-1.39,-0.61,-1.62,2.22
16.674,-1.40,-0.52,0.25,1.51
16.685,-1.17,-0.26,1.44,1.87
16.695,-0.65,-0.10,1.94,2.05
16.705,-0.17,0.06,2.22,2.23
16.715,0.05,0.28,2.38,2.39
16.724,0.12,0.44,2.42,2.47
16.734,0.22,0.47,2.35,2.41
16.745,0.38,0.40,2.14,2.21
16.754,0.58,0.36,1.83,1.95
16.764,0.80,0.33,1.37,1.63
16.774,1.08,0.30,0.74,1.34
16.784,1.32,0.26,-0.13,1.35
16.795,1.51,0.28,-1.36,2.05
16.804,1.53,0.32,-2.66,3.08
16.814,1.25,0.38,-3.28,3.53
16.824,0.99,0.45,-2.71,2.92
16.834,0.81,0.41,-1.47,1.73
16.844,0.57,0.21,-0.42,0.74
16.854,0.20,-0.03,0.26,0.33
16.864,-0.13,-0.21,0.65,0.70
16.874,-0.19,-0.22,0.85,0.89
16.884,-0.35,-0.18,0.87,0.96
16.894,-0.60,-0.12,0.84,1.03
16.904,-0.80,-0.13,0.75,1.11
16.914,-0.86,-0.23,0.69,1.13
16.924,-0.85,-0.39,0.62,1.12
16.934,-0.90,-0.59,0.57,1.22
16.944,-0.99,-0.69,0.49,1.30
16.954,-0.95,-0.71,0.39,1.25
16.964,-0.79,-0.65,0.30,1.07
16.974,-0.60,-0.56,0.19,0.84
16.984,-0.37,-0.44,0.14,0.59
16.994,-0.15,-0.30,0.07,0.34
17.004,0.07,-0.13,0.05,0.16
17.014,0.21,-0.01,0.03,0.22
17.024,0.29,0.07,0.05,0.31
17.034,0.30,0.13,0.14,0.36
17.044,0.24,0.13,0.25,0.37
17.054,0.14,0.13,0.38,0.42
17.064,-0.01,0.10,0.46,0.47
17.074,-0.18,0.08,0.48,0.52
17.084,-0.29,0.04,0.45,0.54
17.094,-0.36,-0.03,0.41,0.55
17.104,-0.38,-0.09,0.38,0.55
17.114,-0.37,-0.12,0.37,0.54
17.124,-0.38,-0.13,0.36,0.54
17.134,-0.33,-0.14,0.28,0.46
17.144,-0.25,-0.13,0.17,0.33
17.154,-0.15,-0.08,-0.01,0.18
17.164,-0.05,-0.06,-0.20,0.21
17.174,-0.02,-0.07,-0.39,0.39
17.183,0.00,-0.06,-0.49,0.50
17.193,0.03,-0.07,-0.49,0.49
17.203,0.03,-0.05,-0.39,0.39
17.214,0.04,-0.03,-0.26,0.27
17.223,0.05,-0.04,-0.13,0.14
17.233,0.05,-0.03,0.03,0.06
17.243,0.05,0.01,0.15,0.16
17.253,0.06,0.02,0.20,0.21
17.263,0.06,0.02,0.21,0.22
17.273,0.04,-0.06,0.17,0.19
17.283,0.06,-0.14,0.14,0.21
17.293,0.00,-0.14,0.08,0.17
17.303,-0.07,-0.12,-0.00,0.14
17.313,-0.16,-0.12,-0.08,0.22
17.323,-0.24,-0.14,-0.13,0.30
17.333,-0.27,-0.13,-0.11,0.32
17.343,-0.29,-0.13,-0.08,0.33
17.353,-0.29,-0.11,-0.01,0.31
17.363,-0.27,-0.15,-0.01,0.31
17.373,-0.15,-0.19,-0.01,0.25
17.383,-0.10,-0.11,0.00,0.14
17.393,-0.19,-0.10,-0.03,0.22
17.403,-0.15,-0.11,-0.01,0.18
17.413,-0.08,-0.09,0.03,0.12
17.423,-0.08,-0.06,0.07,0.12
17.433,0.07,-0.11,0.05,0.14
17.443,0.03,-0.05,0.08,0.10
17.453,-0.05,-0.08,0.09,0.13
17.463,-0.01,-0.08,0.06,0.10
17.473,0.11,0.01,0.07,0.13
17.483,0.11,0.06,0.05,0.14
17.493,0.08,0.06,0.05,0.11
17.503,0.05,0.05,-0.01,0.07
17.513,0.03,0.01,-0.07,0.08
17.523,0.01,-0.05,-0.08,0.10
17.533,-0.01,-0.07,-0.04,0.08
17.543,-0.12,-0.19,0.02,0.22
17.553,-0.06,-0.21,0.05,0.22
17.563,-0.05,-0.14,0.08,0.17
17.573,-0.08,-0.09,0.09,0.15
17.583,-0.05,-0.07,0.05,0.10
17.593,-0.02,-0.03,0.01,0.04
17.603,0.03,0.05,-0.03,0.07
17.613,0.10,0.09,-0.03,0.14
17.623,0.16,0.09,-0.03,0.19
17.633,0.18,0.10,0.00,0.21
17.643,0.19,0.07,0.04,0.21
17.653,0.17,0.06,0.08,0.19
17.662,0.15,0.03,0.08,0.17
17.673,0.15,0.02,0.06,0.17
17.683,0.12,0.01,0.03,0.12
17.693,0.11,0.01,0.00,0.11
17.702,0.09,0.01,-0.04,0.09
17.713,0.09,0.01,-0.09,0.12
17.722,0.07,0.00,-0.11,0.13
17.733,0.06,-0.01,-0.10,0.12
17.742,0.03,-0.03,-0.08,0.09
17.752,0.01,-0.03,-0.04,0.05
17.762,0.01,-0.02,-0.02,0.03
17.772,-0.01,-0.01,0.00,0.02
17.782,-0.01,-0.03,0.05,0.06
17.792,-0.02,-0.08,0.06,0.10
17.802,-0.02,-0.12,0.04,0.13
17.812,0.00,-0.09,-0.01,0.09
17.822,0.00,-0.02,-0.05,0.05
17.832,0.01,0.01,-0.05,0.05
17.842,0.00,0.01,-0.05,0.05
17.852,0.03,0.02,-0.06,0.07
17.862,0.06,0.02,-0.06,0.09
17.872,0.04,-0.01,-0.02,0.05
17.882,0.03,-0.02,-0.01,0.04
17.892,0.05,-0.03,0.01,0.05
17.902,-0.02,-0.10,0.01,0.10
17.912,0.01,-0.10,0.03,0.10
17.922,0.11,-0.04,0.02,0.12
17.932,0.03,-0.02,0.03,0.05
17.942,-0.04,-0.03,0.05,0.07
17.952,-0.03,-0.03,0.03,0.05
17.962,0.03,0.01,-0.01,0.03
17.972,0.06,0.03,-0.04,0.08
17.982,0.08,0.03,-0.07,0.11
17.992,0.06,0.02,-0.06,0.09
18.002,0.06,-0.01,-0.05,0.08
18.012,0.07,-0.02,-0.07,0.10
18.022,0.09,-0.01,-0.07,0.11
18.032,0.10,0.02,-0.05,0.12
18.042,0.08,0.02,-0.03,0.09
18.052,0.09,0.02,-0.01,0.09
18.062,0.08,0.02,0.01,0.08
18.072,0.05,-0.03,0.04,0.07
18.082,0.03,-0.05,0.04,0.06
18.092,0.01,-0.05,0.04,0.07
18.101,-0.03,-0.04,0.04,0.06
18.112,-0.07,-0.02,0.01,0.08
18.121,-0.10,-0.02,0.01,0.11
18.132,-0.09,-0.04,-0.01,0.10
18.141,-0.06,-0.05,-0.01,0.08
18.152,-0.06,-0.09,-0.02,0.11
18.162,-0.07,-0.08,-0.02,0.11
18.171,-0.10,-0.11,-0.01,0.15
18.181,-0.09,-0.11,-0.03,0.15
18.191,-0.10,-0.07,-0.04,0.13
18.201,-0.10,-0.09,-0.07,0.15
18.212,-0.11,-0.12,-0.07,0.18
18.221,-0.11,-0.11,-0.06,0.17
18.231,-0.09,-0.09,-0.03,0.13
18.241,-0.06,-0.06,0.00,0.09
18.251,-0.03,-0.03,0.00,0.05
18.261,-0.00,-0.02,0.00,0.03
18.271,0.03,-0.01,-0.00,0.03
18.281,0.04,0.00,-0.01,0.04
18.291,0.06,0.00,-0.05,0.08
18.301,0.05,-0.00,-0.08,0.09
18.311,0.06,-0.01,-0.13,0.14
18.321,0.05,-0.02,-0.11,0.13
18.331,0.05,-0.03,-0.08,0.10
18.341,0.02,-0.05,-0.03,0.06
18.351,-0.01,-0.06,-0.01,0.06
18.361,-0.06,-0.04,-0.03,0.08
18.371,-0.06,-0.02,-0.04,0.08
18.381,-0.03,-0.03,-0.01,0.05
18.391,-0.01,-0.05,0.02,0.05
18.401,0.02,-0.03,0.03,0.05
18.411,0.03,-0.01,-0.00,0.04
18.421,0.03,-0.00,-0.05,0.06
18.431,0.01,-0.01,-0.09,0.09
18.441,-0.01,-0.02,-0.11,0.11
18.451,-0.01,-0.04,-0.08,0.09
18.461,-0.02,-0.07,-0.02,0.08
18.471,0.00,-0.03,0.05,0.06
18.481,-0.01,-0.01,0.09,0.09
18.491,-0.01,-0.01,0.06,0.07
18.501,0.02,-0.00,0.05,0.06
18.511,0.05,-0.02,0.03,0.06
18.521,0.08,-0.04,-0.00,0.09
18.531,0.09,-0.03,-0.01,0.10
18.541,0.05,-0.02,-0.01,0.05
18.550,-0.01,-0.03,-0.02,0.04
18.561,-0.08,-0.05,-0.03,0.09
18.571,-0.11,-0.05,0.01,0.12
18.581,-0.05,-0.07,0.04,0.10
18.590,-0.01,-0.06,0.06,0.09
18.600,-0.01,-0.04,0.07,0.08
18.610,0.02,-0.02,0.04,0.05
18.621,0.03,-0.01,0.01,0.03
18.631,-0.01,-0.03,-0.01,0.03
18.640,-0.05,-0.05,-0.03,0.08
18.650,-0.06,-0.08,0.00,0.11
18.660,-0.06,-0.08,0.06,0.12
18.670,-0.05,-0.07,0.10,0.13
18.680,-0.04,-0.05,0.13,0.15
18.690,-0.04,-0.03,0.17,0.17
18.700,-0.03,-0.04,0.14,0.15
18.710,-0.02,-0.05,0.13,0.14
18.720,-0.00,-0.05,0.09,0.10
18.730,-0.02,-0.04,0.03,0.06
18.740,-0.05,-0.04,0.02,0.07
18.750,-0.04,-0.05,0.00,0.06
18.760,-0.06,-0.06,0.01,0.08
18.770,-0.03,-0.07,0.01,0.08
18.780,-0.00,-0.08,-0.01,0.08
18.790,0.02,-0.08,-0.06,0.10
18.800,0.02,-0.09,-0.13,0.16
18.810,0.06,-0.11,-0.20,0.23
18.820,0.10,-0.11,-0.21,0.25
18.830,0.01,-0.08,-0.22,0.23
18.840,0.00,-0.04,-0.18,0.19
18.850,-0.04,-0.01,-0.08,0.10
18.860,-0.08,0.02,0.05,0.09
18.870,-0.08,0.01,0.16,0.17
18.880,-0.10,-0.00,0.21,0.23
18.890,-0.10,-0.00,0.16,0.19
18.900,0.00,-0.03,0.07,0.07
18.910,0.06,-0.02,-0.03,0.07
18.920,0.09,-0.01,-0.13,0.16
18.930,0.13,0.00,-0.14,0.20
18.940,0.16,0.04,-0.13,0.21
18.950,0.14,0.04,-0.09,0.18
18.960,0.14,0.07,-0.01,0.15
18.970,0.13,0.07,0.06,0.16
18.980,0.11,0.10,0.15,0.21
18.990,0.10,0.07,0.18,0.22
19.000,0.04,0.04,0.16,0.17
19.010,0.04,-0.02,0.12,0.13
19.020,0.06,-0.04,0.03,0.08
19.030,0.04,-0.06,-0.04,0.08
19.040,0.05,-0.06,-0.11,0.13
19.050,0.04,-0.06,-0.15,0.16
19.060,0.04,-0.04,-0.16,0.17
19.069,0.04,-0.02,-0.15,0.16
19.079,0.03,-0.01,-0.12,0.13
19.089,0.02,-0.02,-0.06,0.07
19.099,0.02,-0.03,-0.02,0.04
19.109,0.06,-0.04,0.03,0.08
19.119,0.07,-0.02,0.05,0.09
19.129,0.06,0.00,0.05,0.08
19.139,0.04,0.02,0.02,0.05
19.149,0.03,0.02,0.01,0.03
19.159,0.03,0.03,0.00,0.04
19.169,0.05,0.01,-0.00,0.05
19.179,0.05,-0.02,-0.01,0.06
19.189,0.05,-0.02,-0.00,0.06
19.199,0.03,-0.03,0.00,0.04
19.209,0.01,0.00,0.04,0.04
19.219,-0.03,0.01,0.08,0.08
19.229,-0.05,0.01,0.12,0.13
19.239,-0.04,-0.01,0.10,0.11
19.249,-0.04,-0.04,0.04,0.06
19.259,-0.03,-0.06,0.00,0.07
19.269,-0.03,-0.08,-0.06,0.11
19.279,-0.04,-0.08,-0.10,0.14
19.289,-0.02,-0.08,-0.14,0.16
19.299,0.00,-0.07,-0.17,0.18
19.309,0.01,-0.04,-0.19,0.20
19.319,0.04,-0.02,-0.14,0.15
19.329,0.05,-0.01,-0.08,0.09
19.339,0.03,-0.01,0.01,0.03
19.349,0.03,-0.02,0.06,0.07
19.359,0.04,-0.01,0.07,0.08
19.369,0.09,0.01,-0.01,0.09
19.379,0.11,0.02,-0.10,0.15
19.389,0.09,0.02,-0.11,0.15
19.399,0.08,0.01,-0.10,0.13
19.409,0.08,-0.00,-0.08,0.11
19.419,0.07,-0.01,-0.04,0.08
19.429,0.03,-0.02,-0.00,0.04
19.439,0.01,-0.02,0.01,0.03
19.449,-0.00,-0.02,0.00,0.02
19.459,-0.03,-0.02,-0.04,0.05
19.469,-0.03,-0.03,-0.05,0.07
19.479,-0.04,-0.03,-0.03,0.06
19.489,-0.04,-0.05,-0.00,0.06
19.498,-0.02,-0.05,0.02,0.06
19.509,0.01,-0.05,0.04,0.06
19.519,0.01,-0.05,0.03,0.06
19.529,0.02,-0.03,0.04,0.05
19.538,0.02,-0.04,0.02,0.05
19.548,0.01,-0.05,0.02,0.05
19.558,-0.03,-0.02,0.02,0.05
19.568,-0.05,-0.02,0.03,0.07
19.579,-0.04,-0.02,0.03,0.06
19.588,-0.03,-0.05,0.03,0.06
19.598,0.01,-0.06,0.02,0.06
19.609,-0.04,-0.05,0.02,0.06
19.618,-0.07,-0.03,0.01,0.08
19.628,-0.04,-0.04,0.04,0.07
19.638,0.03,-0.02,0.06,0.07
19.648,0.02,-0.02,0.07,0.07
19.658,0.03,-0.03,0.03,0.05
19.668,0.06,-0.04,-0.01,0.08
19.678,0.06,-0.03,-0.04,0.08
19.688,0.04,-0.02,-0.06,0.08
19.698,0.02,-0.03,-0.08,0.09
19.708,-0.01,-0.04,-0.04,0.05
19.718,-0.04,-0.08,0.04,0.10
19.728,-0.07,-0.09,0.05,0.12
19.738,-0.09,-0.08,0.04,0.13
19.748,-0.10,-0.06,0.04,0.12
19.758,-0.07,-0.06,0.02,0.09
19.768,-0.07,-0.05,0.01,0.09
19.778,-0.07,-0.06,0.02,0.09
19.788,-0.04,-0.05,0.00,0.06
19.798,-0.03,-0.04,-0.03,0.06
19.808,-0.02,-0.04,-0.05,0.07
19.818,0.02,-0.04,-0.07,0.08
19.828,0.03,-0.04,-0.07,0.09
19.838,0.03,-0.03,-0.06,0.07
19.848,0.01,-0.04,-0.02,0.04
19.858,0.00,-0.04,-0.01,0.05
19.868,-0.02,-0.06,-0.01,0.06
19.878,-0.02,-0.05,0.02,0.06
19.888,-0.04,-0.06,0.05,0.09
19.898,-0.06,-0.06,0.07,0.11
19.908,-0.03,-0.05,0.03,0.07
19.918,-0.01,-0.04,-0.02,0.04
19.928,0.02,-0.02,-0.08,0.08
19.938,0.06,-0.01,-0.11,0.12
19.948,0.06,-0.01,-0.09,0.11
19.958,0.06,0.02,-0.08,0.10
19.967,0.06,0.03,-0.06,0.09
19.978,0.05,0.00,-0.01,0.05
19.987,0.02,-0.02,0.04,0.05
19.997,0.00,-0.04,0.06,0.07
20.008,-0.01,-0.05,0.05,0.07
20.017,-0.01,-0.04,0.01,0.05
20.028,0.01,-0.02,-0.03,0.04
20.037,0.05,0.00,-0.07,0.08
20.047,0.06,0.02,-0.06,0.09
20.057,0.07,0.04,-0.01,0.08
20.067,0.07,0.01,0.04,0.08
20.077,0.04,-0.01,0.07,0.08
20.087,0.03,-0.04,0.03,0.06
20.097,0.02,-0.04,-0.01,0.04
20.107,0.02,-0.04,-0.04,0.06
20.117,0.03,-0.03,-0.08,0.09
20.127,0.03,-0.03,-0.09,0.10
20.137,0.03,-0.01,-0.05,0.06
20.147,0.03,-0.03,-0.00,0.04
20.157,-0.01,-0.04,0.04,0.06
20.167,-0.04,-0.05,0.04,0.08
20.177,-0.05,-0.08,0.04,0.10
20.187,-0.06,-0.07,0.04,0.10
20.197,-0.02,-0.04,-0.02,0.05
20.207,-0.01,-0.03,-0.09,0.09
20.217,-0.01,-0.04,-0.09,0.10
20.227,-0.01,-0.03,-0.07,0.08
20.237,-0.00,-0.04,-0.04,0.06
20.247,-0.02,-0.05,-0.03,0.07
20.257,-0.02,-0.07,-0.03,0.08
20.267,-0.02,-0.07,-0.05,0.09
20.277,-0.01,-0.06,-0.06,0.08
20.287,-0.01,-0.02,-0.05,0.05
20.297,0.03,-0.00,-0.04,0.05
20.307,0.05,-0.00,-0.02,0.05
20.317,0.08,-0.00,-0.01,0.08
20.327,0.08,-0.01,-0.02,0.08
20.337,0.08,-0.01,-0.01,0.08
20.347,0.03,-0.02,0.01,0.04
20.357,-0.01,-0.04,0.04,0.05
20.367,-0.04,-0.05,0.03,0.07
20.377,-0.05,-0.06,-0.01,0.07
20.387,-0.02,-0.04,-0.02,0.05
20.397,0.02,-0.01,-0.01,0.03
20.407,0.05,-0.01,-0.02,0.05
20.417,0.06,0.01,-0.02,0.06
20.427,0.05,-0.00,-0.01,0.05
20.437,0.03,-0.03,-0.02,0.05
20.447,-0.00,-0.03,-0.03,0.04
20.456,0.01,-0.03,-0.04,0.05
20.467,0.03,-0.01,-0.04,0.05
20.477,0.06,0.00,-0.04,0.07
20.486,0.06,-0.00,0.00,0.06
20.497,0.04,-0.02,0.05,0.07
20.506,0.01,-0.05,0.06,0.08
20.516,-0.00,-0.06,0.06,0.09
20.526,0.01,-0.05,0.03,0.06
20.536,0.02,-0.06,-0.00,0.06
20.547,-0.00,-0.04,-0.03,0.05
20.556,-0.03,-0.06,-0.04,0.08
20.566,-0.03,-0.06,-0.02,0.07
20.576,-0.05,-0.06,0.01,0.08
20.586,-0.05,-0.06,0.00,0.08
20.596,-0.03,-0.04,-0.01,0.05
20.606,-0.00,-0.05,-0.01,0.05
20.616,0.02,-0.04,-0.00,0.05
20.626,0.02,-0.04,0.00,0.04
20.636,0.03,-0.05,0.04,0.07
20.646,0.05,-0.04,0.03,0.07
20.656,0.05,-0.05,0.01,0.07
20.666,0.03,-0.05,-0.03,0.06
20.676,0.04,-0.03,-0.07,0.08
20.686,0.07,-0.00,-0.06,0.09
20.696,0.11,0.03,-0.05,0.12
20.706,0.12,0.05,-0.02,0.13
20.716,0.13,0.07,-0.03,0.15
20.726,0.12,0.06,-0.07,0.15
20.736,0.10,0.06,-0.13,0.17
20.746,0.06,0.05,-0.17,0.19
20.756,0.08,-0.00,-0.16,0.18
20.766,0.07,-0.01,-0.12,0.14
20.776,0.03,0.00,-0.09,0.09
20.786,0.01,-0.01,-0.05,0.05
20.796,0.03,0.01,-0.01,0.03
20.806,0.04,0.01,-0.00,0.04
20.816,0.04,0.00,0.01,0.04
20.826,0.01,-0.04,0.04,0.05
20.836,-0.03,-0.07,0.06,0.10
20.846,-0.07,-0.07,0.07,0.12
20.856,-0.09,-0.07,0.05,0.12
20.866,-0.10,-0.05,0.03,0.12
20.876,-0.12,-0.05,0.03,0.13
20.886,-0.11,-0.04,0.04,0.12
20.896,-0.13,-0.07,0.07,0.16
20.906,-0.13,-0.08,0.09,0.18
20.915,-0.10,-0.08,0.10,0.16
20.926,-0.06,-0.08,0.09,0.13
20.936,-0.03,-0.07,0.05,0.09
20.946,-0.05,-0.06,0.03,0.08
20.955,-0.05,-0.06,0.03,0.08
20.965,-0.05,-0.07,0.01,0.09
20.975,-0.03,-0.07,-0.02,0.08
20.985,-0.02,-0.07,-0.02,0.07
20.995,-0.02,-0.05,-0.00,0.06
21.005,-0.02,-0.03,-0.00,0.03
21.015,0.02,-0.02,0.01,0.03
21.025,0.05,-0.01,0.01,0.06
21.035,0.08,-0.01,0.03,0.09
21.045,0.10,-0.01,0.00,0.10
21.055,0.10,0.00,-0.03,0.10
21.065,0.10,0.01,-0.07,0.12
21.075,0.09,0.01,-0.06,0.11
21.085,0.07,-0.01,-0.02,0.07
21.095,0.03,-0.01,-0.02,0.04
21.105,0.03,-0.01,0.00,0.03
21.115,0.00,-0.00,0.01,0.01
21.125,0.03,0.00,-0.01,0.03
21.135,0.05,0.01,-0.01,0.05
21.145,0.08,-0.00,-0.00,0.08
21.155,0.09,-0.02,0.00,0.10
21.165,0.06,-0.02,0.02,0.07
21.175,0.02,-0.03,0.01,0.04
21.185,-0.01,-0.04,0.01,0.04
21.195,-0.03,-0.05,0.02,0.06
21.205,-0.02,-0.02,0.01,0.03
21.215,-0.01,-0.01,0.02,0.02
21.225,0.01,-0.01,0.02,0.03
21.235,0.01,-0.02,0.01,0.02
21.245,-0.00,-0.05,0.02,0.05
21.255,-0.01,-0.04,0.03,0.05
21.265,-0.03,-0.04,0.01,0.06
21.275,-0.02,-0.03,-0.00,0.03
21.285,-0.01,-0.02,0.01,0.03
21.295,-0.01,-0.03,0.03,0.04
21.305,-0.03,-0.04,0.06,0.08
21.315,-0.00,-0.05,0.04,0.07
21.325,0.01,-0.03,0.01,0.03
21.335,0.03,-0.03,-0.02,0.04
21.345,0.03,-0.05,-0.03,0.07
21.355,0.02,-0.06,-0.04,0.07
21.365,0.00,-0.05,-0.04,0.07
21.375,-0.02,-0.04,-0.06,0.08
21.385,-0.00,-0.03,-0.06,0.07
21.394,0.02,-0.03,-0.03,0.05
21.405,0.01,-0.04,-0.01,0.04
21.414,0.02,-0.03,-0.00,0.04
21.424,0.02,-0.03,0.01,0.04
21.434,0.02,-0.02,0.02,0.03
21.445,0.02,-0.02,0.01,0.03
21.454,0.00,-0.04,-0.02,0.04
21.464,-0.00,-0.05,-0.05,0.07
21.474,0.00,-0.05,-0.05,0.07
21.484,0.02,-0.02,-0.05,0.06
21.494,0.04,-0.01,-0.03,0.05
21.504,0.05,-0.01,0.02,0.06
21.514,0.04,-0.01,0.04,0.06
21.524,0.02,-0.02,0.02,0.04
21.534,0.02,-0.02,-0.03,0.04
21.544,0.03,-0.03,-0.05,0.06
21.554,0.01,-0.04,-0.06,0.08
21.564,-0.00,-0.07,-0.05,0.09
21.574,-0.02,-0.06,-0.03,0.07
21.584,-0.03,-0.05,0.02,0.06
21.594,-0.04,-0.03,0.03,0.06
21.604,-0.04,-0.01,0.04,0.06
21.614,-0.00,-0.04,0.02,0.04
21.624,0.02,-0.04,0.00,0.05
21.634,0.04,-0.05,-0.04,0.08
21.644,0.03,-0.05,-0.06,0.08
21.654,0.01,-0.04,-0.06,0.07
21.664,-0.01,-0.02,-0.05,0.06
21.674,-0.03,-0.04,0.03,0.06
21.684,-0.04,-0.06,0.11,0.13
21.694,-0.03,-0.05,0.12,0.13
21.704,-0.02,-0.04,0.11,0.12
21.714,-0.01,-0.02,0.03,0.04
21.724,0.03,0.01,-0.04,0.05
21.734,0.04,-0.00,-0.09,0.09
21.744,0.01,-0.04,-0.08,0.09
21.754,-0.01,-0.05,-0.04,0.06
21.764,-0.02,-0.05,-0.01,0.06
21.774,-0.03,-0.06,0.04,0.08
21.784,-0.05,-0.07,0.08,0.12
21.794,-0.06,-0.06,0.10,0.13
21.804,-0.05,-0.06,0.07,0.11
21.814,-0.04,-0.06,0.02,0.08
21.824,-0.03,-0.06,-0.01,0.06
21.834,-0.01,-0.04,-0.05,0.06
21.844,-0.01,-0.03,-0.05,0.06
21.854,-0.00,-0.03,-0.03,0.04
21.864,-0.00,-0.04,-0.02,0.05
21.873,0.00,-0.03,-0.02,0.04
21.883,0.04,-0.01,-0.03,0.05
21.893,0.07,0.03,-0.07,0.10
21.904,0.12,0.04,-0.08,0.15
21.913,0.11,0.04,-0.08,0.14
21.923,0.10,0.03,-0.05,0.11
21.933,0.11,0.01,-0.02,0.11
21.943,0.09,-0.01,0.02,0.10
21.953,0.07,-0.03,-0.00,0.07
21.963,0.08,0.00,-0.06,0.09
21.973,0.08,0.01,-0.08,0.12
21.983,0.07,0.01,-0.09,0.12
21.993,0.03,-0.01,-0.05,0.06
22.003,-0.02,-0.03,0.00,0.04
22.013,-0.04,-0.06,0.03,0.07
22.023,-0.05,-0.06,0.06,0.09
22.033,-0.05,-0.07,0.02,0.09
22.043,-0.02,-0.04,0.01,0.04
22.053,0.02,-0.01,-0.01,0.02
22.063,0.05,-0.01,-0.03,0.06
22.073,0.09,-0.02,-0.04,0.10
22.083,0.09,-0.04,-0.04,0.10
22.093,0.08,-0.03,-0.01,0.09
22.103,0.04,-0.01,0.01,0.05
22.113,0.05,0.01,0.02,0.05
22.123,0.06,0.01,0.03,0.06
22.133,0.06,0.04,0.03,0.08
22.143,0.04,0.04,0.04,0.07
22.153,0.00,0.01,0.05,0.05
22.163,-0.00,0.01,0.06,0.06
22.173,0.04,-0.01,0.07,0.08
22.183,0.01,-0.04,0.06,0.07
22.193,0.01,-0.09,0.04,0.10
22.203,0.01,-0.10,0.00,0.10
22.213,-0.01,-0.10,-0.02,0.11
22.223,-0.04,-0.09,-0.03,0.10
22.233,-0.05,-0.06,-0.05,0.09
22.243,-0.04,-0.07,-0.02,0.08
22.253,-0.04,-0.05,0.02,0.07
22.263,-0.03,-0.04,0.05,0.07
22.273,0.01,-0.04,0.07,0.08
22.283,0.03,-0.04,0.05,0.07
22.293,0.00,-0.07,-0.00,0.07
22.303,-0.00,-0.07,-0.03,0.07
22.313,-0.05,-0.06,-0.03,0.08
22.323,-0.08,-0.05,-0.01,0.10
22.332,-0.10,-0.08,0.05,0.13
22.343,-0.12,-0.09,0.12,0.19
22.352,-0.15,-0.11,0.19,0.27
22.363,-0.15,-0.12,0.20,0.28
22.372,-0.15,-0.09,0.16,0.24
22.383,-0.11,-0.08,0.09,0.17
22.392,-0.10,-0.08,0.05,0.14
22.402,-0.08,-0.09,-0.00,0.12
22.412,-0.06,-0.09,-0.03,0.11
22.422,-0.05,-0.12,-0.02,0.13
22.432,-0.06,-0.10,0.02,0.12
22.442,-0.08,-0.11,0.05,0.14
22.452,-0.07,-0.11,0.07,0.15
22.462,-0.05,-0.09,0.05,0.11
22.472,-0.02,-0.07,0.03,0.07
22.482,0.01,-0.05,0.00,0.05
22.492,0.05,-0.01,-0.01,0.06
22.502,0.10,-0.00,-0.01,0.10
22.512,0.13,0.03,0.00,0.13
22.522,0.15,0.07,0.05,0.17
22.532,0.15,0.07,0.09,0.19
22.542,0.16,0.08,0.10,0.20
22.552,0.14,0.11,0.13,0.22
22.562,0.17,0.12,0.12,0.24
22.572,0.17,0.10,0.10,0.22
22.582,0.17,0.09,0.08,0.21
22.592,0.18,0.10,0.05,0.21
22.602,0.16,0.11,-0.00,0.19
22.612,0.14,0.11,-0.06,0.19
22.622,0.16,0.09,-0.07,0.20
22.632,0.14,0.04,-0.05,0.16
22.642,0.12,-0.01,-0.03,0.12
22.652,0.12,-0.05,-0.03,0.13
22.662,0.11,-0.01,-0.05,0.13
22.672,0.08,0.02,-0.06,0.10
22.682,0.03,0.01,-0.06,0.07
22.692,0.01,0.07,-0.07,0.10
22.702,-0.00,0.01,-0.03,0.03
22.712,-0.05,-0.08,-0.01,0.10
22.722,-0.12,-0.15,0.01,0.19
22.732,-0.18,-0.21,0.00,0.28
22.742,-0.24,-0.25,-0.01,0.34
22.752,-0.26,-0.23,-0.05,0.36
22.762,-0.28,-0.23,-0.11,0.38
22.772,-0.25,-0.20,-0.18,0.37
22.782,-0.20,-0.13,-0.20,0.31
22.792,-0.18,-0.02,-0.19,0.26
22.802,-0.14,0.11,-0.18,0.25
22.812,-0.01,0.22,-0.15,0.26
22.821,0.16,0.26,-0.09,0.32
22.832,0.28,0.19,-0.04,0.34
22.842,0.32,0.05,0.00,0.33
22.851,0.29,-0.09,0.05,0.31
22.861,0.11,-0.24,0.06,0.27
22.871,-0.12,-0.35,0.04,0.37
22.881,-0.34,-0.38,0.06,0.51
22.891,-0.41,-0.35,0.06,0.54
22.901,-0.40,-0.31,0.01,0.51
22.911,-0.32,-0.24,-0.02,0.40
22.921,-0.21,-0.17,-0.06,0.27
22.931,-0.10,-0.08,-0.07,0.14
22.941,0.01,0.03,-0.08,0.08
22.951,0.11,0.09,-0.06,0.15
22.961,0.17,0.12,-0.03,0.21
22.971,0.24,0.14,0.02,0.28
22.981,0.25,0.12,0.04,0.28
22.991,0.25,0.09,0.01,0.27
23.001,0.20,0.06,-0.01,0.21
23.011,0.16,0.04,0.01,0.16
23.021,0.15,0.02,0.02,0.15
23.031,0.10,0.02,0.05,0.11
23.041,0.04,0.03,0.05,0.07
23.051,0.04,0.06,0.03,0.08
23.061,0.03,0.13,0.01,0.14
23.071,-0.00,0.22,-0.04,0.23
23.081,-0.01,0.25,-0.09,0.26
23.091,0.04,0.24,-0.13,0.27
23.101,0.15,0.16,-0.13,0.25
23.111,0.19,0.01,-0.11,0.22
23.121,0.15,-0.16,-0.05,0.23
23.131,0.09,-0.31,-0.00,0.33
23.141,0.01,-0.40,0.08,0.41
23.151,-0.08,-0.40,0.17,0.44
23.161,-0.17,-0.36,0.22,0.45
23.171,-0.27,-0.25,0.25,0.45
23.181,-0.32,-0.16,0.23,0.43
23.191,-0.30,-0.12,0.18,0.37
23.201,-0.33,-0.11,0.09,0.36
23.211,-0.29,-0.14,0.02,0.32
23.221,-0.27,-0.17,-0.03,0.32
23.231,-0.21,-0.21,-0.09,0.31
23.241,-0.25,-0.22,-0.13,0.36
23.250,-0.23,-0.21,-0.14,0.34
23.261,-0.19,-0.16,-0.09,0.27
23.271,-0.20,-0.07,-0.01,0.21
23.281,-0.14,-0.03,0.11,0.18
23.291,-0.03,-0.02,0.21,0.22
23.301,-0.00,0.01,0.30,0.30
23.310,0.03,0.06,0.32,0.33
23.320,0.06,0.14,0.26,0.30
23.330,0.07,0.14,0.12,0.20
23.340,0.10,0.05,-0.06,0.12
23.350,0.17,-0.09,-0.20,0.28
23.360,0.24,-0.16,-0.24,0.37
23.370,0.24,-0.08,-0.20,0.33
23.380,0.20,0.08,-0.11,0.24
23.390,0.15,0.20,-0.06,0.26
23.400,0.18,0.26,-0.09,0.33
23.410,0.20,0.24,-0.16,0.35
23.420,0.24,0.17,-0.25,0.38
23.430,0.28,0.08,-0.31,0.43
23.440,0.31,0.02,-0.37,0.48
23.450,0.32,0.03,-0.36,0.49
23.460,0.29,0.08,-0.30,0.43
23.470,0.26,0.12,-0.21,0.36
23.480,0.20,0.13,-0.15,0.28
23.490,0.18,0.14,-0.08,0.24
23.500,0.13,0.14,-0.02,0.19
23.510,0.07,0.12,0.04,0.14
23.520,0.02,0.06,0.07,0.10
23.530,-0.05,-0.01,0.06,0.08
23.540,-0.13,-0.09,0.01,0.16
23.550,-0.17,-0.13,-0.04,0.22
23.560,-0.19,-0.10,-0.09,0.23
23.570,-0.16,-0.05,-0.12,0.20
23.580,-0.10,-0.03,-0.11,0.14
23.590,-0.05,-0.03,-0.08,0.10
23.600,-0.03,-0.07,-0.06,0.09
23.610,0.02,-0.11,-0.03,0.12
23.620,0.00,-0.14,0.01,0.14
23.630,-0.05,-0.12,0.03,0.13
23.640,-0.08,-0.09,0.03,0.13
23.650,-0.10,-0.11,0.04,0.16
23.660,-0.12,-0.10,0.01,0.16
23.670,-0.13,-0.07,-0.02,0.14
23.680,-0.10,-0.04,-0.02,0.11
23.690,-0.08,-0.02,-0.02,0.09
23.700,-0.09,-0.03,0.01,0.09
23.710,-0.10,-0.09,0.04,0.14
23.720,-0.09,-0.15,0.04,0.18
23.730,-0.11,-0.18,-0.01,0.21
23.740,-0.11,-0.15,-0.02,0.19
23.750,-0.16,-0.08,-0.04,0.18
23.760,-0.10,-0.03,-0.07,0.12
23.769,-0.03,0.03,-0.11,0.12
23.780,0.03,0.07,-0.15,0.17
23.789,0.18,0.10,-0.12,0.24
23.799,0.25,0.10,-0.04,0.27
23.809,0.24,0.07,0.03,0.25
23.819,0.22,0.04,0.08,0.23
23.829,0.18,0.05,0.13,0.23
23.839,0.15,0.07,0.11,0.20
23.849,0.13,0.05,0.13,0.19
23.859,0.10,0.05,0.11,0.16
23.869,0.10,0.05,0.06,0.13
23.879,0.07,0.08,0.05,0.12
23.889,0.08,0.06,0.02,0.10
23.899,0.12,0.03,0.01,0.13
23.909,0.09,-0.01,0.02,0.09
23.919,0.06,-0.03,0.05,0.09
23.929,-0.01,-0.03,0.09,0.09
23.939,0.00,-0.10,0.03,0.11
23.949,-0.05,-0.13,0.05,0.15
23.959,-0.05,-0.14,0.02,0.15
23.969,-0.01,-0.12,0.01,0.12
23.979,0.01,-0.09,-0.04,0.10
23.989,0.09,-0.04,-0.09,0.14
23.999,0.14,0.01,-0.09,0.17
24.009,0.15,0.04,-0.08,0.18
24.019,0.12,0.06,-0.10,0.17
24.029,0.19,0.06,-0.10,0.22
24.039,0.24,0.05,-0.07,0.25
24.049,0.23,0.02,-0.03,0.23
24.059,0.19,-0.02,0.01,0.20
24.069,0.09,-0.02,0.04,0.10
24.079,0.01,-0.02,0.06,0.06
24.089,-0.04,-0.01,0.06,0.07
24.099,-0.10,-0.01,0.07,0.12
24.109,-0.12,-0.02,0.06,0.14
24.119,-0.12,-0.04,0.06,0.14
24.129,-0.10,-0.09,0.08,0.16
24.139,-0.14,-0.13,0.08,0.21
24.149,-0.20,-0.16,0.04,0.26
24.159,-0.15,-0.18,0.03,0.24
24.169,-0.14,-0.16,0.03,0.22
24.179,-0.18,-0.16,0.04,0.24
24.188,-0.17,-0.14,0.00,0.22
24.199,-0.09,-0.08,-0.02,0.12
24.209,-0.13,-0.03,-0.08,0.16
24.219,-0.05,-0.02,-0.10,0.11
24.229,0.04,-0.02,-0.04,0.06
24.238,0.06,-0.02,0.04,0.08
24.248,0.03,-0.01,0.11,0.11
24.259,-0.01,0.03,0.16,0.16
24.268,-0.07,0.09,0.17,0.20
24.279,-0.12,0.09,0.19,0.25
24.288,-0.18,0.11,0.18,0.27
24.298,-0.15,0.07,0.13,0.21
24.308,-0.02,-0.03,0.04,0.06
24.318,-0.02,-0.07,0.02,0.07
24.328,-0.04,-0.05,0.03,0.07
24.338,-0.00,-0.01,0.03,0.03
24.348,-0.00,0.01,-0.01,0.01
24.358,0.06,0.03,0.00,0.07
24.368,0.15,0.06,0.02,0.16
24.378,0.14,0.07,0.01,0.16
24.388,0.14,0.07,0.01,0.16
24.398,0.15,0.07,0.04,0.17
24.408,0.12,0.08,0.05,0.15
24.418,0.19,-0.02,0.01,0.19
24.428,0.21,-0.07,-0.02,0.23
24.438,0.12,-0.05,-0.06,0.14
24.448,0.08,-0.03,-0.10,0.13
24.458,0.14,-0.07,-0.15,0.22
24.468,0.13,-0.09,-0.18,0.24
24.478,0.10,-0.10,-0.20,0.25
24.488,0.09,-0.07,-0.20,0.23
24.498,0.10,-0.08,-0.19,0.23
24.508,0.08,-0.08,-0.19,0.22
24.518,0.08,-0.09,-0.16,0.20
24.528,0.08,-0.08,-0.17,0.21
24.538,0.08,-0.06,-0.18,0.20
24.548,0.10,-0.05,-0.18,0.21
24.558,0.11,-0.01,-0.14,0.18
24.568,0.12,-0.00,-0.09,0.15
24.578,0.14,-0.01,-0.02,0.14
24.588,0.13,-0.02,0.03,0.14
24.598,0.12,-0.01,0.06,0.13
24.608,0.08,0.01,0.10,0.13
24.618,0.06,0.01,0.12,0.13
24.628,0.01,-0.02,0.12,0.13
24.638,-0.04,-0.05,0.13,0.14
24.648,-0.07,-0.07,0.11,0.15
24.658,-0.09,-0.11,0.09,0.17
24.668,-0.09,-0.14,0.06,0.18
24.678,-0.08,-0.11,0.06,0.14
24.687,-0.08,-0.08,0.00,0.11
24.698,-0.04,-0.04,-0.02,0.06
24.707,-0.04,-0.01,-0.03,0.05
24.717,-0.05,-0.03,-0.01,0.06
24.727,-0.05,-0.05,-0.01,0.07
24.737,-0.08,-0.06,-0.00,0.10
24.747,-0.10,-0.09,0.02,0.14
24.757,-0.12,-0.10,0.00,0.16
24.767,-0.14,-0.12,0.00,0.18
24.778,-0.16,-0.12,-0.01,0.20
24.787,-0.17,-0.10,-0.01,0.19
24.797,-0.16,-0.10,0.05,0.20
24.807,-0.15,-0.11,0.10,0.21
24.817,-0.15,-0.12,0.15,0.25
24.827,-0.12,-0.11,0.21,0.27
24.837,-0.08,-0.07,0.24,0.26
24.847,-0.06,-0.05,0.22,0.23
24.857,-0.04,-0.05,0.21,0.22
24.867,-0.04,-0.04,0.20,0.20
24.877,-0.05,-0.06,0.15,0.17
24.887,-0.06,-0.08,0.12,0.16
24.897,-0.07,-0.08,0.06,0.12
24.907,-0.07,-0.08,-0.01,0.11
24.917,-0.03,-0.07,-0.03,0.08
24.927,0.01,-0.05,-0.04,0.06
24.937,0.01,-0.05,-0.03,0.06
24.947,0.00,-0.06,-0.01,0.07
24.957,-0.01,-0.08,-0.02,0.08
24.967,-0.03,-0.10,-0.02,0.11
24.977,-0.05,-0.11,-0.02,0.12
24.987,-0.04,-0.12,-0.01,0.13
24.997,-0.03,-0.10,-0.00,0.10
25.007,0.00,-0.07,0.03,0.07
25.017,0.01,-0.03,0.03,0.04
25.027,0.01,-0.01,0.04,0.05
25.037,0.01,-0.02,0.06,0.06
25.047,0.01,-0.02,0.07,0.07
25.057,-0.02,-0.04,0.09,0.10
25.067,-0.05,-0.06,0.07,0.11
25.077,-0.09,-0.09,0.06,0.14
25.087,-0.11,-0.13,0.05,0.18
25.097,-0.10,-0.15,0.03,0.18
25.107,-0.09,-0.14,0.01,0.16
25.117,-0.07,-0.07,-0.02,0.10
25.127,-0.03,-0.04,-0.05,0.07
25.137,-0.01,-0.02,-0.07,0.07
25.147,0.00,-0.00,-0.05,0.05
25.157,0.03,-0.01,-0.02,0.04
25.166,0.04,-0.00,-0.01,0.04
25.177,0.03,-0.01,0.03,0.04
25.187,0.04,0.00,0.02,0.05
25.196,0.06,0.01,-0.01,0.06
25.206,0.09,0.02,-0.02,0.10
25.216,0.12,0.04,-0.04,0.13
25.226,0.14,0.04,-0.05,0.15
25.236,0.14,0.06,-0.02,0.16
25.246,0.15,0.06,0.02,0.16
25.256,0.13,0.06,0.03,0.15
25.266,0.09,0.04,0.06,0.11
25.276,0.05,0.03,0.04,0.07
25.286,0.05,0.01,0.03,0.06
25.296,0.05,-0.00,0.02,0.06
25.306,0.05,0.01,-0.02,0.05
25.316,0.04,-0.00,-0.04,0.06
25.326,-0.00,-0.02,-0.04,0.05
25.336,-0.02,-0.06,-0.01,0.06
25.346,-0.05,-0.07,0.02,0.09
25.356,-0.06,-0.07,0.05,0.10
25.366,-0.07,-0.08,0.08,0.13
25.376,-0.06,-0.08,0.06,0.11
25.386,-0.07,-0.09,0.04,0.12
25.396,-0.07,-0.08,0.01,0.11
25.406,-0.06,-0.09,-0.01,0.11
25.416,-0.06,-0.08,-0.02,0.10
25.426,-0.06,-0.05,-0.04,0.09
25.436,-0.01,-0.02,-0.04,0.05
25.446,-0.00,-0.00,-0.02,0.02
25.456,0.00,-0.02,0.00,0.02
25.466,-0.00,-0.02,0.03,0.03
25.476,-0.01,-0.04,0.01,0.04
25.486,0.02,-0.07,-0.01,0.08
25.496,0.03,-0.08,-0.00,0.08
25.506,0.03,-0.09,0.01,0.10
25.516,0.01,-0.10,-0.02,0.10
25.526,-0.02,-0.11,-0.03,0.11
25.536,-0.06,-0.13,-0.05,0.15
25.546,-0.12,-0.13,-0.05,0.18
25.556,-0.19,-0.14,-0.04,0.23
25.566,-0.20,-0.15,-0.03,0.26
25.576,-0.21,-0.17,-0.02,0.27
25.586,-0.22,-0.20,0.01,0.29
25.596,-0.22,-0.18,0.06,0.29
25.606,-0.19,-0.16,0.08,0.26
25.616,-0.17,-0.16,0.13,0.26
25.626,-0.18,-0.12,0.16,0.27
25.636,-0.15,-0.04,0.21,0.26
25.646,-0.09,0.02,0.23,0.25
25.655,-0.02,0.05,0.23,0.24
25.665,0.05,0.09,0.21,0.23
25.675,0.11,0.10,0.18,0.23
25.685,0.18,0.14,0.12,0.25
25.695,0.22,0.17,0.04,0.29
25.705,0.24,0.20,0.00,0.31
25.715,0.21,0.17,-0.07,0.28
25.725,0.19,0.14,-0.07,0.25
25.735,0.13,0.11,-0.10,0.19
25.745,0.11,0.06,-0.13,0.18
25.755,0.12,0.03,-0.13,0.18
25.765,0.12,0.02,-0.15,0.19
25.775,0.12,0.01,-0.13,0.18
25.785,0.14,0.00,-0.13,0.19
25.795,0.16,0.01,-0.13,0.20
25.805,0.13,0.03,-0.13,0.19
25.815,0.14,0.01,-0.11,0.18
25.825,0.13,-0.01,-0.10,0.16
25.835,0.09,-0.04,-0.11,0.15
25.845,0.05,-0.05,-0.13,0.15
25.855,0.01,-0.04,-0.17,0.17
25.865,-0.03,-0.06,-0.20,0.21
25.875,-0.03,-0.08,-0.22,0.24
25.885,-0.02,-0.09,-0.22,0.24
25.895,0.00,-0.09,-0.17,0.19
25.905,0.02,-0.08,-0.12,0.14
25.915,0.03,-0.08,-0.05,0.10
25.925,0.00,-0.09,0.02,0.09
25.935,-0.04,-0.08,0.08,0.12
25.945,-0.07,-0.10,0.13,0.18
25.955,-0.11,-0.11,0.18,0.24
25.965,-0.15,-0.11,0.21,0.28
25.975,-0.17,-0.11,0.18,0.27
25.985,-0.20,-0.09,0.13,0.26
25.995,-0.20,-0.08,0.10,0.24
26.005,-0.17,-0.07,0.07,0.20
26.015,-0.15,-0.07,0.08,0.18
26.025,-0.12,-0.10,0.08,0.18
26.035,-0.07,-0.11,0.10,0.17
26.045,-0.14,-0.09,0.11,0.20
26.055,-0.09,-0.10,0.03,0.14
26.065,-0.02,-0.06,0.01,0.06
26.075,-0.03,-0.02,0.01,0.04
26.085,-0.03,-0.03,0.02,0.05
26.095,-0.04,-0.03,-0.00,0.05
26.105,-0.01,-0.02,0.00,0.02
26.115,0.03,0.00,-0.01,0.03
26.124,0.04,0.00,-0.04,0.06
26.134,0.03,0.01,-0.07,0.08
26.145,0.05,-0.02,-0.10,0.12
26.154,0.04,-0.02,-0.12,0.12
26.164,0.00,-0.04,-0.08,0.09
26.174,-0.02,-0.05,-0.07,0.09
26.184,-0.06,-0.08,-0.05,0.11
26.194,-0.11,-0.08,-0.05,0.15
26.204,-0.10,-0.07,-0.04,0.13
26.214,-0.09,-0.07,-0.04,0.12
26.224,-0.07,-0.06,-0.06,0.11
26.234,-0.03,-0.05,-0.06,0.08
26.244,-0.01,-0.03,-0.08,0.09
26.254,0.00,-0.04,-0.07,0.08
26.264,0.02,-0.04,-0.09,0.10
26.274,0.01,-0.04,-0.10,0.11
26.284,0.02,-0.05,-0.09,0.10
26.294,0.03,-0.06,-0.07,0.10
26.304,0.03,-0.05,-0.06,0.08
26.314,0.04,-0.04,-0.01,0.06
26.324,0.03,-0.02,0.03,0.04
26.334,-0.02,0.01,0.08,0.08
26.344,-0.06,-0.01,0.08,0.10
26.354,-0.08,-0.04,0.12,0.15
26.364,-0.08,-0.07,0.11,0.15
26.374,-0.07,-0.08,0.12,0.16
26.384,-0.04,-0.10,0.08,0.13
26.394,-0.03,-0.12,0.02,0.13
26.404,-0.04,-0.10,-0.01,0.11
26.414,-0.04,-0.09,-0.02,0.10
26.424,-0.04,-0.04,-0.01,0.06
26.434,0.04,-0.09,-0.04,0.10
26.444,-0.01,-0.07,-0.03,0.07
26.454,-0.04,-0.05,0.01,0.06
26.464,-0.05,-0.06,0.04,0.09
26.474,-0.08,-0.07,0.04,0.11
26.484,-0.10,-0.06,0.02,0.11
26.494,-0.12,-0.07,-0.01,0.13
26.504,-0.10,-0.08,-0.01,0.13
26.514,-0.08,-0.10,-0.01,0.12
26.524,-0.05,-0.08,0.01,0.10
26.534,-0.04,-0.03,0.03,0.06
26.544,-0.02,0.00,0.01,0.02
26.554,-0.01,0.01,0.03,0.04
26.563,-0.01,0.03,0.05,0.06
26.573,-0.01,0.03,0.06,0.07
26.584,-0.02,0.00,0.09,0.10
26.593,-0.04,-0.01,0.10,0.11
26.603,-0.04,-0.04,0.09,0.11
26.614,-0.03,-0.04,0.07,0.08
26.623,-0.03,-0.01,0.05,0.06
26.634,0.01,0.00,-0.02,0.02
26.643,0.06,0.02,-0.05,0.08
26.653,0.09,0.03,-0.11,0.15
26.663,0.12,0.02,-0.16,0.20
26.673,0.15,0.04,-0.20,0.25
26.683,0.17,0.05,-0.26,0.31
26.693,0.19,0.04,-0.30,0.36
26.703,0.20,0.05,-0.33,0.38
26.713,0.20,0.07,-0.30,0.37
26.723,0.22,0.04,-0.26,0.34
26.733,0.19,0.01,-0.24,0.30
26.743,0.16,0.01,-0.19,0.25
26.753,0.15,0.01,-0.14,0.20
26.763,0.13,-0.00,-0.10,0.17
26.773,0.12,-0.02,-0.08,0.14
26.783,0.11,-0.03,-0.08,0.14
26.793,0.08,-0.05,-0.09,0.13
26.803,0.06,-0.06,-0.11,0.14
26.813,0.03,-0.05,-0.11,0.13
26.823,0.01,-0.03,-0.10,0.10
26.833,0.03,-0.02,-0.08,0.09
26.843,0.04,-0.00,-0.09,0.09
26.853,0.03,-0.00,-0.05,0.06
26.863,0.01,-0.01,-0.03,0.04
26.873,-0.01,-0.02,-0.00,0.02
26.883,-0.03,-0.02,0.03,0.05
26.893,-0.07,-0.03,0.06,0.10
26.903,-0.06,-0.05,0.09,0.12
26.913,-0.06,-0.06,0.10,0.13
26.923,-0.07,-0.08,0.12,0.16
26.933,-0.10,-0.10,0.14,0.19
26.943,-0.11,-0.10,0.14,0.21
26.953,-0.11,-0.10,0.16,0.22
26.963,-0.11,-0.08,0.12,0.18
26.973,-0.08,-0.05,0.11,0.15
26.983,-0.04,-0.03,0.09,0.10
26.993,-0.01,0.01,0.09,0.09
27.003,0.05,0.01,0.10,0.11
27.013,0.06,0.02,0.08,0.10
27.023,0.07,-0.02,0.11,0.13
27.033,0.06,-0.01,0.12,0.13
27.042,0.02,0.02,0.10,0.11
27.053,-0.01,0.03,0.06,0.07
27.063,-0.07,0.02,0.02,0.08
27.073,-0.07,0.01,-0.01,0.07
27.082,-0.05,-0.04,-0.02,0.07
27.093,-0.01,-0.06,-0.03,0.07
27.102,0.04,-0.05,-0.04,0.08
27.112,0.08,-0.06,-0.04,0.11
27.122,0.07,-0.09,-0.05,0.12
27.132,0.06,-0.15,-0.07,0.18
27.142,0.05,-0.15,-0.08,0.18
27.152,0.02,-0.13,-0.07,0.15
27.162,-0.00,-0.09,-0.08,0.12
27.172,-0.02,-0.07,-0.05,0.09
27.182,-0.03,-0.06,-0.01,0.07
27.192,-0.05,-0.03,0.04,0.07
27.202,-0.05,-0.04,0.09,0.11
27.212,-0.09,-0.07,0.15,0.18
27.222,-0.11,-0.10,0.17,0.22
27.232,-0.12,-0.13,0.16,0.24
27.242,-0.11,-0.14,0.16,0.24
27.252,-0.08,-0.14,0.14,0.21
27.262,-0.02,-0.19,0.11,0.22
27.272,0.08,-0.26,0.08,0.29
27.282,0.13,-0.28,0.05,0.32
27.292,0.15,-0.29,0.01,0.33
27.302,0.14,-0.28,-0.06,0.32
27.312,0.09,-0.25,-0.13,0.30
27.322,0.05,-0.17,-0.20,0.27
27.332,-0.01,-0.00,-0.23,0.23
27.342,-0.15,0.31,-0.21,0.40
27.352,-0.43,0.57,-0.12,0.72
27.362,-0.51,0.50,-0.02,0.71
27.372,-0.25,0.24,0.08,0.35
27.382,-0.11,0.15,0.18,0.26
27.392,-0.10,0.33,0.25,0.43
27.402,0.09,0.01,0.32,0.33
27.412,0.26,-0.69,0.39,0.83
27.422,0.20,-0.92,0.35,1.00
27.432,-0.27,-0.06,0.28,0.40
27.442,-0.44,0.45,0.14,0.64
27.452,-0.12,-0.71,0.11,0.73
27.462,0.09,-0.53,0.09,0.54
27.471,-0.01,0.12,0.05,0.13
27.482,0.01,0.36,-0.02,0.37
27.492,0.12,0.34,-0.05,0.37
27.502,0.19,0.21,-0.04,0.29
27.512,0.24,0.09,-0.03,0.26
27.521,0.23,0.04,-0.02,0.23
27.531,0.12,0.03,-0.05,0.13
27.541,0.02,-0.01,-0.09,0.09
27.551,-0.07,-0.08,-0.11,0.16
27.561,-0.12,-0.16,-0.07,0.21
27.571,-0.14,-0.19,-0.05,0.25
27.581,-0.15,-0.19,-0.06,0.25
27.591,-0.11,-0.15,-0.07,0.20
27.601,-0.08,-0.09,-0.08,0.14
27.611,-0.01,-0.06,-0.10,0.11
27.621,0.08,-0.03,-0.09,0.13
27.631,0.14,-0.02,-0.08,0.16
27.641,0.20,-0.00,-0.08,0.22
27.651,0.23,0.04,-0.09,0.25
27.661,0.24,0.11,-0.07,0.27
27.671,0.23,0.10,-0.10,0.27
27.681,0.23,0.04,-0.08,0.25
27.691,0.27,0.08,0.04,0.29
27.701,0.36,0.19,0.08,0.42
27.711,0.40,0.24,0.02,0.46
27.721,0.43,0.27,0.01,0.50
27.731,0.48,0.42,0.01,0.64
27.741,0.47,0.50,-0.05,0.69
27.751,0.37,0.41,-0.16,0.58
27.761,0.29,0.18,-0.25,0.42
27.771,0.13,-0.13,-0.19,0.27
27.781,-0.13,-0.31,-0.04,0.34
27.791,-0.27,-0.35,0.10,0.45
27.801,-0.31,-0.30,0.13,0.45
27.811,-0.31,-0.20,0.05,0.37
27.821,-0.26,-0.13,-0.07,0.30
27.831,-0.26,-0.12,-0.14,0.32
27.841,-0.23,-0.16,-0.17,0.33
27.851,-0.25,-0.21,-0.13,0.35
27.861,-0.28,-0.25,-0.07,0.38
27.871,-0.31,-0.27,0.00,0.41
27.881,-0.29,-0.25,0.03,0.38
27.891,-0.28,-0.23,0.04,0.37
27.901,-0.18,-0.16,0.06,0.25
27.911,-0.13,-0.09,0.05,0.17
27.921,-0.07,-0.06,0.07,0.11
27.931,-0.01,-0.02,0.04,0.04
27.940,0.03,-0.00,0.02,0.04
27.951,0.02,0.02,0.01,0.03
27.961,0.04,-0.01,-0.04,0.06
27.971,0.03,0.01,-0.06,0.07
27.981,0.06,0.05,-0.04,0.09
27.991,0.06,0.02,-0.06,0.09
28.000,0.05,-0.04,-0.04,0.08
28.011,0.04,-0.08,-0.01,0.10
28.020,0.04,-0.11,0.02,0.11
28.030,0.04,-0.06,0.04,0.08
28.041,-0.01,-0.05,0.03,0.06
28.050,-0.03,-0.05,0.04,0.07
28.061,0.17,-0.05,0.02,0.18
28.070,0.19,-0.02,-0.07,0.21
28.080,0.07,0.05,-0.14,0.16
28.090,0.01,0.03,-0.16,0.17
28.100,-0.04,-0.08,-0.16,0.19
28.110,-0.10,-0.19,-0.09,0.23
28.120,-0.12,-0.29,0.02,0.31
28.130,-0.13,-0.27,0.10,0.31
28.140,-0.07,-0.17,0.13,0.23
28.150,0.01,-0.06,0.08,0.10
28.160,0.03,0.12,-0.05,0.14
28.170,0.06,0.24,-0.11,0.27
28.180,0.04,0.26,-0.15,0.30
28.190,0.04,0.19,-0.16,0.25
28.200,0.00,0.11,-0.13,0.17
28.210,-0.05,-0.01,-0.05,0.07
28.220,-0.01,-0.10,0.06,0.11
28.230,0.03,-0.09,0.12,0.15
28.240,0.02,0.04,0.11,0.12
28.250,-0.16,0.19,0.06,0.25
28.260,-0.20,0.17,-0.01,0.26
28.270,-0.10,0.01,-0.06,0.12
28.280,0.01,-0.10,-0.03,0.10
28.290,0.10,-0.19,-0.00,0.22
28.300,0.15,-0.21,-0.00,0.26
28.310,0.10,-0.14,-0.01,0.17
28.320,0.06,-0.09,-0.02,0.11
28.330,-0.02,-0.09,-0.06,0.11
28.340,-0.06,-0.14,-0.11,0.19
28.350,-0.06,-0.16,-0.15,0.23
28.360,-0.05,-0.19,-0.18,0.26
28.370,-0.08,-0.17,-0.21,0.28
28.380,-0.27,-0.14,-0.23,0.38
28.390,-0.33,-0.35,-0.29,0.56
28.400,-0.46,-0.62,-0.47,0.91
28.410,-0.44,-0.84,-0.68,1.17
28.420,-0.35,-0.92,-0.80,1.27
28.429,-0.27,-0.77,-0.87,1.19
28.440,-0.21,-0.67,-0.98,1.20
28.450,0.04,-0.52,-1.04,1.17
28.460,0.36,-0.22,-0.98,1.07
28.470,0.61,0.05,-0.91,1.10
28.480,0.71,0.21,-0.80,1.09
28.489,0.65,0.36,-0.63,0.98
28.499,0.78,0.96,-0.55,1.35
28.510,1.06,1.73,-0.52,2.09
28.519,0.82,1.56,-0.35,1.80
28.529,1.14,1.74,-0.12,2.08
28.539,0.94,0.94,0.43,1.40
28.549,0.87,0.14,0.70,1.12
28.559,0.85,-0.37,0.93,1.31
28.569,0.52,-0.38,1.23,1.39
28.579,-0.00,-0.52,1.40,1.50
28.589,-0.28,-0.57,1.50,1.63
28.599,-0.27,-0.30,1.34,1.40
28.609,-0.43,0.07,1.05,1.14
28.619,-0.60,0.18,0.76,0.99
28.629,-0.67,0.19,0.57,0.90
28.639,-0.79,0.08,0.41,0.89
28.649,-0.80,-0.02,0.31,0.86
28.659,-0.65,-0.10,0.32,0.73
28.669,-0.38,-0.23,0.32,0.55
28.679,-0.11,-0.31,0.34,0.47
28.689,0.17,-0.35,0.35,0.52
28.699,0.42,-0.28,0.36,0.62
28.709,0.60,-0.13,0.30,0.68
28.719,0.69,0.01,0.21,0.72
28.729,0.78,0.19,0.15,0.82
28.739,0.79,0.30,0.10,0.85
28.749,0.74,0.31,0.01,0.80
28.759,0.70,0.38,-0.06,0.80
28.769,0.68,0.48,-0.10,0.83
28.779,0.72,0.45,-0.26,0.89
28.789,0.88,0.58,-0.33,1.11
28.799,0.94,0.67,-0.31,1.20
28.809,0.94,0.61,-0.29,1.16
28.819,0.92,0.59,-0.21,1.12
28.829,0.89,0.48,-0.10,1.02
28.839,0.75,0.26,-0.00,0.80
28.849,0.43,-0.13,-0.02,0.45
28.859,0.17,-0.39,-0.07,0.43
28.869,-0.07,-0.46,-0.15,0.49
28.879,-0.28,-0.49,-0.21,0.60
28.889,-0.47,-0.48,-0.33,0.74
28.899,-0.70,-0.58,-0.44,1.01
28.908,-1.04,-0.64,-0.56,1.35
28.919,-1.37,-0.61,-0.67,1.64
28.929,-1.54,-0.64,-0.75,1.82
28.938,-1.43,-0.71,-0.80,1.78
28.949,-1.30,-0.67,-0.89,1.71
28.958,-1.31,-0.41,-0.77,1.57
28.968,-1.17,-0.08,-0.62,1.33
28.978,-0.63,0.34,-0.52,0.88
28.988,-0.16,0.24,-0.55,0.62
28.998,-0.12,-0.26,-0.62,0.68
29.008,-0.28,-0.55,-0.60,0.86
29.018,-0.46,-0.49,-0.53,0.86
29.028,-0.62,-0.50,-0.33,0.87
29.038,-0.73,-0.39,0.06,0.83
29.048,-0.76,-0.18,0.40,0.88
29.058,-0.48,0.14,0.49,0.70
29.068,-0.34,0.24,0.55,0.69
29.078,-0.48,-0.42,0.44,0.77
29.088,-0.31,-1.05,0.03,1.09
29.098,-0.07,-1.27,-0.02,1.27
29.108,0.16,-1.33,0.41,1.41
29.118,0.32,-1.06,1.10,1.56
29.128,0.36,-0.46,1.49,1.60
29.138,0.34,0.07,1.55,1.59
29.148,0.60,0.26,1.39,1.53
29.158,0.83,0.39,1.21,1.52
29.168,1.01,0.63,1.05,1.59
29.178,0.96,0.95,1.12,1.75
29.188,0.48,0.86,1.11,1.48
29.198,-0.14,0.63,1.00,1.19
29.208,-0.64,0.21,0.59,0.89
29.218,-1.03,-0.02,0.39,1.11
29.228,-1.13,-0.14,0.34,1.19
29.238,-0.84,-0.34,0.29,0.95
29.248,-0.35,-0.52,0.28,0.68
29.258,-0.25,-0.66,0.04,0.71
29.268,-0.74,-0.62,-0.18,0.99
29.278,-1.30,-0.56,-0.23,1.44
29.288,-1.83,-0.54,-0.12,1.91
29.298,-2.31,-0.63,0.25,2.40
29.308,-2.24,-0.41,0.75,2.40
29.318,-1.46,-0.04,1.07,1.81
29.328,-0.42,0.12,1.07,1.15
29.338,0.28,0.37,1.03,1.13
29.348,1.28,0.27,0.81,1.54
29.358,1.89,0.08,0.61,1.99
29.368,1.92,-0.09,0.22,1.94
29.378,1.77,0.04,0.22,1.78
29.388,1.82,0.16,0.66,1.95
29.397,1.72,-0.16,0.88,1.94
29.408,1.87,0.07,0.15,1.87
29.417,2.28,-0.19,0.96,2.48
29.428,2.28,-0.41,0.69,2.42
29.437,1.70,-0.37,0.13,1.75
29.447,-0.14,0.05,0.32,0.35
29.457,-3.75,2.25,-0.58,4.41
29.467,-4.42,2.44,-1.74,5.34
29.478,-3.21,0.80,-2.14,3.94
29.487,-1.34,-1.05,-2.18,2.77
29.497,0.49,-2.06,-1.04,2.36
29.507,2.17,-2.60,-0.11,3.39
29.517,3.28,-2.32,0.61,4.06
29.527,3.80,-2.40,0.49,4.53
29.537,3.23,-2.29,0.31,3.97
29.547,2.12,-1.46,0.35,2.60
29.557,0.40,-1.41,-0.10,1.47
29.567,-0.88,-2.41,0.25,2.58
29.577,-2.37,-2.78,0.33,3.66
29.587,-3.33,-2.90,-0.50,4.45
29.597,-4.18,-1.56,-1.16,4.61
29.607,-3.92,-0.76,-2.43,4.68
29.617,-0.92,-0.88,-3.90,4.10
29.627,-0.38,2.39,-4.16,4.81
29.637,-3.22,5.38,-2.80,6.86
29.647,-3.20,3.03,-0.88,4.50
29.657,-1.84,-0.81,1.91,2.77
29.667,-1.13,-2.91,4.00,5.07
29.677,-0.02,-4.35,4.46,6.23
29.687,2.23,-4.53,1.38,5.24
29.697,4.52,-3.25,-3.20,6.41
29.707,5.74,-3.05,-2.61,7.01
29.717,6.16,-3.70,-0.40,7.19
29.727,6.19,-4.86,0.75,7.91
29.737,5.70,-5.61,1.15,8.08
29.747,3.64,-4.84,1.52,6.24
29.757,2.10,-4.39,0.60,4.90
29.767,0.44,-4.02,-0.26,4.06
29.777,-1.44,-3.87,0.16,4.13
29.787,-2.95,-3.70,0.89,4.82
29.797,-3.30,-2.97,1.97,4.86
29.807,-3.60,-2.07,3.33,5.33
29.817,-4.00,-1.84,3.83,5.84
29.827,-3.85,-1.55,3.09,5.18
29.837,-2.23,-3.28,1.48,4.23
29.847,-2.12,-4.11,0.17,4.63
29.857,-1.37,-3.44,-2.65,4.55
29.867,0.13,-5.81,-4.03,7.07
29.876,-0.64,-4.49,-2.67,5.26
29.886,-1.17,-4.34,-3.31,5.58
29.896,0.65,-4.14,-3.19,5.26
29.906,2.43,-3.88,-3.71,5.89
29.916,5.03,-4.31,-3.95,7.71
29.926,5.67,-2.82,-2.03,6.65
29.936,3.91,-2.58,0.46,4.70
29.946,5.99,-2.31,1.43,6.58
29.956,8.34,-1.06,2.18,8.68
29.966,9.28,0.20,3.75,10.01
29.976,10.71,1.09,5.17,11.94
29.986,11.14,1.63,6.79,13.15
29.996,10.73,1.55,8.19,13.59
30.006,9.92,0.88,8.34,12.99
30.016,8.07,-1.12,7.54,11.10
30.026,7.47,-3.21,6.16,10.20
30.036,6.42,-3.02,4.59,8.45
30.046,1.92,-4.25,3.06,5.58
30.056,-0.84,-6.25,1.33,6.45
30.066,-1.83,-6.45,-0.49,6.73
30.076,-3.06,-6.25,-2.13,7.28
30.086,-6.20,-5.42,-3.80,9.07
30.096,-8.97,-4.25,-5.07,11.15
30.106,-10.31,-4.58,-5.25,12.44
30.116,-10.53,-4.72,-4.96,12.56
30.126,-10.17,-3.60,-4.23,11.59
30.136,-8.99,-2.07,-2.98,9.70
30.146,-7.84,-1.01,-1.45,8.04
30.156,-6.68,-0.66,-0.48,6.73
30.166,-4.97,0.46,-1.43,5.19
30.176,-4.40,0.20,-4.14,6.05
30.186,-2.68,-0.53,-4.89,5.60
30.196,-0.87,-0.53,-3.66,3.80
30.206,-0.25,-1.17,-2.91,3.15
30.216,-1.79,-1.03,-0.90,2.25
30.226,-2.09,-1.09,0.15,2.36
30.236,-1.28,-2.05,0.18,2.42
30.246,-0.19,-2.69,-0.48,2.74
30.256,1.06,-3.12,-1.54,3.64
30.266,2.08,-3.42,-3.13,5.08
30.276,2.36,-3.48,-4.61,6.24
30.286,1.92,-2.91,-5.74,6.71
30.296,0.54,-2.62,-6.41,6.95
30.306,-0.99,-2.32,-6.42,6.90
30.316,-1.44,-1.79,-6.02,6.44
30.326,-1.04,-1.39,-5.66,5.92
30.335,0.13,-1.39,-5.09,5.27
30.345,1.15,-1.21,-3.97,4.31
30.356,1.88,-1.29,-2.66,3.50
30.366,1.70,-1.30,-1.71,2.74
30.376,0.97,-1.60,-1.06,2.16
30.385,0.19,-1.78,-0.41,1.84
30.396,-0.37,-1.30,0.08,1.35
30.405,-0.18,-0.97,0.39,1.06
30.415,0.32,-0.80,0.70,1.11
30.425,0.65,-1.52,0.85,1.86
30.435,0.73,-1.59,0.50,1.82
30.445,0.88,-0.27,-0.40,1.00
30.455,0.41,0.33,-1.67,1.75
30.465,0.03,0.29,-2.27,2.29
30.475,0.17,-0.12,-1.97,1.98
30.485,0.55,-0.44,-1.27,1.45
30.495,0.86,-0.40,-0.95,1.34
30.505,0.98,-0.09,-0.97,1.38
30.515,0.80,0.39,-0.54,1.04
30.525,0.81,0.66,0.32,1.09
30.535,1.07,0.43,0.97,1.51
30.545,1.32,0.02,1.21,1.79
30.555,1.33,-0.23,1.25,1.84
30.565,1.16,-0.34,1.14,1.66
30.575,1.23,-0.50,0.59,1.45
30.585,1.31,-0.64,-0.35,1.50
30.595,1.07,-0.55,-1.26,1.74
30.605,0.55,-0.35,-1.91,2.02
30.615,0.15,-0.13,-2.01,2.02
30.625,0.07,0.07,-1.44,1.44
30.635,0.33,0.02,-0.76,0.83
30.645,0.60,-0.14,-0.12,0.63
30.655,0.68,-0.26,0.51,0.89
30.665,0.75,-0.26,0.67,1.04
30.675,0.53,-0.20,0.42,0.71
30.685,0.26,-0.20,0.09,0.34
30.695,0.23,-0.12,-0.12,0.28
30.705,0.38,0.07,-0.15,0.42
30.715,0.56,0.10,-0.35,0.67
30.725,0.55,0.07,-0.51,0.75
30.735,0.42,0.01,-0.48,0.63
30.745,0.36,-0.05,-0.42,0.55
30.755,0.38,-0.11,-0.52,0.65
30.765,0.21,-0.26,-0.48,0.59
30.775,-0.03,-0.36,-0.24,0.43
30.785,0.00,-0.52,-0.26,0.58
30.795,0.26,-0.58,-0.03,0.63
30.805,0.15,-0.29,-0.86,0.93
30.814,-0.32,0.28,-1.02,1.11
30.825,-0.42,0.51,-0.92,1.14
30.834,0.03,0.30,-0.87,0.92
30.844,0.58,0.08,-0.76,0.96
30.854,0.98,-0.11,-0.55,1.12
30.864,1.05,-0.24,-0.21,1.09
