time,wx,wy,wz
0.007,-0.23,0.08,-0.13
0.019,-0.33,0.16,0.02
0.036,-0.31,-0.17,0.19
0.053,-0.18,-0.46,0.28
0.070,0.09,-0.68,0.27
0.086,0.51,-0.74,0.36
0.103,0.89,-0.42,0.56
0.120,1.07,-0.20,0.70
0.137,1.10,-0.02,0.78
0.153,0.96,-0.02,0.86
0.170,0.77,-0.13,0.97
0.187,0.67,-0.31,1.12
0.203,0.68,-0.44,1.25
0.220,0.56,-0.33,0.88
0.250,0.38,-0.23,0.70
0.267,0.11,-0.27,0.66
0.283,-0.25,-0.36,0.83
0.317,-0.34,-0.47,0.71
0.333,-0.50,-0.53,0.50
0.350,-0.50,-0.45,0.60
0.383,-0.29,-0.36,0.87
0.400,-0.17,-0.29,0.85
0.417,-0.15,-0.15,0.85
0.433,-0.14,0.06,0.93
0.450,-0.14,0.13,1.08
0.467,-0.15,0.04,1.23
0.483,-0.20,-0.12,1.25
0.500,-0.27,-0.14,1.22
0.517,-0.25,-0.08,1.20
0.533,-0.16,-0.06,1.16
0.550,-0.12,-0.12,1.04
0.567,-0.17,-0.14,0.82
0.587,-0.44,-0.10,0.60
0.604,-0.73,-0.19,0.36
0.620,-0.88,-0.30,0.14
0.637,-0.92,-0.30,0.01
0.658,-0.96,-0.53,0.00
0.683,-0.83,-0.64,0.03
0.700,-0.72,-0.55,0.10
0.717,-0.71,-0.38,0.20
0.733,-0.74,-0.26,0.34
0.750,-0.72,-0.21,0.43
0.767,-0.64,-0.24,0.45
0.783,-0.52,-0.27,0.41
0.800,-0.36,-0.32,0.32
0.817,-0.24,-0.37,0.23
0.833,-0.17,-0.46,0.17
0.850,-0.13,-0.50,0.14
0.867,-0.09,-0.45,0.11
0.883,-0.03,-0.26,0.07
0.900,0.02,-0.12,0.02
0.917,0.05,-0.02,-0.05
0.933,-0.00,0.00,-0.13
0.967,-0.00,-0.04,-0.14
0.983,0.09,-0.00,-0.22
1.000,0.13,0.08,-0.18
1.021,0.16,0.15,-0.12
1.038,0.17,0.13,-0.07
1.054,0.16,0.08,-0.03
1.070,0.13,-0.02,0.01
1.087,0.11,-0.15,0.07
1.104,0.15,-0.22,0.12
1.121,0.17,-0.21,0.16
1.137,0.16,-0.11,0.21
1.153,0.13,0.01,0.27
1.170,0.11,0.04,0.28
1.187,0.12,-0.03,0.26
1.203,0.12,-0.14,0.21
1.220,0.08,-0.21,0.15
1.237,0.05,-0.23,0.13
1.253,0.07,-0.17,0.16
1.270,0.13,-0.09,0.18
1.287,0.15,-0.06,0.20
1.303,0.15,-0.09,0.21
1.320,0.15,-0.17,0.21
1.337,0.16,-0.23,0.20
1.353,0.15,-0.22,0.16
1.370,0.10,-0.23,0.13
1.387,0.07,-0.18,0.12
1.417,0.09,-0.15,0.11
1.433,0.09,-0.11,0.10
1.450,0.06,-0.06,0.07
1.467,0.05,-0.00,0.04
1.483,0.02,0.05,0.01
1.500,-0.01,0.10,0.01
1.521,0.00,0.04,0.04
1.538,0.02,-0.01,0.05
1.554,0.01,-0.05,0.05
1.571,-0.02,-0.09,0.04
1.587,-0.05,-0.07,0.03
1.604,-0.05,-0.07,0.03
1.620,-0.01,-0.00,0.04
1.637,0.03,0.08,0.08
1.654,0.02,0.08,0.10
1.670,-0.01,0.03,0.11
1.687,-0.01,-0.09,0.10
1.707,0.03,-0.15,0.09
1.720,0.07,-0.08,0.10
1.737,0.06,0.02,0.10
1.753,0.02,0.08,0.06
1.770,-0.03,0.10,-0.00
1.787,-0.04,0.07,-0.04
1.803,-0.03,0.08,-0.06
1.820,-0.02,0.07,-0.04
1.837,-0.03,0.08,-0.02
1.853,-0.03,0.08,0.00
1.870,-0.01,0.07,0.02
1.887,-0.00,0.03,0.03
1.903,0.02,-0.07,0.04
1.920,0.05,-0.20,0.02
1.937,0.10,-0.23,0.01
1.953,0.14,-0.22,0.04
1.970,0.11,-0.09,0.12
2.000,0.08,-0.02,0.13
2.021,0.08,-0.06,0.05
2.037,0.11,-0.09,-0.02
2.067,0.08,-0.06,-0.06
2.083,0.04,0.03,-0.06
2.100,0.01,0.09,-0.01
2.133,0.06,0.03,0.01
2.150,0.07,-0.03,-0.00
2.167,0.04,-0.02,-0.01
2.200,0.02,0.02,-0.01
2.217,0.03,-0.02,-0.02
2.233,0.04,-0.06,-0.01
2.250,0.02,-0.06,-0.00
2.267,0.01,0.02,0.01
2.283,0.03,0.07,0.05
2.300,0.04,0.03,0.06
2.317,-0.03,0.01,0.05
2.333,-0.08,0.03,-0.01
2.350,-0.05,0.04,-0.01
2.367,-0.02,0.05,-0.02
2.383,-0.00,0.05,-0.02
2.404,-0.01,0.07,-0.03
2.421,-0.01,0.03,-0.04
2.438,0.02,-0.01,-0.05
2.454,0.02,-0.03,-0.05
2.471,0.01,-0.05,-0.06
2.487,0.02,-0.02,-0.04
2.504,0.02,-0.01,-0.03
2.520,0.02,-0.03,-0.00
2.537,0.03,-0.00,0.04
2.554,0.05,-0.07,0.05
2.583,0.06,-0.09,0.05
2.600,0.05,-0.08,0.05
2.617,0.03,-0.09,0.05
2.633,0.04,-0.11,0.03
2.650,0.06,-0.05,0.03
2.667,0.03,0.03,0.04
2.683,0.05,-0.00,-0.00
2.717,0.07,-0.03,-0.04
2.733,0.04,0.03,-0.08
2.750,0.01,0.06,-0.10
2.783,-0.02,0.03,-0.13
2.800,-0.01,0.01,-0.09
2.817,0.01,0.01,-0.04
2.833,0.03,-0.00,-0.00
2.850,0.03,0.01,0.02
2.867,0.02,0.02,0.02
2.883,0.03,0.05,0.00
2.905,0.02,0.05,-0.01
2.921,-0.01,0.03,-0.01
2.938,-0.01,0.05,0.00
2.954,-0.00,0.07,0.02
2.971,0.01,0.06,0.04
2.987,0.03,0.04,0.03
3.004,0.03,0.01,0.01
3.020,0.01,-0.01,-0.00
3.037,0.02,0.02,0.01
3.054,0.02,0.02,0.02
3.070,0.00,-0.00,0.03
3.087,0.01,-0.01,0.03
3.104,0.02,-0.01,0.04
3.120,0.02,-0.03,0.03
3.137,-0.01,-0.05,-0.01
3.167,-0.03,0.01,-0.01
3.183,-0.06,0.06,0.01
3.200,-0.01,0.01,0.04
3.217,0.08,0.06,0.08
3.233,0.08,0.03,0.11
3.254,0.01,-0.05,0.09
3.271,0.02,-0.06,0.07
3.288,0.02,-0.03,0.04
3.304,-0.00,0.01,0.01
3.320,-0.03,0.05,-0.01
3.337,-0.02,0.06,-0.01
3.354,0.01,0.04,0.00
3.370,0.04,0.01,0.03
3.387,0.04,-0.01,0.05
3.404,0.02,-0.01,0.06
3.420,0.02,0.00,0.04
3.437,0.02,-0.00,0.01
3.454,0.00,0.00,-0.01
3.470,-0.00,0.04,-0.02
3.487,-0.01,0.07,-0.02
3.504,-0.01,0.05,-0.01
3.520,0.01,0.01,0.00
3.537,0.01,-0.02,-0.01
3.554,-0.01,-0.01,-0.02
3.570,-0.03,0.02,-0.03
3.587,-0.03,0.07,-0.03
3.604,-0.01,0.09,-0.01
3.621,0.01,0.07,0.03
3.637,0.03,0.01,0.04
3.654,0.02,-0.05,0.04
3.671,0.01,-0.07,0.02
3.687,-0.01,-0.04,-0.01
3.704,-0.02,0.01,-0.02
3.721,-0.01,0.04,-0.01
3.737,0.00,0.05,-0.00
3.754,0.02,0.03,0.01
3.770,0.03,-0.01,0.02
3.787,0.00,-0.04,-0.01
3.807,-0.01,-0.01,-0.03
3.833,-0.02,0.03,-0.06
3.850,-0.02,0.05,-0.07
3.867,-0.02,0.05,-0.06
3.883,-0.02,0.01,-0.04
3.900,-0.03,-0.03,-0.01
3.917,-0.04,0.02,0.04
3.950,-0.04,0.08,0.05
3.967,-0.07,0.30,0.09
3.983,-0.07,0.37,0.12
4.000,-0.05,0.33,0.11
4.017,-0.02,0.22,0.07
4.033,-0.00,0.09,0.03
4.050,0.00,-0.00,-0.01
4.067,0.00,-0.04,-0.05
4.083,-0.00,0.01,-0.07
4.100,-0.03,0.08,-0.07
4.117,-0.04,0.09,-0.06
4.133,-0.03,0.03,-0.05
4.150,-0.02,-0.04,-0.03
4.171,-0.01,-0.10,-0.01
4.188,-0.00,-0.12,0.00
4.204,0.01,-0.10,0.01
4.221,0.00,-0.08,0.01
4.238,-0.02,-0.03,-0.01
4.254,-0.02,0.00,-0.02
4.271,0.00,0.02,-0.03
4.288,0.00,0.02,-0.02
4.305,0.01,0.01,0.02
4.333,0.01,-0.02,0.03
4.350,-0.00,-0.03,0.04
4.367,-0.02,-0.01,0.03
4.383,-0.03,0.01,0.01
4.400,-0.04,-0.00,-0.00
4.417,-0.06,-0.03,0.01
4.433,-0.04,-0.05,0.06
4.450,-0.01,-0.07,0.11
4.467,-0.03,-0.10,0.15
4.483,-0.05,-0.13,0.18
4.500,-0.07,-0.14,0.18
4.534,-0.07,-0.13,0.15
4.550,-0.04,-0.09,0.07
4.567,-0.05,-0.08,0.02
4.600,-0.09,-0.04,-0.05
4.617,-0.08,-0.03,-0.06
4.633,-0.06,-0.05,-0.04
4.650,-0.02,-0.03,-0.02
4.671,-0.02,0.00,-0.05
4.688,-0.05,0.04,-0.13
4.705,-0.09,0.04,-0.23
4.721,-0.12,0.06,-0.34
4.738,-0.09,0.10,-0.41
4.754,-0.04,0.14,-0.44
4.771,-0.01,0.12,-0.43
4.788,-0.00,0.08,-0.39
4.804,-0.01,0.06,-0.33
4.821,-0.00,0.07,-0.26
4.838,-0.00,0.06,-0.22
4.857,-0.02,0.05,-0.21
4.871,-0.05,0.06,-0.20
4.887,-0.08,0.07,-0.16
4.904,-0.10,0.08,-0.10
4.920,-0.10,0.06,-0.05
4.937,-0.07,0.02,-0.04
4.954,-0.05,0.03,-0.03
4.983,-0.07,0.05,-0.03
5.000,-0.09,0.04,-0.05
5.017,-0.11,0.02,-0.05
5.033,-0.10,0.03,-0.06
5.050,-0.09,0.06,-0.07
5.067,-0.09,0.07,-0.06
5.083,-0.09,0.05,-0.06
5.117,-0.10,0.03,-0.05
5.133,-0.06,0.01,-0.04
5.150,-0.03,0.04,-0.05
5.171,-0.03,0.08,-0.06
5.188,-0.05,0.09,-0.07
5.205,-0.06,0.07,-0.08
5.221,-0.05,0.01,-0.08
5.238,-0.02,-0.01,-0.07
5.255,-0.02,0.00,-0.06
5.271,-0.03,0.02,-0.06
5.288,-0.03,0.04,-0.06
5.304,-0.03,0.01,-0.05
5.321,-0.02,0.01,-0.04
5.338,-0.00,0.04,-0.03
5.354,-0.00,0.04,-0.03
5.371,-0.01,0.01,-0.04
5.388,-0.01,0.01,-0.03
5.405,0.00,0.04,-0.01
5.421,0.02,0.02,0.00
5.438,0.02,0.00,0.01
5.454,0.02,0.02,0.02
5.471,0.02,0.03,0.03
5.488,0.02,0.03,0.03
5.505,0.02,0.02,0.03
5.521,0.03,-0.00,0.01
5.538,0.02,0.02,0.00
5.567,0.03,0.03,0.02
5.583,0.04,0.02,0.03
5.600,0.03,-0.02,0.01
5.617,0.03,-0.04,-0.03
5.633,0.02,-0.01,-0.06
5.650,0.02,0.06,-0.05
5.672,0.05,0.09,0.02
5.688,0.06,0.05,0.05
5.705,0.07,-0.00,0.08
5.721,0.07,-0.02,0.09
5.738,0.05,-0.04,0.09
5.755,0.02,-0.04,0.08
5.771,0.01,-0.04,0.08
5.787,0.01,-0.03,0.07
5.804,0.03,-0.01,0.07
5.821,0.04,0.01,0.06
5.838,0.05,0.01,0.04
5.854,0.06,0.01,0.01
5.871,0.07,0.02,-0.01
5.888,0.06,0.05,-0.01
5.904,0.05,0.07,0.01
5.921,0.05,0.07,0.03
5.937,0.04,0.06,0.06
5.954,0.03,0.03,0.09
5.970,0.04,0.01,0.10
5.987,0.05,0.01,0.10
6.004,0.05,0.02,0.09
6.020,0.04,0.02,0.10
6.037,0.04,0.02,0.12
6.054,0.05,0.02,0.14
6.070,0.05,0.00,0.16
6.087,0.06,-0.01,0.17
6.104,0.07,-0.02,0.15
6.120,0.07,-0.02,0.08
6.150,0.05,-0.01,0.06
6.171,0.06,-0.00,0.04
6.187,0.05,-0.02,0.03
6.217,0.03,-0.03,0.02
6.233,0.03,-0.02,0.02
6.250,0.03,-0.01,0.03
6.267,0.03,-0.00,0.03
6.283,0.01,0.00,0.03
6.300,0.00,-0.01,0.02
6.317,0.00,-0.00,0.04
6.350,0.01,0.01,0.07
6.367,0.01,0.02,0.08
6.383,0.01,0.02,0.09
6.400,0.00,0.02,0.09
6.417,0.00,0.00,0.07
6.433,-0.00,-0.00,0.03
6.450,-0.01,0.01,0.01
6.467,-0.02,0.02,0.00
6.483,-0.02,0.01,0.01
6.500,0.00,0.01,0.02
6.517,0.01,-0.01,0.05
6.533,0.01,-0.01,0.06
6.555,0.00,-0.01,0.06
6.571,0.01,-0.01,0.04
6.588,-0.00,-0.02,0.02
6.604,-0.02,-0.01,0.01
6.621,-0.03,0.01,0.02
6.637,-0.02,-0.00,0.04
6.654,-0.01,-0.02,0.08
6.670,-0.00,-0.03,0.13
6.687,0.01,0.01,0.16
6.704,0.01,-0.04,0.16
6.721,-0.00,-0.04,0.14
6.737,-0.00,-0.03,0.10
6.754,0.02,0.03,0.07
6.771,0.03,0.02,0.09
6.800,0.03,-0.00,0.12
6.817,0.03,-0.02,0.11
6.833,0.04,-0.02,0.10
6.850,0.04,-0.02,0.09
6.867,0.03,-0.01,0.08
6.883,0.00,0.01,0.08
6.900,0.02,-0.02,0.10
6.933,0.03,-0.05,0.11
6.950,0.04,-0.03,0.08
6.967,0.04,-0.01,0.04
6.988,0.03,-0.01,0.01
7.004,0.04,0.00,-0.01
7.021,0.05,0.00,-0.01
7.038,0.06,0.02,0.00
7.054,0.06,0.04,0.02
7.071,0.05,0.03,0.04
7.087,0.04,0.01,0.06
7.104,0.03,-0.01,0.07
7.121,0.02,-0.05,0.07
7.137,0.02,-0.06,0.08
7.154,0.02,-0.02,0.08
7.171,0.02,0.00,0.07
7.187,0.02,0.00,0.05
7.204,0.01,-0.02,0.04
7.221,0.02,-0.01,0.03
7.237,0.02,0.00,0.03
7.254,0.01,0.00,0.02
7.271,-0.00,0.00,0.02
7.287,-0.01,-0.00,0.02
7.304,0.01,0.00,0.03
7.321,0.02,-0.00,0.05
7.337,0.03,-0.02,0.06
7.354,0.03,-0.03,0.01
7.383,0.01,0.01,-0.01
7.400,0.01,0.03,0.00
7.417,0.02,-0.01,0.03
7.433,0.05,-0.04,0.06
7.450,0.06,-0.06,0.09
7.467,0.06,-0.06,0.09
7.483,0.03,0.00,0.07
7.517,0.02,0.01,0.07
7.533,0.01,-0.03,0.06
7.550,0.01,-0.04,0.06
7.583,0.03,-0.04,0.06
7.600,0.03,-0.02,0.06
7.617,0.04,-0.00,0.06
7.633,0.05,0.01,0.07
7.650,0.06,-0.01,0.07
7.667,0.07,-0.05,0.05
7.683,0.07,-0.05,0.01
7.700,0.05,0.00,-0.02
7.721,0.06,0.06,-0.02
7.737,0.06,0.10,-0.01
7.754,0.05,0.11,-0.02
7.771,0.04,0.07,-0.03
7.788,0.03,0.04,-0.02
7.804,0.02,0.02,-0.01
7.821,0.02,0.01,0.02
7.837,0.01,-0.00,0.04
7.854,0.00,0.01,0.07
7.870,-0.00,0.02,0.09
7.887,-0.01,0.02,0.09
7.904,-0.00,-0.01,0.08
7.920,0.01,-0.02,0.06
7.937,-0.02,0.05,0.04
7.967,-0.02,0.06,0.04
7.983,-0.00,0.04,0.03
8.000,0.00,0.01,0.04
8.017,-0.00,-0.02,0.04
8.037,0.01,0.00,0.02
8.054,0.02,0.02,0.01
8.070,0.03,0.02,-0.01
8.087,0.02,0.02,-0.02
8.104,0.02,0.00,-0.00
8.120,0.03,-0.02,0.01
8.137,0.04,-0.02,0.03
8.154,0.03,-0.01,0.06
8.170,0.04,-0.02,0.07
8.187,0.04,-0.03,0.06
8.204,0.04,-0.03,0.05
8.220,0.04,-0.02,0.02
8.237,0.04,-0.01,0.00
8.253,0.03,-0.01,-0.02
8.270,0.02,0.00,-0.03
8.287,0.02,0.01,-0.02
8.303,0.02,0.00,-0.01
8.320,0.01,-0.00,0.00
8.337,-0.00,-0.00,0.01
8.353,0.00,-0.01,0.01
8.370,0.01,-0.01,0.02
8.387,0.02,-0.01,0.03
8.403,0.02,-0.00,0.02
8.420,0.01,-0.01,-0.00
8.437,-0.01,-0.00,-0.02
8.454,-0.03,0.01,-0.03
8.470,-0.02,0.01,-0.03
8.487,-0.01,0.01,-0.01
8.504,-0.02,0.00,0.01
8.520,-0.04,0.00,0.02
8.550,-0.05,0.02,0.01
8.567,-0.03,-0.02,0.00
8.583,-0.01,-0.04,-0.01
8.600,0.01,-0.01,-0.01
8.617,0.01,0.05,-0.01
8.633,0.01,0.07,-0.03
8.650,-0.03,0.03,-0.01
8.683,-0.03,-0.01,-0.01
8.700,-0.05,-0.03,-0.02
8.717,-0.04,0.01,-0.04
8.750,-0.05,0.06,-0.04
8.767,-0.05,0.03,-0.03
8.783,-0.04,-0.01,-0.02
8.800,-0.04,-0.05,-0.02
8.817,-0.04,-0.04,-0.03
8.833,-0.04,0.01,-0.03
8.850,-0.04,0.05,-0.03
8.867,-0.02,0.04,-0.03
8.888,0.00,0.02,-0.04
8.904,0.01,0.02,-0.05
8.921,-0.00,0.02,-0.06
8.938,-0.01,0.02,-0.06
8.954,-0.01,0.03,-0.06
8.971,-0.01,0.04,-0.04
8.988,-0.01,0.02,-0.01
9.004,0.00,0.01,0.00
9.021,0.00,-0.01,0.01
9.037,-0.00,-0.02,-0.00
9.054,-0.01,-0.02,-0.02
9.070,-0.01,0.00,-0.03
9.087,-0.01,0.04,-0.03
9.104,0.01,0.01,0.04
9.133,0.03,-0.01,0.06
9.150,0.02,-0.00,0.05
9.167,0.01,0.01,0.01
9.183,-0.01,0.02,-0.04
9.200,-0.01,0.02,-0.05
9.217,0.00,0.02,-0.03
9.233,0.03,0.02,0.01
9.250,0.03,0.01,0.03
9.267,0.02,-0.01,0.03
9.283,0.00,-0.01,-0.00
9.300,-0.00,0.00,-0.02
9.333,0.00,0.00,-0.02
9.350,0.01,0.00,-0.02
9.367,-0.00,-0.01,-0.00
9.388,0.00,-0.01,0.00
9.405,-0.00,-0.02,0.00
9.421,-0.00,-0.02,-0.01
9.438,-0.01,-0.01,-0.03
9.454,-0.03,0.00,-0.04
9.471,-0.03,0.00,-0.03
9.487,-0.02,0.01,-0.00
9.504,-0.02,0.01,0.03
9.521,-0.01,-0.02,0.04
9.537,0.00,-0.02,0.03
9.554,-0.01,0.00,0.02
9.571,-0.03,0.02,-0.01
9.587,-0.02,0.01,-0.03
9.604,-0.01,0.01,-0.03
9.621,-0.01,0.00,-0.00
9.638,0.00,-0.00,0.03
9.654,0.01,-0.01,0.05
9.671,0.01,-0.01,0.06
9.688,0.01,0.00,0.04
9.717,0.01,-0.00,0.03
9.733,0.01,-0.01,0.01
9.750,0.00,-0.01,-0.00
9.767,-0.01,-0.00,-0.02
9.783,-0.03,0.02,-0.02
9.800,-0.03,0.03,-0.03
9.817,-0.03,0.02,-0.01
9.833,-0.02,0.01,0.02
9.850,-0.02,-0.01,0.03
9.867,-0.01,-0.02,0.03
9.888,-0.03,0.02,0.01
9.904,-0.02,0.03,0.01
9.921,-0.01,0.01,0.01
9.938,-0.00,-0.01,-0.00
9.954,-0.01,-0.01,-0.02
9.971,-0.00,0.01,-0.03
9.988,-0.01,0.03,-0.03
10.004,-0.02,0.05,-0.00
10.021,-0.03,0.04,0.02
10.038,-0.02,0.01,0.03
10.054,-0.01,-0.01,0.02
10.071,-0.02,-0.01,0.03
10.088,-0.02,-0.00,0.02
10.107,-0.03,-0.01,-0.01
10.121,-0.04,-0.02,-0.02
10.137,-0.05,-0.01,-0.01
10.154,-0.03,0.00,0.01
10.171,-0.01,0.00,0.01
10.187,0.00,0.00,-0.00
10.204,-0.00,0.02,-0.02
10.221,-0.01,0.02,-0.03
10.238,-0.02,0.01,-0.04
10.254,-0.02,0.02,-0.03
10.271,-0.02,0.02,-0.03
10.288,-0.01,0.02,-0.03
10.304,-0.01,0.04,-0.03
10.321,0.01,0.04,-0.07
10.338,-0.01,0.04,-0.11
10.367,-0.02,0.05,-0.16
10.388,-0.03,0.10,-0.21
10.405,-0.03,0.09,-0.21
10.421,-0.02,0.06,-0.20
10.438,-0.01,0.04,-0.17
10.454,0.00,0.02,-0.13
10.472,0.01,-0.01,-0.11
10.488,0.01,0.00,-0.09
10.504,0.01,0.03,-0.08
10.521,0.01,0.03,-0.09
10.538,0.01,0.02,-0.10
10.554,-0.00,0.06,-0.08
10.571,-0.02,0.06,-0.06
10.588,-0.02,0.02,-0.04
10.604,-0.03,-0.02,-0.03
10.621,-0.04,-0.03,-0.01
10.638,-0.04,0.02,0.03
10.655,-0.05,0.05,0.06
10.671,-0.04,0.02,0.06
10.688,-0.03,0.00,0.05
10.704,-0.04,0.01,0.05
10.721,-0.06,0.02,0.06
10.738,-0.06,0.02,0.09
10.754,-0.03,0.02,0.13
10.771,-0.03,0.01,0.17
10.788,-0.03,0.00,0.21
10.804,-0.03,-0.03,0.21
10.821,-0.03,-0.06,0.18
10.838,-0.04,-0.06,0.15
10.854,-0.05,-0.04,0.10
10.871,-0.03,-0.03,0.07
10.888,0.00,-0.02,0.03
10.905,0.00,0.03,-0.06
10.921,0.01,0.02,-0.08
10.950,0.02,-0.00,-0.08
10.967,0.03,-0.03,-0.07
10.983,0.03,-0.04,-0.05
11.000,0.03,-0.03,-0.03
11.017,0.03,0.02,-0.02
11.033,0.02,0.03,-0.01
11.050,0.01,0.01,-0.01
11.083,0.00,0.03,-0.00
11.100,0.01,-0.08,-0.04
11.117,0.03,-0.01,-0.05
11.150,0.00,0.03,-0.05
11.167,0.01,-0.04,-0.06
11.188,0.03,-0.03,-0.04
11.205,0.04,0.05,-0.02
11.221,0.03,0.08,-0.00
11.238,0.04,0.06,-0.01
11.255,0.05,0.03,-0.02
11.271,0.05,0.03,-0.02
11.288,0.03,0.04,-0.01
11.305,0.04,0.03,-0.00
11.321,0.05,0.02,-0.01
11.338,0.05,0.03,-0.01
11.355,0.03,0.03,-0.01
11.371,0.02,0.01,-0.01
11.388,0.03,-0.02,-0.01
11.405,0.03,-0.01,-0.00
11.421,0.02,0.02,0.02
11.438,0.01,0.01,0.04
11.455,0.00,-0.01,0.04
11.471,-0.01,-0.02,0.03
11.488,-0.02,-0.01,0.04
11.505,-0.01,-0.00,0.05
11.533,-0.00,0.00,0.05
11.550,0.00,0.01,0.05
11.567,-0.02,0.03,0.05
11.583,-0.04,0.04,0.05
11.600,-0.02,0.01,0.06
11.617,-0.02,-0.01,0.05
11.633,-0.03,0.01,0.02
11.667,-0.04,0.05,0.02
11.683,-0.01,0.05,0.03
11.700,0.01,0.02,0.04
11.733,0.01,-0.00,0.04
11.750,-0.01,0.02,0.03
11.767,-0.02,0.04,0.03
11.783,-0.01,0.03,0.05
11.800,-0.00,0.03,0.07
11.817,-0.00,0.03,0.07
11.833,0.01,0.02,0.06
11.850,0.01,0.00,0.03
11.872,-0.00,0.01,0.01
11.889,-0.01,0.02,-0.01
11.905,-0.01,0.02,-0.02
11.922,-0.00,0.03,-0.02
11.938,0.00,0.02,-0.01
11.955,0.02,0.01,-0.01
11.972,0.02,-0.00,-0.00
11.988,0.02,0.00,-0.02
12.005,0.01,0.01,-0.05
12.022,0.00,0.01,-0.07
12.038,0.00,0.01,-0.07
12.055,0.01,0.01,-0.05
12.072,0.01,0.00,-0.04
12.088,0.00,-0.01,-0.05
12.117,-0.01,-0.00,-0.05
12.133,-0.01,0.03,-0.04
12.150,-0.01,0.03,-0.03
12.167,-0.02,0.01,-0.03
12.183,-0.03,-0.02,-0.03
12.200,-0.03,-0.03,-0.04
12.217,-0.03,-0.00,-0.05
12.239,-0.04,0.05,-0.00
12.255,-0.04,0.04,0.04
12.272,-0.03,-0.00,0.08
12.288,-0.02,-0.05,0.09
12.305,-0.02,-0.07,0.08
12.322,-0.02,-0.06,0.05
12.338,-0.02,-0.02,0.01
12.355,-0.02,0.02,-0.01
12.372,-0.01,0.04,-0.01
12.388,0.01,0.02,0.00
12.405,0.03,-0.02,0.02
12.422,0.04,-0.04,0.03
12.438,0.04,-0.01,0.02
12.455,0.03,0.03,0.01
12.472,0.02,0.07,0.00
12.488,0.03,0.07,0.01
12.505,0.03,0.05,0.02
12.522,0.03,0.03,0.03
12.539,0.02,0.01,0.04
12.555,0.02,-0.01,0.04
12.572,0.01,-0.01,0.03
12.589,0.00,0.02,0.03
12.605,-0.00,0.05,0.03
12.622,-0.00,0.05,0.02
12.639,0.01,0.02,0.02
12.655,0.01,0.01,0.02
12.672,-0.00,0.01,0.01
12.700,-0.00,0.02,0.02
12.717,0.00,0.03,0.03
12.733,0.00,0.02,0.03
12.750,0.00,-0.01,0.03
12.767,-0.00,-0.03,0.01
12.783,-0.01,0.01,-0.00
12.800,-0.01,0.03,-0.02
12.817,-0.01,-0.01,-0.03
12.833,0.00,-0.06,-0.03
12.850,0.02,0.03,-0.00
12.867,0.00,0.04,0.00
12.900,0.00,-0.05,0.00
12.917,0.01,-0.04,0.02
12.933,0.00,-0.03,0.00
12.967,0.01,0.05,-0.06
12.983,0.00,0.09,-0.04
13.000,0.01,0.03,-0.01
13.023,0.04,-0.01,0.02
13.039,0.05,-0.01,0.02
13.056,0.03,-0.00,0.00
13.072,0.01,-0.01,-0.02
13.089,0.00,-0.02,-0.04
13.106,-0.00,-0.01,-0.04
13.122,-0.01,-0.01,-0.03
13.139,0.00,0.03,-0.00
13.156,0.02,0.06,0.01
13.172,0.02,0.01,0.01
13.189,0.01,-0.05,0.00
13.206,0.01,-0.02,0.00
13.222,0.00,0.05,0.00
13.239,-0.01,0.04,-0.01
13.256,-0.01,-0.04,-0.02
13.283,-0.01,0.01,0.01
13.300,-0.01,0.01,0.03
13.317,-0.00,-0.00,0.02
13.333,-0.01,-0.00,0.01
13.350,-0.02,-0.01,0.01
13.367,-0.01,0.02,0.01
13.383,-0.01,0.03,0.00
13.400,-0.02,0.01,0.00
13.417,-0.02,-0.00,0.01
13.433,-0.00,-0.00,0.01
13.450,0.01,0.01,-0.02
13.483,0.00,0.03,-0.04
13.500,-0.00,0.01,-0.04
13.523,-0.01,-0.04,-0.04
13.539,-0.01,-0.01,-0.04
13.556,-0.00,0.05,-0.03
13.572,-0.00,0.03,-0.03
13.589,-0.01,-0.04,-0.03
13.606,-0.00,-0.04,-0.03
13.623,0.00,0.05,-0.03
13.639,-0.01,0.08,-0.03
13.656,-0.01,0.04,-0.02
13.673,-0.00,-0.01,0.00
13.689,0.01,-0.03,0.02
13.706,0.03,-0.03,-0.02
13.723,0.02,0.01,-0.07
13.739,-0.00,0.05,-0.11
13.756,-0.00,0.06,-0.09
13.773,0.01,0.05,-0.05
13.789,0.00,0.03,-0.01
13.806,-0.01,0.00,-0.00
13.823,-0.01,-0.00,-0.00
13.839,-0.02,0.01,0.02
13.867,-0.02,-0.01,0.02
13.883,-0.02,-0.03,0.02
13.900,-0.01,-0.01,0.01
13.917,-0.01,0.00,-0.00
13.933,0.00,0.01,-0.01
13.950,0.01,0.01,-0.01
13.967,0.02,0.01,-0.02
13.983,0.01,0.01,-0.04
14.000,0.00,0.01,-0.05
14.017,-0.00,0.02,-0.04
14.033,0.02,-0.02,0.02
14.067,0.03,-0.01,0.04
14.083,0.02,0.01,0.03
14.107,0.02,-0.02,0.01
14.123,0.02,-0.01,0.01
14.139,0.02,0.03,0.02
14.156,0.02,0.00,0.02
14.173,0.02,-0.03,0.02
14.189,0.02,-0.01,0.02
14.206,0.02,0.01,0.03
14.223,0.03,-0.00,0.02
14.239,0.03,-0.01,0.00
14.256,0.02,0.01,0.01
14.273,0.02,0.01,0.00
14.289,0.01,-0.00,-0.00
14.309,0.01,0.01,-0.01
14.323,0.00,-0.00,-0.01
14.339,0.01,-0.00,-0.01
14.356,0.01,0.01,-0.00
14.373,0.00,0.01,0.00
14.389,0.00,-0.02,0.00
14.406,0.01,-0.03,-0.01
14.423,-0.00,0.06,0.00
14.450,0.01,0.01,0.01
14.467,0.02,-0.05,0.02
14.483,0.02,-0.07,0.02
14.500,0.01,-0.02,-0.00
14.517,-0.00,0.04,-0.02
14.533,-0.00,0.05,-0.02
14.550,0.01,0.03,0.01
14.567,0.02,0.01,0.04
14.590,0.01,-0.02,0.01
14.607,-0.01,0.01,-0.01
14.623,-0.01,0.01,-0.02
14.640,-0.00,0.01,-0.01
14.657,0.00,-0.00,0.01
14.673,0.01,-0.02,0.02
14.690,0.02,-0.01,0.01
14.707,0.02,0.00,0.00
14.723,0.02,-0.00,-0.02
14.740,0.02,-0.00,-0.02
14.757,0.01,0.01,-0.02
14.773,0.01,0.00,-0.01
14.790,0.01,0.01,-0.00
14.806,0.02,0.00,0.01
14.823,0.02,-0.02,0.00
14.840,0.02,-0.02,-0.01
14.856,0.00,0.01,-0.01
14.873,-0.00,0.01,-0.00
14.890,0.01,0.01,0.01
14.906,0.01,0.01,0.04
14.923,0.01,-0.01,0.06
14.940,0.02,-0.04,0.07
14.957,0.02,-0.05,0.05
14.973,0.02,-0.03,0.03
14.990,0.01,-0.01,0.01
15.007,0.01,-0.00,0.00
15.033,0.00,-0.00,0.01
15.050,-0.01,-0.00,0.02
15.067,-0.01,0.00,0.03
15.090,-0.00,-0.02,0.04
15.106,-0.00,-0.03,0.05
15.123,0.00,-0.03,0.05
15.140,0.01,-0.00,0.04
15.157,0.03,0.03,0.02
15.173,0.03,0.03,-0.00
15.190,0.03,0.01,-0.02
15.207,0.02,-0.01,-0.02
15.223,0.02,0.00,-0.00
15.240,0.03,0.01,0.03
15.257,0.04,-0.01,0.03
15.273,0.05,-0.01,0.02
15.290,0.03,0.01,-0.01
15.307,0.02,0.03,-0.03
15.324,0.02,0.04,-0.02
15.340,0.02,0.01,-0.00
15.357,0.03,0.01,0.02
15.373,0.03,0.00,0.03
15.390,0.02,-0.03,0.03
15.407,0.01,-0.03,0.01
15.423,0.00,0.03,0.01
15.440,-0.00,0.04,0.01
15.457,0.00,0.02,0.00
15.474,0.00,-0.01,0.01
15.490,0.01,-0.01,0.01
15.507,0.00,0.01,-0.01
15.524,-0.02,0.01,-0.03
15.540,-0.03,0.02,-0.04
15.557,-0.03,0.03,-0.04
15.574,-0.02,0.01,-0.01
15.590,-0.02,-0.03,0.01
15.617,-0.02,-0.01,0.02
15.633,-0.02,0.02,0.01
15.650,-0.03,0.01,-0.00
15.667,-0.04,-0.01,-0.01
15.683,-0.03,-0.01,-0.01
15.700,-0.02,0.02,-0.00
15.717,-0.01,0.00,0.00
15.733,0.00,0.00,0.01
15.750,0.01,0.03,0.00
15.767,0.01,0.04,-0.01
15.783,0.00,0.03,-0.03
15.800,-0.01,0.01,-0.05
15.817,-0.03,0.01,-0.05
15.833,-0.04,0.01,-0.04
15.850,-0.02,0.06,0.02
15.883,-0.01,0.04,0.04
15.900,-0.02,-0.02,0.06
15.917,-0.03,-0.02,0.06
15.950,-0.03,-0.00,0.01
15.967,-0.03,0.02,0.02
15.983,-0.02,0.01,0.03
16.000,0.01,-0.01,0.04
16.017,0.02,-0.02,0.05
16.033,0.02,-0.02,0.04
16.050,0.02,-0.01,0.02
16.067,0.01,-0.01,-0.01
16.083,-0.00,0.00,-0.02
16.108,0.00,0.01,-0.01
16.124,0.02,0.01,0.01
16.141,0.02,0.00,0.03
16.157,0.01,-0.01,0.02
16.174,0.00,-0.01,-0.02
16.200,0.01,-0.00,-0.04
16.217,0.01,0.01,-0.05
16.233,-0.00,0.01,-0.04
16.250,-0.01,0.01,-0.03
16.267,-0.02,-0.02,-0.02
16.283,-0.03,-0.03,-0.00
16.300,-0.03,-0.00,0.00
16.317,-0.03,-0.00,-0.00
16.333,-0.02,-0.00,-0.02
16.350,-0.03,0.02,-0.02
16.367,-0.03,0.02,-0.01
16.383,-0.03,0.00,-0.01
16.400,-0.03,0.02,0.00
16.417,-0.04,0.03,0.02
16.433,-0.03,0.02,0.02
16.467,-0.04,0.02,0.01
16.483,-0.03,0.04,0.01
16.500,-0.02,0.05,0.01
16.533,0.01,0.02,-0.01
16.550,0.03,0.05,-0.02
16.566,0.04,0.06,-0.02
16.583,0.05,0.06,-0.03
16.608,0.05,0.04,-0.02
16.624,0.05,0.03,0.00
16.641,0.04,0.02,0.03
16.658,0.05,0.02,0.05
16.674,0.04,0.04,0.02
16.691,0.03,0.07,-0.03
16.708,0.02,0.07,-0.08
16.724,0.02,0.08,-0.08
16.741,0.03,0.08,-0.04
16.758,0.04,0.09,0.05
16.783,0.06,0.06,0.10
16.800,0.09,0.01,0.16
16.816,0.08,-0.01,0.22
16.833,0.04,-0.03,0.28
16.850,0.01,-0.10,0.29
16.867,0.00,-0.15,0.25
16.883,-0.01,-0.09,0.21
16.900,0.00,0.03,0.20
16.916,0.05,0.05,0.16
16.933,0.12,-0.02,0.11
16.950,0.09,-0.07,0.07
16.966,0.03,-0.04,0.02
16.983,0.03,0.00,-0.03
17.000,0.04,0.03,-0.07
17.016,0.01,0.02,-0.03
17.050,-0.01,-0.02,0.00
17.066,-0.02,-0.08,-0.02
17.083,-0.05,-0.03,-0.04
17.108,-0.06,0.02,-0.04
17.125,-0.05,0.02,-0.04
17.141,-0.04,-0.01,-0.02
17.158,-0.02,-0.03,-0.01
17.175,-0.01,-0.03,0.00
17.191,0.02,-0.01,0.01
17.208,0.04,0.02,0.01
17.225,0.04,0.03,-0.02
17.241,0.02,0.02,-0.05
17.258,0.01,0.02,-0.07
17.275,-0.00,0.03,-0.07
17.291,-0.01,0.03,-0.04
17.308,-0.01,0.02,-0.02
17.325,0.00,0.00,-0.00
17.341,0.00,0.05,0.02
17.366,0.01,0.08,0.03
17.383,0.03,0.07,0.02
17.400,0.04,-0.01,0.00
17.416,0.04,0.02,0.02
17.433,0.05,0.04,0.03
17.450,0.05,0.02,0.01
17.466,0.04,-0.02,-0.00
17.483,0.01,-0.03,-0.00
17.500,-0.01,0.01,0.02
17.516,-0.01,0.03,0.04
17.533,-0.01,-0.01,0.05
17.550,-0.00,-0.04,0.04
17.566,0.01,-0.04,0.02
17.583,0.00,-0.02,0.00
17.600,-0.00,-0.02,-0.02
17.633,-0.02,-0.03,-0.04
17.650,-0.05,-0.02,-0.03
17.666,-0.04,0.01,-0.00
17.700,-0.07,0.01,0.02
17.717,-0.10,0.02,0.04
17.733,-0.12,0.02,0.07
17.750,-0.11,0.02,0.10
17.767,-0.10,-0.00,0.10
17.783,-0.08,-0.00,0.09
17.800,-0.07,0.02,0.05
17.816,-0.06,0.07,-0.01
17.833,-0.07,0.10,-0.09
17.850,-0.09,0.11,-0.15
17.866,-0.10,0.09,-0.18
17.883,-0.09,0.07,-0.13
17.900,-0.06,0.04,-0.05
17.916,-0.01,0.03,0.02
17.933,-0.00,0.00,0.06
17.950,-0.01,0.01,0.06
17.966,-0.00,0.02,0.04
17.983,-0.01,0.02,0.00
18.000,-0.03,0.02,-0.04
18.016,-0.03,0.03,-0.06
18.033,-0.03,0.05,-0.05
18.050,-0.03,0.05,-0.02
18.066,-0.02,0.04,0.01
18.083,-0.02,0.01,0.04
18.100,-0.01,-0.01,0.03
18.117,-0.00,0.00,-0.02
18.133,-0.02,0.03,-0.06
18.150,-0.03,0.04,-0.09
18.166,-0.03,0.03,-0.10
18.183,-0.02,0.02,-0.11
18.200,-0.01,0.03,-0.10
18.216,0.00,0.05,-0.10
18.233,0.01,0.06,-0.09
18.250,0.01,0.03,-0.06
18.283,0.01,0.06,-0.06
18.300,0.01,0.08,-0.06
18.317,0.02,0.07,-0.05
18.333,0.02,0.06,-0.06
18.350,0.00,0.05,-0.08
18.367,-0.00,0.05,-0.09
18.383,0.01,0.05,-0.10
18.400,0.01,0.06,-0.10
18.416,0.01,0.06,-0.08
18.433,0.03,0.06,-0.06
18.450,0.03,0.06,-0.06
18.466,0.01,0.06,-0.07
18.483,0.01,0.06,-0.09
18.500,-0.00,0.05,-0.11
18.516,0.01,0.05,-0.12
18.533,0.06,0.03,-0.10
18.550,0.17,0.00,-0.00
18.567,0.24,0.07,-0.02
18.583,0.22,0.10,-0.09
18.600,0.18,0.09,-0.07
18.616,0.08,0.07,-0.02
18.633,0.01,0.00,0.02
18.650,-0.05,0.04,0.05
18.667,-0.06,0.03,0.04
18.683,-0.07,0.07,0.01
18.700,-0.05,0.08,-0.00
18.717,-0.02,0.06,-0.02
18.733,-0.00,0.05,-0.03
18.750,-0.01,0.05,-0.03
18.767,-0.03,0.04,-0.00
18.783,-0.02,0.03,0.01
18.800,0.01,0.01,0.01
18.817,0.03,-0.00,0.02
18.833,-0.00,0.05,0.01
18.866,0.00,0.07,-0.02
18.883,0.04,0.02,-0.01
18.900,-0.00,0.03,-0.00
18.933,-0.07,0.04,-0.04
18.950,-0.07,0.04,-0.06
18.967,-0.04,0.03,-0.06
18.983,-0.02,0.02,-0.05
19.000,0.01,0.02,-0.01
19.016,0.02,0.02,0.02
19.033,0.02,0.01,0.04
19.050,0.01,0.02,0.06
19.066,0.01,0.02,0.06
19.083,0.00,-0.01,0.05
19.100,-0.00,-0.01,0.04
19.116,0.01,-0.02,0.01
19.133,0.02,-0.05,-0.02
19.150,0.02,-0.02,-0.00
19.167,0.03,0.04,0.00
19.183,0.03,0.03,0.01
19.200,0.01,0.00,0.01
19.217,0.00,-0.00,0.02
19.233,0.00,-0.00,0.01
19.250,0.02,0.01,-0.01
19.267,0.03,0.00,-0.02
19.283,0.01,-0.02,-0.02
19.300,-0.02,-0.01,-0.01
19.316,-0.02,-0.00,0.01
19.333,-0.00,-0.00,0.02
19.350,0.01,-0.00,0.02
19.366,0.01,0.01,0.02
19.383,0.01,0.01,-0.01
19.400,-0.00,0.00,-0.02
19.416,-0.06,-0.02,-0.02
19.450,-0.05,-0.00,-0.01
19.466,-0.00,0.00,0.01
19.483,-0.00,0.00,0.01
19.516,-0.02,-0.01,0.00
19.533,-0.02,-0.02,-0.00
19.550,-0.01,-0.02,-0.02
19.567,-0.01,0.02,-0.02
19.583,0.02,0.01,-0.01
19.600,0.02,0.00,0.01
19.616,0.01,-0.00,0.02
19.633,0.00,-0.01,0.03
19.650,0.02,0.00,0.01
19.666,0.02,-0.00,0.00
19.683,0.03,-0.00,0.01
19.700,0.02,-0.01,0.01
19.716,0.02,-0.00,0.01
19.733,0.01,0.01,0.02
19.750,0.01,-0.00,0.02
19.766,0.01,0.01,0.02
19.783,0.01,0.01,0.04
19.800,0.01,0.02,0.04
19.816,0.01,0.03,0.02
19.833,-0.00,0.02,-0.00
19.850,-0.01,-0.02,-0.03
19.866,-0.03,-0.00,-0.02
19.883,-0.02,0.03,-0.00
19.900,0.03,0.03,0.01
19.916,0.04,0.04,0.00
19.933,0.02,0.03,-0.01
19.950,-0.01,0.03,-0.01
19.966,-0.02,0.00,-0.01
19.983,-0.02,-0.00,-0.02
20.000,-0.04,0.03,-0.01
20.033,-0.03,0.02,0.01
20.050,0.04,0.02,0.01
20.066,0.08,0.02,0.02
20.100,0.09,0.03,-0.07
20.116,0.03,0.01,-0.05
20.133,-0.03,-0.02,-0.02
20.150,-0.05,-0.02,0.00
20.166,-0.04,0.01,-0.01
20.183,-0.01,0.02,-0.03
20.200,-0.01,0.02,-0.02
20.217,-0.03,0.01,-0.02
20.233,-0.06,-0.01,0.01
20.250,-0.05,-0.03,0.05
20.266,-0.01,-0.02,0.08
20.283,0.00,-0.02,0.09
20.300,-0.01,-0.00,0.07
20.316,-0.04,0.04,0.02
20.333,-0.04,0.06,-0.02
20.350,-0.01,0.06,-0.03
20.366,0.01,0.05,-0.02
20.383,0.00,0.05,-0.02
20.400,-0.02,0.05,-0.02
20.416,-0.03,0.06,-0.03
20.433,-0.03,0.06,-0.04
20.450,-0.01,0.06,-0.04
20.466,0.00,0.06,-0.03
20.483,0.00,0.06,-0.03
20.500,0.00,0.05,-0.02
20.516,-0.01,0.05,-0.03
20.533,-0.01,0.06,-0.03
20.550,-0.00,0.06,-0.01
20.566,0.00,0.04,0.01
20.583,-0.00,0.03,-0.00
20.600,0.00,0.05,-0.02
20.616,0.04,0.03,-0.02
20.633,0.04,0.03,0.00
20.650,0.03,0.03,0.02
20.683,0.01,0.02,0.01
20.700,-0.01,0.02,0.00
20.716,-0.03,0.02,-0.01
20.733,-0.02,0.02,-0.02
20.750,0.00,0.01,-0.01
20.767,0.01,-0.00,0.01
20.783,0.02,-0.01,0.03
20.800,0.04,-0.01,0.02
20.816,0.05,-0.01,0.02
20.833,0.03,-0.01,0.02
20.850,-0.00,-0.02,0.01
20.866,-0.03,-0.01,0.01
20.883,-0.02,0.01,0.00
20.900,0.01,0.03,0.01
20.916,0.03,0.02,0.02
20.933,0.03,0.02,0.02
20.950,0.02,0.01,0.02
20.966,0.01,0.01,0.01
20.983,0.01,0.00,0.01
21.000,0.00,-0.00,0.01
21.016,-0.02,-0.00,0.01
21.033,-0.02,-0.00,0.01
21.050,0.00,0.00,0.00
21.066,0.02,0.00,0.01
21.083,0.03,0.00,0.01
21.100,0.02,-0.00,0.01
21.117,0.01,-0.01,0.01
21.133,-0.00,-0.01,-0.01
21.150,-0.01,-0.00,-0.01
21.166,-0.01,0.00,-0.01
21.183,-0.01,0.01,-0.01
21.200,-0.01,0.01,-0.01
21.216,-0.03,0.03,0.01
21.233,-0.00,0.00,-0.00
21.266,0.00,-0.00,0.01
21.283,0.01,-0.01,0.01
21.300,0.01,-0.02,0.02
21.333,0.02,-0.02,0.03
21.350,0.02,-0.02,0.04
21.366,0.03,-0.02,0.05
21.383,0.03,-0.02,0.05
21.400,0.03,-0.02,0.04
21.416,0.01,-0.02,0.02
21.433,-0.00,-0.02,0.00
21.450,-0.01,-0.01,-0.00
21.466,0.00,-0.00,0.00
21.483,0.02,0.00,0.01
21.500,0.02,0.01,0.01
21.516,0.00,0.01,0.00
21.533,-0.03,0.01,-0.01
21.550,-0.05,0.01,-0.02
21.566,-0.03,0.01,-0.03
21.583,0.01,0.01,-0.01
21.600,0.03,0.01,-0.00
21.617,0.03,0.02,0.01
21.633,0.02,0.04,0.05
21.650,0.05,0.00,0.04
21.666,0.03,-0.00,0.02
21.683,0.00,-0.01,0.01
21.700,-0.02,-0.01,0.00
21.716,-0.01,-0.00,-0.00
21.733,0.00,-0.00,0.00
21.750,0.01,-0.00,0.02
21.766,0.01,-0.00,0.03
21.783,0.02,-0.01,0.04
21.800,0.03,-0.01,0.04
21.816,-0.00,-0.01,0.01
21.850,0.00,0.00,0.01
21.866,-0.00,0.00,0.01
21.883,0.01,0.00,0.02
21.916,-0.01,-0.01,0.02
21.933,-0.00,-0.01,0.01
21.950,0.02,-0.00,0.00
21.966,0.01,-0.00,-0.00
21.983,-0.01,0.00,0.00
22.000,-0.02,0.00,-0.01
22.016,-0.02,0.01,-0.01
22.033,0.00,0.02,-0.01
22.050,0.00,0.02,0.00
22.066,-0.01,0.02,0.01
22.083,-0.02,0.01,-0.00
22.100,-0.03,0.01,-0.01
22.116,-0.02,0.01,-0.00
22.133,0.02,0.01,0.01
22.150,0.03,0.01,0.02
22.166,0.00,-0.01,0.03
22.183,-0.03,-0.01,0.04
22.200,-0.02,-0.01,0.03
22.216,0.01,0.00,0.04
22.233,-0.01,-0.00,0.04
22.250,-0.00,0.01,0.05
22.267,0.04,0.02,0.05
22.283,0.03,0.02,0.04
22.300,-0.02,0.00,0.02
22.316,-0.05,-0.01,0.02
22.333,-0.03,-0.00,0.02
22.350,0.01,0.01,0.04
22.367,0.04,0.01,0.05
22.383,0.03,0.00,0.05
22.400,-0.02,-0.01,0.03
22.433,0.01,0.01,0.03
22.450,0.07,0.00,0.03
22.466,0.04,-0.01,0.04
22.500,0.04,-0.03,0.04
22.516,0.03,-0.01,0.04
22.533,0.01,-0.01,0.03
22.550,-0.00,0.02,0.05
22.566,0.01,-0.04,0.04
22.583,-0.03,-0.03,0.05
22.600,-0.03,-0.02,0.05
22.617,-0.00,-0.02,0.06
22.633,0.04,-0.01,0.05
22.650,0.06,-0.02,0.06
22.666,0.05,-0.02,0.06
22.683,0.00,0.01,0.05
22.700,-0.02,-0.00,0.04
22.716,-0.01,-0.03,0.04
22.733,-0.01,-0.03,0.06
22.750,-0.01,-0.02,0.07
22.766,0.02,-0.02,0.08
22.783,0.04,-0.04,0.09
22.800,0.03,-0.04,0.09
22.817,-0.02,0.01,0.08
22.833,-0.03,0.03,0.06
22.850,0.02,-0.03,0.07
22.866,0.03,-0.04,0.11
22.883,0.00,-0.04,0.12
22.900,-0.01,-0.02,0.10
22.917,-0.02,-0.04,0.10
22.933,0.04,-0.04,0.10
22.950,0.11,-0.01,0.07
22.966,0.11,-0.00,0.07
22.983,0.03,-0.00,0.05
23.016,-0.00,-0.01,0.05
23.033,0.01,-0.01,0.06
23.050,0.02,-0.00,0.05
23.083,-0.01,0.01,0.03
23.100,-0.01,0.01,0.02
23.116,-0.01,0.01,0.01
23.133,-0.02,0.02,0.01
23.150,-0.03,0.01,0.00
23.166,-0.03,0.01,-0.01
23.183,-0.01,0.01,-0.02
23.200,-0.00,0.00,-0.01
23.216,-0.01,-0.00,-0.00
23.233,-0.02,-0.01,0.02
23.250,-0.00,-0.01,0.02
23.267,0.01,-0.01,0.01
23.283,0.02,-0.00,-0.01
23.300,0.02,-0.02,-0.03
23.316,0.00,-0.00,-0.03
23.333,-0.02,0.00,-0.02
23.350,-0.02,0.00,-0.01
23.366,0.00,-0.01,-0.01
23.383,0.02,-0.00,0.01
23.400,0.02,0.00,0.01
23.416,0.00,-0.00,0.02
23.433,-0.00,0.01,-0.01
23.450,-0.03,0.01,-0.02
23.466,-0.03,0.02,-0.02
23.483,-0.03,0.01,-0.01
23.500,-0.02,0.01,0.01
23.516,0.00,-0.00,0.03
23.533,0.01,-0.01,0.04
23.550,0.01,-0.02,0.04
23.566,0.02,-0.02,0.04
23.583,0.02,-0.02,0.02
23.600,-0.00,-0.01,0.01
23.616,-0.01,-0.00,0.01
23.633,-0.01,-0.00,0.02
23.666,-0.01,-0.00,0.01
23.683,0.01,-0.00,0.02
23.700,-0.03,-0.01,0.02
23.716,-0.07,0.00,0.02
23.733,-0.06,-0.01,0.02
23.750,0.00,0.02,0.00
23.766,0.01,0.02,0.01
23.783,0.01,0.03,0.00
23.800,0.01,0.02,0.01
23.816,-0.03,0.01,0.02
23.833,-0.05,0.01,0.00
23.850,-0.03,0.00,-0.00
23.866,0.01,0.01,-0.00
23.883,0.03,0.00,0.00
23.900,0.01,-0.01,0.01
23.917,0.00,-0.01,0.02
23.933,-0.00,-0.01,0.01
23.950,-0.02,-0.01,-0.01
23.966,-0.03,-0.00,-0.02
23.983,0.02,0.01,-0.02
24.000,0.02,0.01,-0.01
24.016,-0.03,0.00,-0.02
24.033,-0.03,-0.00,-0.02
24.050,0.03,0.00,-0.01
24.067,0.06,0.01,-0.00
24.083,0.01,-0.00,0.02
24.100,-0.03,-0.01,0.03
24.116,-0.01,-0.00,0.02
24.133,0.02,0.01,0.01
24.150,0.01,0.02,0.00
24.166,-0.01,0.02,0.01
24.183,-0.01,0.03,0.01
24.200,0.00,0.03,0.00
24.216,-0.02,0.03,0.01
24.250,-0.03,0.02,0.01
24.266,-0.02,0.03,-0.02
24.283,0.01,0.03,-0.02
24.316,-0.01,0.03,-0.01
24.333,-0.03,0.03,-0.01
24.350,-0.01,0.03,-0.01
24.366,0.01,0.03,0.01
24.383,0.01,0.03,0.02
24.400,0.00,0.03,0.01
24.416,0.00,0.03,0.01
24.433,0.03,0.04,0.00
24.450,0.03,0.05,-0.01
24.466,-0.01,0.05,-0.01
24.483,-0.03,0.05,-0.01
24.500,-0.05,0.04,-0.01
24.516,-0.04,0.02,0.00
24.533,-0.00,0.03,0.01
24.550,0.02,0.02,0.00
24.566,0.01,0.02,0.00
24.583,-0.02,0.02,-0.01
24.600,-0.02,0.01,-0.01
24.616,0.03,0.01,0.01
24.633,0.03,-0.00,0.02
24.650,-0.02,-0.01,0.03
24.666,-0.02,-0.01,0.04
24.683,0.02,-0.00,0.04
24.700,0.02,-0.01,0.03
24.716,0.00,-0.01,0.04
24.733,0.01,-0.01,0.03
24.750,0.03,-0.01,0.03
24.766,0.02,-0.01,0.04
24.783,-0.02,-0.02,0.03
24.800,0.04,-0.00,-0.00
24.833,0.03,-0.00,0.01
24.850,-0.04,0.00,0.01
24.866,-0.02,0.01,-0.01
24.900,0.02,0.00,-0.02
24.916,0.03,-0.00,-0.01
24.933,0.00,-0.01,0.02
24.950,-0.02,-0.01,0.02
24.966,-0.01,-0.00,-0.00
24.983,-0.01,0.01,-0.02
25.000,-0.00,0.02,-0.03
25.016,-0.01,0.03,-0.03
25.033,-0.03,0.02,-0.03
25.050,-0.04,0.02,-0.02
25.066,-0.02,0.01,-0.01
25.083,0.02,0.00,0.01
25.100,0.01,-0.00,0.03
25.116,-0.01,-0.01,0.04
25.133,0.00,-0.01,0.04
25.150,0.00,-0.00,0.02
25.166,0.00,-0.00,0.01
25.183,0.00,-0.01,0.01
25.200,0.00,-0.01,0.02
25.216,0.01,-0.02,0.02
25.233,0.01,-0.02,0.02
25.250,0.00,-0.01,0.01
25.266,0.01,-0.01,-0.01
25.283,0.01,-0.01,-0.01
25.300,-0.01,-0.01,-0.01
25.316,-0.00,-0.00,-0.01
25.333,0.01,-0.01,-0.01
25.350,-0.00,-0.02,-0.00
25.366,0.01,-0.01,-0.00
25.383,-0.00,-0.01,-0.02
25.416,0.00,-0.01,-0.02
25.433,-0.02,-0.01,-0.01
25.449,0.01,-0.01,-0.02
25.483,0.00,-0.01,-0.02
25.500,-0.02,-0.00,-0.02
25.516,-0.00,-0.00,-0.02
25.533,0.02,-0.00,-0.01
25.550,0.02,-0.01,0.00
25.566,0.01,-0.02,0.00
25.583,0.01,-0.02,0.00
25.600,0.01,-0.02,0.00
25.616,0.02,-0.02,-0.00
25.633,0.02,-0.01,-0.02
25.650,0.01,-0.00,-0.03
25.666,-0.00,0.01,-0.03
25.683,-0.01,0.02,-0.02
25.700,-0.03,0.02,-0.01
25.716,-0.02,0.02,-0.03
25.733,-0.01,0.01,-0.05
25.750,-0.01,0.00,-0.03
25.766,-0.00,0.00,-0.03
25.783,0.01,0.00,-0.01
25.800,-0.00,0.00,0.02
25.816,0.00,0.01,0.02
25.833,0.00,0.01,0.01
25.850,0.00,0.01,0.01
25.866,-0.00,0.01,-0.00
25.883,-0.01,0.01,-0.01
25.900,-0.00,0.01,-0.02
25.916,0.02,-0.00,-0.01
25.933,0.03,-0.00,0.01
25.950,0.03,-0.01,0.02
25.966,0.02,-0.01,0.01
25.983,0.01,-0.00,0.01
25.999,0.00,0.01,-0.00
26.016,-0.01,0.01,0.01
26.033,0.00,-0.00,0.02
26.066,0.01,-0.01,0.01
26.083,0.01,0.00,-0.01
26.100,0.00,0.01,-0.01
26.116,-0.00,0.02,-0.02
26.133,-0.01,0.03,-0.04
26.150,-0.01,0.04,-0.06
26.166,-0.01,0.03,-0.06
26.183,-0.01,0.03,-0.04
26.200,-0.01,0.02,-0.03
26.216,0.01,0.02,-0.04
26.233,0.01,0.02,-0.03
26.250,0.00,0.02,-0.03
26.266,0.00,0.01,-0.02
26.283,0.00,0.01,-0.02
26.300,0.00,0.01,-0.01
26.316,0.01,0.00,0.00
26.333,0.01,-0.01,0.02
26.350,0.02,-0.01,0.02
26.366,0.01,-0.00,0.01
26.383,0.01,-0.00,-0.01
26.400,-0.01,-0.00,-0.01
26.416,-0.00,0.00,-0.01
26.433,0.01,0.00,-0.01
26.450,0.01,0.01,-0.02
26.466,0.00,0.01,-0.02
26.483,-0.00,-0.00,-0.03
26.500,0.00,-0.00,-0.02
26.516,0.01,0.00,-0.01
26.533,0.01,0.01,-0.01
26.550,0.00,0.01,-0.01
26.566,0.01,0.00,-0.02
26.583,0.00,-0.00,-0.03
26.600,0.00,-0.01,-0.01
26.616,0.00,-0.00,0.00
26.650,0.00,-0.00,0.00
26.666,-0.00,0.01,-0.01
26.683,-0.01,0.02,-0.03
26.700,-0.01,0.03,-0.04
26.716,-0.01,0.02,-0.03
26.733,-0.00,0.01,-0.01
26.750,0.01,0.00,0.00
26.766,0.03,-0.00,0.01
26.783,0.03,-0.01,0.02
26.800,0.01,-0.01,0.01
26.816,0.00,0.00,-0.01
26.833,-0.00,0.01,-0.01
26.850,0.00,0.01,-0.01
26.866,0.01,0.02,-0.00
26.883,-0.00,0.00,0.01
26.900,-0.00,-0.01,0.02
26.916,0.02,-0.01,0.03
26.933,0.03,-0.00,0.00
26.950,0.02,0.01,-0.03
26.966,0.01,0.02,-0.06
26.983,-0.02,0.04,-0.07
27.000,-0.03,0.04,-0.07
27.016,-0.03,0.03,-0.06
27.033,-0.01,0.03,-0.05
27.050,0.01,0.02,-0.04
27.066,0.01,0.02,-0.04
27.083,0.00,0.01,-0.03
27.100,-0.00,0.01,-0.03
27.116,-0.01,0.01,-0.03
27.133,-0.00,0.01,-0.02
27.150,0.01,0.00,-0.00
27.166,0.03,-0.00,0.02
27.183,0.03,-0.01,0.03
27.200,0.03,-0.02,0.05
27.233,0.02,-0.02,0.05
27.250,0.02,-0.01,0.05
27.266,0.01,-0.01,0.05
27.300,0.01,-0.01,0.04
27.316,0.01,-0.01,0.03
27.333,0.01,-0.01,0.02
27.350,-0.00,-0.00,0.01
27.366,-0.01,0.00,-0.00
27.383,-0.01,0.00,-0.01
27.400,-0.00,0.00,-0.02
27.416,-0.00,-0.00,-0.01
27.433,-0.01,-0.01,0.01
27.450,-0.01,-0.02,0.03
27.467,-0.01,-0.01,0.03
27.483,-0.00,-0.00,0.04
27.500,0.00,0.00,0.03
27.516,0.00,0.01,0.03
27.533,-0.01,0.01,0.02
27.550,-0.01,0.00,0.01
27.566,-0.00,-0.00,0.00
27.583,0.00,-0.01,-0.00
27.600,-0.00,-0.01,-0.00
27.616,-0.00,-0.01,0.00
27.633,0.00,-0.01,-0.02
27.650,0.02,-0.01,-0.03
27.666,0.02,-0.00,-0.03
27.683,0.00,-0.00,-0.04
27.700,-0.01,-0.00,-0.04
27.716,-0.01,-0.00,-0.04
27.733,-0.00,-0.00,-0.04
27.750,0.00,0.00,-0.04
27.766,-0.01,0.00,-0.04
27.783,0.00,0.01,-0.04
27.816,-0.01,0.01,-0.03
27.833,0.01,0.01,-0.02
27.850,-0.03,0.00,-0.01
27.883,0.05,0.01,-0.00
27.900,0.04,0.00,0.01
27.916,-0.01,-0.02,0.02
27.933,-0.04,-0.02,0.01
27.950,0.02,-0.00,-0.00
27.966,0.05,0.01,-0.00
27.983,0.00,-0.00,0.00
28.000,-0.05,-0.00,0.01
28.016,-0.00,0.01,0.01
28.033,0.06,0.01,0.02
28.050,0.02,0.00,0.02
28.066,-0.04,-0.01,0.01
28.083,-0.03,-0.01,0.01
28.100,0.02,-0.01,0.01
28.116,0.02,-0.01,0.01
28.133,-0.01,-0.01,0.01
28.150,-0.01,-0.00,0.01
28.166,0.00,0.01,0.02
28.183,-0.00,0.02,0.02
28.200,-0.02,0.02,0.01
28.216,-0.03,0.02,0.00
28.233,-0.02,0.01,0.01
28.250,-0.00,0.00,0.03
28.266,-0.00,-0.00,0.05
28.283,0.01,0.00,0.06
28.300,0.01,-0.00,0.05
28.316,-0.00,-0.00,0.05
28.333,-0.00,0.01,0.03
28.350,-0.01,0.01,0.01
28.366,-0.00,0.02,-0.01
28.400,0.01,0.00,0.01
28.416,0.01,-0.02,0.04
28.433,0.01,-0.01,0.03
28.466,0.00,-0.01,0.01
28.483,-0.00,-0.01,0.02
28.500,0.01,-0.00,0.01
28.516,-0.00,0.00,0.01
28.533,-0.01,-0.00,0.02
28.550,0.01,-0.00,0.02
28.566,0.02,-0.00,0.02
28.583,0.00,-0.00,0.01
28.600,0.01,-0.00,0.02
28.616,0.00,0.00,0.02
28.633,-0.01,0.01,0.00
28.650,-0.02,0.01,-0.01
28.666,-0.01,0.02,-0.02
28.683,-0.02,0.02,-0.02
28.700,-0.02,0.02,-0.02
28.716,-0.01,0.02,-0.02
28.733,-0.00,0.03,-0.03
28.750,-0.02,0.03,-0.02
28.766,-0.03,0.02,-0.02
28.783,-0.02,0.01,-0.02
28.800,-0.00,0.00,-0.01
28.816,-0.00,-0.00,0.00
28.833,-0.00,-0.01,0.01
28.850,0.00,-0.01,0.01
28.866,0.01,-0.00,0.00
28.883,0.00,-0.01,-0.00
28.900,-0.01,-0.01,-0.00
28.916,-0.01,-0.01,0.00
28.933,0.01,-0.00,0.01
28.949,0.01,0.00,0.01
28.966,-0.01,-0.00,0.02
28.983,-0.01,-0.00,0.03
29.000,-0.00,-0.00,0.02
29.016,-0.01,-0.00,0.00
29.050,-0.01,-0.00,0.01
29.066,-0.01,-0.00,0.01
29.083,-0.01,-0.00,0.00
29.100,0.01,-0.00,-0.02
29.116,0.10,0.03,-0.04
29.133,0.13,0.05,-0.06
29.150,0.09,0.06,-0.05
29.166,-0.03,0.05,-0.02
29.183,-0.10,0.05,-0.01
29.200,-0.08,0.05,-0.00
29.216,-0.02,0.05,-0.01
29.233,-0.01,0.04,0.00
29.250,-0.01,0.01,0.02
29.266,-0.01,0.01,0.04
29.283,-0.01,0.00,0.07
29.300,-0.00,-0.02,0.11
29.316,-0.00,-0.04,0.12
29.333,-0.00,-0.06,0.12
29.350,0.01,-0.07,0.11
29.366,0.03,-0.08,0.11
29.383,0.06,-0.08,0.08
29.400,0.08,-0.07,0.07
29.416,0.08,-0.03,0.05
29.433,0.06,-0.03,0.04
29.449,0.00,-0.03,0.04
29.466,-0.04,-0.01,0.04
29.483,-0.03,-0.00,0.03
29.499,-0.01,-0.00,0.04
29.516,-0.01,0.00,0.04
29.533,-0.02,0.01,0.03
29.549,-0.03,0.02,0.01
29.566,-0.03,0.03,-0.03
29.583,-0.04,0.03,-0.06
29.599,-0.02,0.03,-0.06
29.633,-0.02,0.03,-0.05
29.650,-0.03,0.02,-0.04
29.666,-0.02,0.01,-0.03
29.700,-0.01,-0.01,-0.02
29.716,-0.01,-0.02,-0.00
29.733,-0.00,-0.02,0.00
29.750,-0.01,-0.02,0.00
29.766,-0.01,-0.02,-0.01
29.783,-0.01,-0.01,-0.01
29.800,-0.01,0.00,-0.01
29.816,-0.01,0.00,-0.02
29.833,-0.02,-0.00,-0.02
29.850,-0.02,-0.01,-0.00
29.866,-0.01,-0.01,0.01
29.883,0.00,-0.02,0.02
29.900,0.01,-0.02,0.03
29.916,0.00,-0.02,0.02
29.933,0.00,-0.02,0.03
29.950,0.01,-0.02,0.02
29.966,0.00,-0.02,0.02
29.983,0.01,-0.02,0.03
30.000,0.01,-0.03,0.05
30.016,0.01,-0.05,0.07
30.033,0.02,-0.05,0.09
30.050,0.03,-0.06,0.10
30.066,0.05,-0.06,0.10
30.083,0.05,-0.06,0.09
30.099,0.05,-0.07,0.09
30.116,0.04,-0.06,0.09
30.133,0.01,-0.05,0.09
30.149,0.00,-0.04,0.09
30.166,0.01,-0.03,0.09
30.183,-0.00,-0.02,0.06
30.216,0.01,-0.02,0.04
30.233,0.02,-0.01,0.02
30.250,0.02,-0.02,0.06
30.283,0.03,-0.04,0.11
30.300,0.05,-0.05,0.11
30.316,0.06,-0.05,0.11
30.333,0.05,-0.06,0.10
30.350,0.03,-0.05,0.10
30.366,0.02,-0.04,0.10
30.383,0.01,-0.01,0.09
30.400,0.01,-0.01,0.04
30.416,0.01,0.04,0.01
30.433,-0.01,0.01,-0.01
30.450,-0.00,0.03,-0.04
30.466,-0.01,0.04,-0.05
30.483,-0.02,0.04,-0.05
30.500,-0.03,0.05,-0.06
30.516,-0.02,0.04,-0.06
30.533,-0.03,0.04,-0.07
30.550,-0.03,0.05,-0.10
30.566,-0.03,0.06,-0.17
30.583,-0.04,0.09,-0.24
30.600,-0.06,0.13,-0.23
30.616,-0.03,0.14,-0.17
30.633,-0.04,0.11,-0.11
30.650,-0.03,0.09,-0.06
30.667,-0.01,0.07,-0.02
30.683,-0.01,0.06,-0.03
30.700,-0.02,0.05,-0.04
30.716,-0.01,0.04,-0.05
30.733,-0.02,0.03,-0.04
30.750,-0.02,0.01,-0.01
30.766,0.02,-0.02,0.06
30.800,0.02,-0.03,0.07
30.816,0.02,-0.03,0.04
30.833,0.01,-0.02,0.03
30.866,0.00,-0.01,0.02
30.883,0.01,-0.01,0.01
30.900,0.02,-0.01,-0.04
30.916,-0.01,-0.01,-0.08
30.933,-0.02,0.02,-0.14
30.950,-0.04,0.04,-0.18
30.966,-0.04,0.06,-0.18
30.983,-0.02,0.06,-0.14
31.000,-0.01,0.07,-0.10
31.016,-0.02,0.01,-0.06
31.033,-0.00,-0.01,-0.04
31.050,0.00,-0.03,-0.02
31.066,-0.00,-0.04,-0.02
31.083,0.01,-0.04,-0.02
31.100,0.02,-0.04,-0.01
31.116,0.02,-0.04,0.00
31.133,0.02,-0.05,0.03
31.150,0.03,-0.05,0.04
31.166,0.02,-0.05,0.05
31.183,0.02,-0.04,0.04
31.200,0.01,-0.03,0.04
31.216,0.01,-0.03,0.03
31.233,0.00,-0.03,0.03
31.250,0.01,-0.03,0.03
31.266,0.01,-0.04,0.02
31.283,0.01,-0.04,0.01
31.300,0.01,-0.04,0.00
31.316,0.00,-0.04,-0.00
31.333,0.00,-0.02,0.00
31.350,-0.02,0.01,-0.01
31.383,-0.01,0.01,-0.02
31.400,-0.01,0.02,-0.03
31.416,-0.01,0.02,-0.03
31.450,-0.01,0.01,-0.00
31.466,-0.01,0.01,0.01
31.483,0.00,0.01,0.01
31.500,0.01,0.01,0.02
31.516,0.00,0.01,0.02
31.533,0.01,0.00,0.02
31.550,0.01,0.00,0.03
31.566,0.01,-0.00,0.04
31.583,0.01,-0.01,0.04
31.600,0.01,-0.01,0.03
31.616,0.01,-0.01,0.03
31.634,0.01,-0.01,0.02
31.650,0.01,-0.01,0.01
31.666,0.01,-0.00,0.01
31.683,0.01,0.00,0.01
31.700,0.01,0.02,-0.01
31.716,0.01,0.02,-0.02
31.733,0.00,0.04,-0.02
31.750,-0.01,0.04,-0.02
31.766,-0.02,0.05,-0.02
31.783,-0.02,0.04,-0.01
31.800,-0.00,0.04,-0.00
31.816,0.00,0.03,-0.00
31.833,-0.00,0.03,-0.02
31.850,-0.01,0.03,-0.02
31.866,-0.01,0.03,-0.02
31.883,-0.01,0.03,-0.02
31.900,-0.01,0.03,-0.02
31.916,-0.01,0.02,-0.03
31.933,-0.00,0.02,-0.04
31.950,-0.01,0.02,-0.04
31.966,-0.01,0.01,-0.04
31.983,-0.00,0.01,-0.01
32.000,-0.01,0.00,-0.01
32.033,-0.01,0.01,-0.02
32.049,-0.02,0.01,-0.02
32.066,-0.01,0.01,-0.02
32.083,-0.00,-0.00,-0.01
32.100,-0.00,-0.01,-0.02
32.116,0.01,-0.02,-0.01
32.133,0.02,-0.03,0.01
32.150,0.02,-0.03,0.01
32.166,0.01,-0.03,0.02
32.183,0.01,-0.03,0.04
32.200,0.00,-0.02,0.04
32.216,-0.01,-0.02,0.03
32.233,-0.00,-0.02,0.02
32.250,0.00,-0.02,0.03
32.266,-0.00,-0.02,0.04
32.283,-0.00,-0.02,0.03
32.300,-0.00,-0.01,0.02
32.316,-0.00,-0.00,0.01
32.333,-0.00,-0.01,0.01
32.350,0.00,-0.01,0.01
32.366,-0.00,-0.00,-0.01
32.383,-0.00,0.00,-0.03
32.400,-0.00,0.01,-0.04
32.416,0.00,0.01,-0.04
32.433,0.00,0.01,-0.03
32.450,-0.00,0.02,-0.03
32.466,-0.01,0.03,-0.04
32.483,-0.02,0.03,-0.06
32.500,-0.02,0.03,-0.07
32.517,-0.01,0.03,-0.05
32.533,-0.01,0.03,-0.04
32.550,-0.02,0.03,-0.04
32.567,-0.02,0.01,-0.02
32.583,-0.00,0.00,-0.01
32.616,0.00,-0.00,0.01
32.633,-0.01,-0.01,0.03
32.650,0.01,0.02,0.01
32.683,-0.02,0.02,0.00
32.700,-0.01,0.01,-0.01
32.716,0.01,0.01,-0.01
32.733,0.02,0.00,0.00
32.750,0.01,0.00,0.03
32.766,0.02,-0.00,0.03
32.783,0.01,-0.01,0.01
32.799,0.02,-0.01,0.00
32.816,0.02,-0.02,0.01
32.833,0.01,-0.02,0.02
32.850,0.02,-0.02,0.04
32.866,0.02,-0.02,0.04
32.883,0.02,-0.02,0.04
32.900,0.02,-0.02,0.04
32.916,0.02,-0.02,0.04
32.933,0.02,-0.03,0.03
32.949,0.02,-0.03,0.02
32.966,0.02,-0.03,0.03
32.984,0.01,-0.03,0.04
33.000,0.02,-0.03,0.04
33.017,0.03,-0.02,0.03
33.033,0.01,-0.02,0.01
33.050,0.00,-0.02,-0.01
33.067,0.01,-0.00,-0.01
33.084,0.01,0.01,-0.01
33.100,-0.01,0.00,-0.00
33.117,-0.00,0.00,-0.01
33.134,0.01,0.01,-0.01
33.150,0.01,0.02,-0.01
33.167,-0.01,0.01,-0.01
33.200,-0.00,0.02,-0.02
33.216,-0.01,0.02,-0.02
33.233,-0.00,0.02,-0.01
33.266,0.00,0.02,0.01
33.283,-0.01,0.02,-0.00
33.300,-0.01,0.02,-0.02
33.316,-0.00,0.03,-0.02
33.333,-0.01,0.02,-0.01
33.350,-0.01,0.01,-0.01
33.366,0.01,0.01,-0.01
33.383,0.00,0.01,0.00
33.400,-0.01,0.00,0.01
33.416,-0.01,0.01,0.01
33.433,0.01,0.02,-0.00
33.449,0.01,0.02,-0.00
33.466,-0.01,0.01,0.01
33.484,0.00,0.01,0.02
33.500,0.01,0.00,0.02
33.517,0.01,-0.01,0.02
33.534,0.01,-0.01,0.02
33.550,0.01,-0.01,0.02
33.567,0.01,-0.01,0.03
33.584,0.02,-0.00,0.02
33.600,0.02,-0.01,0.02
33.617,0.01,-0.01,0.02
33.634,0.01,-0.02,0.02
33.650,0.02,-0.01,0.01
33.667,0.01,-0.01,-0.00
33.684,-0.00,-0.01,-0.01
33.700,0.01,0.00,-0.02
33.717,0.03,0.02,-0.03
33.734,0.01,0.01,-0.02
33.750,-0.01,-0.00,-0.01
33.783,0.00,0.01,-0.03
33.800,-0.01,0.01,-0.04
33.817,-0.00,0.00,-0.03
33.849,-0.00,-0.01,0.01
33.866,-0.01,-0.01,-0.00
33.883,0.01,0.01,-0.01
33.900,0.00,0.02,-0.01
33.916,-0.01,0.02,0.00
33.933,-0.01,0.02,-0.00
33.950,-0.00,0.02,-0.01
33.966,0.01,0.02,-0.01
33.983,-0.00,0.01,-0.01
34.000,-0.00,0.01,-0.00
34.016,0.02,0.01,-0.00
34.033,0.01,0.02,-0.00
34.050,-0.00,0.01,0.00
34.066,-0.00,0.02,0.01
34.083,0.00,0.02,0.01
34.100,-0.01,0.02,0.02
34.116,-0.01,0.02,0.01
34.133,0.00,0.03,0.01
34.150,-0.01,0.01,0.02
34.166,-0.00,0.01,0.02
34.183,0.02,0.01,0.02
34.200,0.01,0.01,0.03
34.216,0.00,0.01,0.02
34.233,0.00,0.01,0.02
34.250,-0.01,0.01,0.02
34.266,-0.00,0.00,0.02
34.283,0.00,0.01,0.01
34.300,0.00,0.00,0.00
34.318,0.00,0.00,-0.01
34.334,0.00,0.00,-0.02
34.366,0.00,0.00,-0.01
34.383,-0.01,0.02,-0.02
34.400,-0.02,0.02,-0.03
34.433,-0.01,0.01,-0.02
34.450,-0.01,-0.00,0.01
34.466,-0.01,-0.01,0.01
34.483,0.01,-0.01,0.01
34.500,0.01,0.00,0.01
34.516,-0.02,0.01,0.01
34.533,-0.01,0.01,0.01
34.550,-0.01,0.02,0.00
34.566,-0.01,0.01,0.02
34.583,-0.01,0.00,0.02
34.600,-0.00,0.01,0.02
34.616,0.00,0.00,0.03
34.633,-0.01,-0.00,0.04
34.650,0.00,0.00,0.02
34.666,0.00,0.01,0.01
34.683,-0.02,0.01,0.01
34.699,-0.01,0.01,0.00
34.716,0.00,0.02,0.00
34.733,-0.01,0.00,0.02
34.750,-0.02,-0.00,0.02
34.766,-0.00,0.00,0.00
34.783,0.00,0.00,-0.01
34.800,-0.01,-0.00,-0.01
34.818,-0.02,0.00,-0.01
34.834,-0.00,0.01,0.00
34.851,-0.01,0.00,0.01
34.868,-0.01,-0.00,0.01
34.884,-0.00,-0.00,-0.01
34.901,-0.00,-0.01,-0.01
34.918,-0.00,-0.01,0.02
34.949,-0.00,-0.01,0.02
34.966,-0.00,-0.00,0.00
34.983,-0.02,-0.01,-0.02
35.016,-0.01,0.00,-0.01
35.033,-0.01,0.01,-0.01
35.050,-0.01,-0.00,-0.02
35.066,-0.01,-0.01,-0.02
35.083,-0.00,-0.01,-0.00
35.100,-0.00,-0.01,0.01
35.116,-0.00,-0.01,0.03
35.133,-0.00,-0.01,0.04
35.149,-0.01,-0.01,0.04
35.166,-0.01,0.00,0.02
35.183,-0.01,0.01,0.00
35.199,-0.01,0.02,-0.00
35.216,-0.01,0.01,0.00
35.233,-0.01,0.00,0.02
35.250,-0.00,-0.00,0.03
35.266,0.00,-0.01,0.03
35.283,0.00,-0.01,0.03
35.300,0.00,-0.01,0.03
35.318,0.01,-0.00,0.03
35.335,0.00,0.01,0.02
35.351,-0.01,0.01,0.01
35.368,-0.00,0.02,-0.00
35.385,-0.01,0.03,-0.01
35.401,-0.01,0.02,0.00
35.418,-0.01,0.03,-0.00
35.434,-0.02,0.02,-0.01
35.451,-0.02,0.02,-0.02
35.468,-0.01,0.02,-0.03
35.485,-0.01,0.02,-0.02
35.501,-0.00,-0.00,0.00
35.533,0.00,-0.00,0.01
35.549,0.01,0.00,0.02
35.566,-0.02,0.00,-0.01
35.599,-0.00,0.02,-0.01
35.616,-0.02,-0.00,-0.00
35.633,0.00,-0.00,0.00
35.666,-0.00,-0.01,0.02
35.683,-0.00,-0.00,0.01
35.699,-0.01,-0.01,-0.00
35.716,-0.01,-0.01,-0.01
35.733,0.00,-0.01,-0.01
35.749,-0.01,-0.02,0.01
35.766,-0.01,-0.03,0.02
35.783,-0.00,-0.01,-0.00
35.799,0.01,0.01,-0.02
35.818,-0.01,0.01,-0.03
35.835,-0.02,0.02,-0.04
35.851,-0.01,0.03,-0.05
35.868,-0.01,0.02,-0.04
35.885,-0.02,0.02,-0.03
35.901,-0.01,0.01,-0.02
35.918,0.00,0.01,-0.01
35.935,-0.01,0.00,0.00
35.951,-0.01,0.00,-0.00
35.968,0.01,0.01,-0.01
35.985,-0.00,0.01,-0.01
36.001,-0.01,0.01,0.00
36.018,-0.00,0.00,0.02
36.035,0.01,0.01,0.03
36.051,-0.00,-0.01,0.03
36.068,0.00,-0.00,0.03
36.085,0.01,0.00,0.03
36.116,-0.00,0.01,0.02
36.133,-0.01,0.01,0.02
36.152,-0.01,0.02,-0.00
36.183,-0.01,0.03,0.00
36.200,-0.01,0.02,0.00
36.216,-0.01,0.02,-0.01
36.249,-0.01,0.02,-0.02
36.266,-0.00,0.02,-0.01
36.283,0.00,0.01,-0.01
36.299,0.01,0.01,-0.01
36.316,0.01,-0.00,-0.01
36.333,0.01,-0.01,-0.00
36.349,0.01,-0.00,0.00
36.366,0.00,0.00,0.00
36.383,0.01,-0.00,-0.01
36.400,0.01,-0.01,-0.01
36.416,0.01,-0.01,-0.00
36.433,0.01,-0.01,0.01
36.450,0.02,-0.01,0.02
36.466,0.01,-0.01,0.01
36.483,0.01,-0.00,0.01
36.500,0.00,0.01,0.00
36.516,-0.00,0.01,-0.00
36.533,-0.00,0.02,-0.01
36.550,0.01,0.02,-0.01
36.566,0.00,0.01,0.00
36.583,0.01,0.01,0.01
36.599,0.01,0.00,0.01
36.616,0.02,0.03,0.02
36.633,0.01,0.01,0.01
36.652,-0.00,0.01,-0.01
36.669,-0.00,0.03,-0.01
36.699,0.00,0.06,-0.00
36.716,-0.00,0.03,0.01
36.733,-0.01,0.01,0.03
36.766,0.02,0.02,0.03
36.783,-0.01,-0.01,0.03
36.800,0.01,-0.00,0.02
36.833,0.00,-0.00,0.03
36.849,0.00,-0.00,0.02
36.866,0.03,0.01,0.02
36.883,0.01,0.01,0.00
36.900,-0.00,0.00,-0.00
36.916,0.00,0.00,-0.00
36.933,0.00,0.01,0.00
36.950,0.00,-0.00,0.00
36.966,0.01,-0.01,0.00
36.983,0.01,-0.01,-0.00
36.999,0.01,-0.01,-0.01
37.016,-0.00,-0.00,-0.01
37.033,-0.00,-0.01,-0.01
37.049,0.00,-0.01,0.01
37.066,0.00,-0.00,0.02
37.083,0.01,-0.00,0.01
37.100,0.00,-0.01,-0.01
37.116,-0.00,-0.01,-0.02
37.133,-0.00,-0.01,-0.02
37.152,-0.01,-0.00,-0.01
37.169,-0.01,0.01,-0.01
37.185,-0.01,0.02,-0.03
37.202,-0.01,0.02,-0.03
37.219,-0.01,0.03,-0.03
37.235,-0.01,0.02,-0.03
37.252,-0.00,0.02,-0.02
37.283,-0.00,0.01,-0.01
37.300,0.00,0.01,0.00
37.316,-0.01,-0.00,0.01
37.333,-0.00,-0.01,0.00
37.350,-0.00,-0.01,0.00
37.366,-0.01,-0.01,0.01
37.383,0.01,0.00,0.03
37.416,-0.00,-0.01,0.02
37.433,0.01,-0.00,0.02
37.449,0.01,0.00,0.01
37.466,-0.00,0.00,0.01
37.483,-0.00,0.00,-0.00
37.500,0.01,0.01,-0.01
37.516,-0.00,0.01,-0.02
37.533,-0.01,0.01,-0.03
37.549,-0.00,0.02,-0.03
37.566,-0.01,0.01,-0.03
37.583,0.01,0.02,-0.02
37.600,0.00,0.02,-0.00
37.616,-0.01,0.01,0.01
37.633,-0.00,0.01,0.00
37.652,-0.00,0.01,-0.01
37.669,-0.01,0.01,-0.00
37.686,0.01,0.00,0.01
37.702,0.01,-0.00,0.02
37.719,0.01,-0.00,0.01
37.735,0.00,-0.00,-0.01
37.752,0.00,0.00,-0.02
37.769,0.00,-0.00,-0.02
37.785,-0.00,-0.00,-0.01
37.802,0.01,-0.00,0.00
37.819,0.01,-0.01,0.01
37.835,0.00,-0.02,-0.00
37.866,0.01,-0.01,0.01
37.883,-0.00,-0.01,0.02
37.899,-0.00,-0.01,0.02
37.916,0.00,0.01,0.02
37.933,-0.01,0.02,0.01
37.950,-0.02,0.03,-0.01
37.966,-0.02,0.03,-0.03
37.999,-0.01,0.02,-0.02
38.016,0.01,-0.00,0.01
38.033,0.01,-0.01,0.02
38.066,0.02,-0.00,0.01
38.083,0.00,0.00,0.01
38.099,0.00,0.01,0.01
38.116,-0.00,0.01,0.02
38.133,-0.00,-0.00,0.02
38.152,0.00,-0.01,0.02
38.169,0.01,-0.02,0.02
38.185,0.01,-0.02,0.02
38.202,0.02,-0.02,0.02
38.219,0.01,-0.02,0.03
38.236,0.01,-0.01,0.03
38.252,0.00,-0.01,0.02
38.269,0.01,-0.01,0.02
38.285,0.01,-0.01,0.01
38.302,0.00,-0.01,0.01
38.319,0.01,-0.01,0.00
38.336,0.00,-0.01,0.01
38.352,0.00,-0.01,-0.00
38.369,0.01,-0.01,0.00
38.385,0.00,-0.02,-0.00
38.402,0.01,-0.01,-0.00
38.419,0.01,-0.01,0.01
38.436,-0.00,-0.01,0.03
38.452,-0.00,-0.00,0.02
38.469,-0.00,-0.01,0.01
38.486,0.00,-0.02,0.02
38.516,0.01,-0.02,0.02
38.533,0.01,-0.02,0.02
38.549,0.00,-0.02,0.01
38.583,-0.01,-0.03,0.00
38.599,0.01,-0.02,0.02
38.616,0.00,-0.02,0.02
38.649,0.00,0.01,-0.00
38.666,-0.02,0.01,-0.02
38.683,-0.00,0.02,-0.03
38.700,-0.00,0.03,-0.01
38.716,-0.01,0.01,0.01
38.733,-0.01,0.01,0.01
38.749,-0.01,0.01,0.00
38.766,-0.00,0.01,-0.01
38.783,0.00,0.02,-0.01
38.800,-0.00,0.02,-0.00
38.816,-0.01,0.02,-0.00
38.833,-0.00,0.01,-0.00
38.850,0.01,0.01,-0.00
38.866,-0.01,0.00,0.00
38.883,0.00,0.01,0.01
38.899,0.01,0.01,0.02
38.916,-0.00,0.01,0.03
38.933,-0.01,0.00,0.02
38.953,0.01,0.01,0.01
38.969,0.01,0.02,-0.00
38.986,-0.01,0.02,-0.01
39.002,-0.01,0.01,-0.01
39.019,-0.01,0.02,-0.01
39.036,0.01,0.02,0.00
39.052,-0.01,0.01,-0.02
39.069,0.01,0.02,-0.03
39.099,0.01,0.03,-0.02
39.116,-0.01,0.02,-0.02
39.133,-0.01,0.01,-0.03
39.166,-0.00,0.02,-0.01
39.183,0.01,0.01,0.02
39.199,0.01,0.00,0.01
39.233,-0.00,-0.01,-0.02
39.250,-0.00,-0.01,-0.01
39.266,-0.01,-0.01,-0.00
39.283,0.00,-0.00,0.01
39.300,0.01,-0.00,0.02
39.316,-0.01,-0.01,0.01
39.333,-0.00,0.00,-0.01
39.349,0.00,0.01,-0.02
39.366,-0.01,0.01,-0.02
39.383,-0.01,0.00,-0.02
39.399,0.01,-0.00,-0.02
39.416,0.01,-0.00,-0.00
39.433,0.00,-0.01,0.02
39.453,-0.00,-0.01,0.02
39.469,0.01,-0.01,-0.00
39.486,0.01,0.00,-0.01
39.503,-0.00,-0.00,-0.01
39.519,-0.01,-0.01,0.00
39.536,0.01,-0.01,0.02
39.553,0.02,-0.01,0.03
39.569,0.01,-0.01,0.02
39.586,-0.00,0.00,-0.01
39.616,-0.00,0.01,0.00
39.633,-0.00,0.01,0.00
39.649,-0.01,0.01,-0.00
39.666,-0.00,0.01,-0.01
39.683,-0.00,0.01,-0.02
39.699,-0.00,0.01,-0.02
39.716,-0.00,0.01,-0.03
39.733,-0.00,0.01,-0.02
39.749,0.00,0.02,-0.02
39.766,-0.01,0.01,-0.02
39.783,0.00,0.02,-0.03
39.816,-0.01,0.01,0.00
39.833,-0.00,0.01,0.00
39.849,0.00,0.01,-0.01
39.866,0.00,0.00,-0.03
39.883,0.00,-0.00,-0.03
39.899,0.01,-0.00,-0.01
39.916,0.01,-0.00,0.01
39.933,-0.00,-0.00,0.01
39.949,-0.00,-0.00,-0.00
39.966,-0.00,0.01,-0.01
39.983,-0.00,0.01,-0.01
39.999,-0.01,0.01,-0.00
40.016,-0.00,0.01,0.00
40.033,-0.00,0.01,0.00
40.049,0.00,0.00,0.01
40.066,0.00,-0.00,0.02
40.083,0.01,-0.00,0.02
40.099,0.01,-0.00,0.02
40.120,0.01,0.00,0.02
40.136,-0.00,0.01,0.02
40.153,-0.01,0.01,0.01
40.170,-0.01,0.01,-0.00
40.186,-0.01,0.01,-0.00
40.203,-0.00,0.01,0.00
40.220,-0.00,0.00,-0.00
40.236,-0.00,0.01,-0.02
40.266,-0.01,0.02,-0.02
40.283,-0.01,0.02,-0.03
40.299,-0.00,0.02,-0.01
40.316,-0.00,0.01,0.01
40.333,0.00,0.01,0.01
40.349,-0.00,0.01,-0.00
40.366,-0.01,0.01,-0.01
40.399,-0.01,0.00,-0.00
40.416,-0.00,0.00,-0.01
40.433,-0.01,0.00,-0.01
40.449,-0.01,0.00,-0.02
40.466,-0.01,0.00,-0.02
40.483,-0.00,0.00,-0.01
40.499,-0.00,0.00,-0.00
40.516,-0.00,0.00,-0.01
40.533,-0.00,0.00,-0.02
40.549,-0.01,0.00,-0.04
40.566,-0.01,0.00,-0.04
40.583,-0.01,0.00,-0.03
40.599,-0.01,0.01,-0.01
40.620,-0.01,0.03,-0.02
40.637,-0.02,0.03,-0.03
40.653,-0.02,0.04,-0.04
40.670,-0.02,0.05,-0.03
40.687,-0.02,0.04,-0.02
40.704,-0.02,0.03,0.00
40.720,-0.02,0.01,0.01
40.737,-0.02,0.01,0.01
40.753,-0.01,0.00,0.02
40.770,-0.00,-0.00,0.02
40.787,0.00,-0.01,0.02
40.803,0.00,-0.01,0.03
40.820,0.00,-0.01,0.03
40.849,0.00,-0.01,0.02
40.866,-0.00,-0.01,0.02
40.883,-0.00,-0.00,0.01
40.899,0.00,0.00,0.01
40.916,-0.00,0.00,-0.00
40.933,-0.01,0.01,-0.02
40.949,-0.01,0.02,-0.05
40.983,-0.02,0.03,-0.04
40.999,-0.01,0.03,-0.04
41.016,-0.01,0.03,-0.04
41.049,-0.00,0.01,-0.02
41.066,0.00,-0.01,-0.01
41.083,0.00,-0.02,0.01
41.100,0.01,-0.02,0.03
41.120,0.01,-0.02,0.03
41.137,0.01,-0.03,0.03
41.153,0.01,-0.02,0.04
41.170,0.01,-0.01,0.04
41.187,0.01,-0.01,0.02
41.203,0.01,-0.01,0.00
41.220,0.00,-0.01,-0.01
41.237,0.00,-0.01,-0.02
41.254,0.00,-0.01,-0.01
41.270,0.00,-0.00,-0.00
41.287,-0.00,0.01,-0.01
41.304,-0.00,0.02,-0.03
41.320,-0.01,0.03,-0.06
41.337,-0.02,0.04,-0.07
41.354,-0.02,0.04,-0.07
41.370,-0.01,0.04,-0.06
41.387,-0.01,0.03,-0.03
41.404,0.00,0.01,0.00
41.433,0.01,0.00,0.01
41.449,0.01,0.00,0.01
41.466,-0.00,0.01,0.01
41.483,-0.01,0.01,0.01
41.499,-0.00,0.01,0.01
41.516,-0.01,0.01,0.02
41.533,-0.01,0.01,0.02
41.566,-0.01,0.00,0.01
41.583,-0.01,0.01,0.01
41.599,-0.01,0.01,-0.00
41.620,-0.01,0.01,-0.02
41.637,-0.01,0.00,-0.03
41.654,-0.01,0.00,-0.03
41.670,-0.01,-0.00,-0.03
41.687,0.00,0.00,-0.02
41.704,0.00,0.01,-0.02
41.720,-0.01,0.00,-0.02
41.737,-0.01,0.01,-0.02
41.754,-0.02,0.01,-0.03
41.770,-0.02,0.02,-0.04
41.787,-0.02,0.01,-0.04
41.804,-0.02,0.01,-0.03
41.820,-0.00,-0.00,-0.01
41.837,0.01,-0.01,0.00
41.854,0.00,-0.01,-0.00
41.870,-0.00,-0.02,-0.01
41.887,-0.00,-0.02,-0.00
41.904,0.00,-0.02,0.02
41.920,0.01,-0.02,0.04
41.937,0.01,-0.03,0.05
41.954,0.01,-0.02,0.04
41.970,0.01,-0.01,0.02
41.987,0.00,-0.00,0.02
42.016,0.01,-0.00,0.01
42.033,0.00,0.00,0.00
42.049,-0.00,0.00,-0.00
42.066,0.01,0.01,-0.00
42.083,-0.00,0.02,-0.01
42.099,-0.01,0.01,-0.02
42.121,0.01,0.02,-0.02
42.137,-0.00,0.01,-0.01
42.154,-0.01,-0.00,0.01
42.171,-0.01,-0.01,0.02
42.187,-0.00,-0.01,0.02
42.204,0.01,-0.01,0.02
42.221,-0.00,-0.01,0.02
42.237,0.01,-0.01,0.02
42.254,0.02,-0.01,0.02
42.270,0.01,-0.00,0.02
42.287,-0.01,-0.00,-0.00
42.304,-0.01,0.00,-0.02
42.321,0.00,0.01,-0.02
42.337,-0.00,0.01,-0.02
42.354,-0.00,0.00,-0.01
42.371,0.01,0.00,-0.01
42.387,0.01,0.01,-0.02
42.404,-0.01,0.01,-0.03
42.421,-0.01,0.01,-0.03
42.437,-0.00,0.01,-0.02
42.454,-0.00,0.01,0.00
42.471,-0.00,0.01,0.01
42.487,-0.00,0.01,0.00
42.504,-0.00,0.00,-0.02
42.521,0.00,0.01,-0.03
42.537,-0.01,0.00,-0.02
42.554,-0.00,0.00,-0.00
42.571,-0.00,-0.00,0.01
42.599,-0.01,0.01,0.00
42.622,-0.01,0.03,-0.02
42.638,-0.01,0.03,-0.01
42.666,-0.01,0.02,0.01
42.683,-0.00,0.01,0.02
42.699,-0.00,-0.00,0.03
42.716,0.00,-0.01,0.03
42.733,-0.00,-0.00,0.03
42.749,-0.00,0.01,0.02
42.766,-0.01,0.01,0.01
42.799,-0.00,-0.00,0.01
42.816,0.01,-0.01,0.01
42.833,0.00,-0.02,0.01
42.849,0.00,-0.02,0.00
42.866,0.00,-0.01,-0.00
42.883,0.00,-0.01,0.00
42.899,0.00,-0.01,0.01
42.916,0.00,-0.01,0.01
42.933,-0.00,-0.01,0.01
42.949,-0.01,-0.01,-0.00
42.966,-0.00,-0.01,-0.01
42.983,-0.00,0.00,-0.01
42.999,-0.01,0.00,-0.01
43.016,-0.01,0.00,-0.00
43.033,-0.00,-0.00,-0.01
43.049,-0.00,-0.00,-0.02
43.066,0.00,-0.00,-0.02
43.083,0.00,-0.00,-0.01
43.099,0.00,-0.01,0.01
43.121,0.01,-0.01,0.02
43.138,0.00,-0.01,0.03
43.154,-0.00,-0.00,0.00
43.182,0.00,-0.01,-0.01
43.199,0.01,-0.01,-0.00
43.216,0.01,-0.01,0.00
43.233,0.01,-0.01,0.00
43.249,0.01,0.00,-0.01
43.266,0.01,0.02,-0.03
43.283,-0.00,0.04,-0.05
43.299,-0.01,0.05,-0.07
43.316,-0.02,0.05,-0.08
43.333,-0.02,0.05,-0.07
43.349,-0.00,0.01,-0.03
43.383,0.01,0.00,-0.01
43.399,0.02,-0.01,0.01
43.416,0.01,-0.01,0.01
43.449,-0.00,-0.00,0.02
43.466,-0.01,0.00,0.02
43.483,-0.01,0.00,0.02
43.499,-0.01,0.00,0.02
43.516,-0.00,-0.00,0.02
43.533,-0.00,-0.01,0.02
43.549,0.00,-0.02,0.01
43.566,0.01,-0.03,0.01
43.583,0.01,-0.03,0.01
43.599,0.00,-0.02,0.01
43.622,-0.00,-0.01,-0.01
43.638,-0.01,-0.01,-0.02
43.655,-0.00,-0.00,-0.02
43.671,-0.00,0.00,-0.01
43.688,-0.00,0.01,-0.00
43.705,-0.01,0.01,-0.00
43.721,-0.01,0.01,-0.01
43.738,-0.01,0.02,-0.03
43.766,-0.01,0.02,-0.01
43.783,-0.01,0.01,0.00
43.799,-0.00,0.01,0.01
43.816,-0.01,0.00,0.01
43.833,0.00,0.00,-0.01
43.849,-0.01,-0.00,-0.02
43.866,-0.01,-0.01,-0.01
43.883,0.00,-0.00,0.00
43.899,-0.01,-0.00,0.01
43.916,-0.01,0.00,-0.00
43.933,-0.01,0.03,-0.03
43.966,-0.02,0.03,-0.04
43.983,0.00,0.03,-0.04
43.999,-0.00,0.02,-0.02
44.033,-0.00,0.01,-0.00
44.049,0.00,0.02,-0.01
44.066,-0.00,0.01,-0.01
44.083,-0.00,0.01,-0.01
44.099,-0.00,0.01,0.00
44.122,-0.01,0.01,0.00
44.138,-0.00,0.00,0.00
44.155,0.01,0.01,0.01
44.172,0.00,0.01,0.01
44.188,0.00,0.00,0.01
44.205,0.00,0.01,0.00
44.222,-0.01,0.01,-0.00
44.238,-0.01,0.01,-0.00
44.255,0.01,0.02,-0.01
44.272,-0.01,0.02,-0.01
44.288,-0.01,0.02,-0.02
44.305,0.00,0.02,-0.02
44.322,-0.01,0.03,-0.03
44.349,-0.01,0.02,-0.03
44.366,-0.01,0.03,-0.04
44.383,-0.01,0.04,-0.03
44.399,-0.01,0.04,-0.03
44.416,-0.01,0.03,-0.03
44.433,-0.01,0.03,-0.03
44.449,-0.00,0.02,-0.04
44.466,-0.01,0.01,-0.04
44.483,-0.00,0.00,-0.03
44.499,0.00,-0.01,-0.01
44.516,0.01,-0.02,0.01
44.549,0.00,-0.01,0.02
44.566,-0.01,0.00,0.02
44.588,-0.01,0.01,0.01
44.605,-0.01,0.01,-0.00
44.622,-0.01,0.01,-0.01
44.638,-0.01,0.01,-0.01
44.655,-0.00,0.01,0.00
44.672,-0.00,0.01,0.01
44.688,-0.00,0.01,0.02
44.705,-0.01,0.02,0.01
44.722,-0.01,0.02,0.00
44.738,-0.01,0.02,-0.01
44.755,-0.01,0.02,-0.00
44.772,-0.01,0.02,0.01
44.788,0.01,0.01,0.02
44.805,0.01,0.00,0.03
44.822,0.01,-0.00,0.02
44.838,0.01,0.01,0.03
44.855,-0.00,-0.00,0.01
44.872,0.00,0.01,-0.00
44.888,-0.01,0.01,0.00
44.905,0.01,0.00,-0.00
44.933,0.00,-0.01,0.00
44.949,0.01,-0.01,-0.01
44.966,0.01,-0.00,-0.02
44.983,0.00,-0.01,-0.02
44.999,-0.00,-0.00,-0.01
45.016,0.01,0.01,-0.01
45.033,-0.01,0.01,-0.01
45.049,-0.01,0.01,-0.03
45.066,0.00,0.00,-0.02
45.088,0.00,-0.01,0.00
45.105,0.01,-0.00,0.00
45.122,0.01,-0.00,-0.01
45.138,0.01,-0.01,-0.01
45.155,-0.00,-0.00,-0.00
45.171,-0.01,-0.01,0.01
45.188,0.01,-0.01,0.02
45.205,0.00,-0.00,0.01
45.222,-0.00,0.00,0.00
45.238,0.00,0.01,-0.00
45.255,-0.00,0.02,-0.02
45.271,-0.01,0.02,-0.02
45.288,-0.00,0.01,-0.01
45.305,-0.00,0.00,0.01
45.321,0.00,-0.00,0.02
45.338,0.00,-0.00,0.02
45.355,-0.00,0.00,0.02
45.371,-0.01,0.00,0.02
45.388,-0.01,0.00,0.02
45.405,-0.01,0.01,0.02
45.421,-0.00,0.00,0.04
45.438,0.00,-0.00,0.06
45.455,0.01,-0.01,0.06
45.471,0.01,-0.01,0.05
45.488,0.01,-0.01,0.06
45.505,0.01,-0.01,0.06
45.521,0.01,-0.01,0.07
45.538,0.01,-0.01,0.06
45.555,0.01,-0.01,0.03
45.583,0.01,-0.01,0.01
45.605,0.00,0.01,0.01
45.621,-0.01,0.02,0.00
45.638,-0.01,0.03,-0.00
45.655,-0.01,0.03,-0.00
45.672,-0.01,0.03,-0.01
45.688,-0.00,0.02,-0.02
45.705,-0.00,0.01,-0.02
45.721,0.00,-0.00,-0.00
45.738,0.01,-0.00,0.01
45.754,0.01,0.00,0.02
45.771,0.00,0.01,0.01
45.788,-0.01,0.01,-0.01
45.805,-0.01,-0.00,-0.01
45.821,0.00,-0.01,0.01
45.838,0.00,-0.01,0.02
45.855,0.01,-0.01,0.02
45.871,0.01,0.00,0.01
45.888,-0.00,0.01,-0.01
45.905,-0.00,0.03,-0.03
45.921,-0.02,0.03,-0.04
45.938,-0.02,0.03,-0.04
45.955,-0.01,0.04,-0.03
45.971,-0.01,0.02,-0.03
45.988,-0.01,0.01,-0.02
46.005,0.01,0.02,-0.03
46.021,0.01,0.02,-0.05
46.038,-0.01,0.02,-0.05
46.055,-0.02,0.01,-0.06
46.071,-0.00,0.02,-0.06
46.088,0.00,0.03,-0.05
46.105,-0.01,0.02,-0.03
46.121,-0.01,0.01,-0.03
46.138,0.01,0.02,-0.01
46.166,-0.00,0.01,-0.01
46.183,-0.01,0.00,-0.01
46.199,-0.00,-0.00,-0.01
46.216,0.00,-0.00,0.00
46.233,0.00,-0.01,0.00
46.249,0.00,-0.01,-0.01
46.266,0.00,-0.01,-0.01
46.283,0.00,0.00,-0.01
46.299,0.00,0.01,-0.00
46.316,-0.01,0.01,-0.00
46.333,-0.01,0.02,-0.03
46.366,-0.01,0.02,-0.03
46.383,0.00,-0.00,-0.01
46.399,0.00,-0.01,0.01
46.433,0.01,-0.01,-0.01
46.449,-0.00,-0.00,-0.01
46.466,-0.01,-0.01,0.02
46.483,0.00,-0.02,0.04
46.499,0.01,-0.02,0.04
46.516,0.01,-0.02,0.04
46.533,0.00,-0.02,0.03
46.549,0.00,-0.01,0.02
46.566,-0.00,-0.01,0.00
46.583,-0.00,-0.01,0.00
46.599,0.00,-0.01,0.01
46.622,0.00,-0.01,0.02
46.638,0.00,-0.01,0.02
46.655,0.01,-0.01,0.02
46.671,0.01,-0.01,0.01
46.688,-0.01,-0.01,0.00
46.705,0.00,-0.01,0.00
46.721,0.00,-0.02,0.01
46.749,0.01,-0.02,0.01
46.766,0.01,-0.01,0.01
46.783,-0.01,-0.00,0.00
46.799,-0.01,0.02,-0.00
46.816,-0.02,0.04,-0.00
46.833,-0.02,0.02,-0.01
46.849,-0.00,0.01,-0.03
46.866,0.00,0.00,-0.02
46.883,0.01,-0.00,-0.01
46.899,0.01,0.01,-0.01
46.916,-0.01,0.04,-0.03
46.949,-0.02,0.05,-0.04
46.966,-0.02,0.04,-0.05
46.983,-0.00,0.04,-0.02
47.016,0.02,-0.00,0.03
47.033,0.02,0.00,0.03
47.049,0.01,-0.01,0.02
47.066,0.02,-0.01,0.00
47.083,0.01,-0.01,-0.00
47.099,-0.01,-0.01,0.01
47.121,0.01,0.00,0.01
47.138,0.00,0.01,0.01
47.155,-0.01,0.01,-0.01
47.171,-0.01,0.01,-0.02
47.188,0.00,0.02,-0.03
47.205,-0.01,0.01,-0.03
47.221,-0.01,0.00,-0.03
47.238,-0.00,-0.00,-0.02
47.255,0.01,-0.01,-0.01
47.271,0.00,-0.03,0.01
47.288,0.01,-0.03,0.02
47.305,0.01,-0.03,0.02
47.333,0.01,-0.02,0.02
47.349,0.00,-0.01,0.02
47.366,-0.00,-0.00,0.02
47.383,-0.00,-0.01,0.02
47.399,-0.00,-0.01,0.02
47.416,-0.00,-0.02,0.01
47.433,-0.00,-0.01,-0.00
47.449,-0.01,-0.01,-0.02
47.466,-0.00,-0.00,-0.03
47.483,-0.01,0.00,-0.02
47.499,-0.00,-0.01,-0.01
47.533,0.00,-0.01,-0.01
47.549,0.01,-0.01,0.00
47.566,0.00,-0.01,0.00
47.599,0.01,-0.00,-0.01
47.623,0.00,-0.01,0.00
47.638,0.01,-0.02,0.02
47.655,0.03,-0.01,0.03
47.671,0.02,-0.01,0.03
47.688,0.00,-0.02,0.01
47.705,-0.00,-0.02,-0.00
47.721,0.01,-0.01,-0.02
47.738,0.00,-0.00,-0.00
47.755,-0.01,-0.00,0.01
47.772,-0.00,0.00,0.01
47.788,-0.01,0.01,0.00
47.805,-0.01,0.01,-0.01
47.821,0.01,0.02,-0.03
47.838,-0.00,0.02,-0.04
47.855,-0.01,0.01,-0.03
47.871,-0.01,0.01,-0.03
47.888,0.00,0.01,-0.02
47.905,0.01,0.01,-0.01
47.921,-0.00,-0.00,-0.01
47.938,0.00,-0.00,-0.01
47.955,-0.00,-0.01,-0.01
47.983,0.00,-0.01,-0.01
47.999,0.01,-0.01,0.00
48.016,0.00,-0.01,0.01
48.033,-0.00,-0.02,0.01
48.049,0.01,-0.01,0.01
48.066,0.01,0.00,0.01
48.083,-0.00,-0.00,0.01
48.099,-0.01,-0.00,0.00
48.122,0.01,0.00,-0.01
48.138,-0.00,0.00,-0.01
48.155,-0.00,-0.00,-0.01
48.172,0.00,0.00,-0.02
48.188,0.01,0.01,-0.03
48.205,-0.00,0.01,-0.02
48.221,-0.01,0.00,-0.02
48.238,-0.00,0.01,-0.01
48.255,0.01,0.01,0.00
48.271,0.00,0.01,-0.00
48.288,0.01,0.01,-0.01
48.305,0.01,0.01,-0.01
48.321,-0.00,0.00,-0.01
48.338,-0.01,0.00,0.00
48.355,0.01,0.01,0.00
48.372,0.00,0.02,0.01
48.388,-0.01,0.01,0.00
48.405,-0.01,0.02,-0.02
48.422,0.00,0.03,-0.02
48.438,-0.00,0.03,-0.02
48.455,-0.01,0.02,-0.00
48.472,-0.00,0.01,0.00
48.488,0.00,0.01,-0.00
48.505,0.01,0.01,-0.01
48.522,0.01,0.02,-0.02
48.538,-0.00,0.01,-0.00
48.566,0.00,0.01,0.00
48.583,0.00,0.01,0.01
48.599,-0.00,0.01,0.01
48.622,0.00,0.01,-0.00
48.638,0.01,0.01,-0.00
48.655,0.00,0.01,0.01
48.672,0.00,0.00,0.01
48.688,0.00,0.00,0.01
48.705,0.00,0.00,0.01
48.722,0.01,-0.01,0.01
48.738,0.00,-0.01,0.01
48.755,0.00,-0.01,0.00
48.772,-0.00,-0.01,-0.01
48.788,-0.00,-0.01,-0.01
48.805,-0.00,-0.01,0.00
48.821,0.00,-0.02,0.01
48.838,0.00,-0.02,0.02
48.855,0.01,-0.03,0.01
48.872,0.01,-0.02,-0.00
48.888,0.00,-0.02,-0.00
48.905,0.00,-0.02,0.01
48.922,0.00,-0.03,0.01
48.938,0.00,-0.02,0.02
48.955,0.01,-0.02,0.02
48.971,0.01,-0.01,0.02
48.988,0.01,-0.00,0.01
49.005,-0.00,0.01,-0.01
49.021,-0.00,0.01,-0.01
49.038,0.00,-0.00,-0.01
49.055,0.01,-0.01,0.00
49.072,0.01,-0.01,0.02
49.088,0.01,-0.00,0.02
49.105,0.01,0.00,0.01
49.121,0.00,-0.00,0.00
49.149,-0.00,-0.00,0.01
49.166,-0.00,-0.00,0.01
49.183,0.00,-0.00,0.01
49.199,0.01,-0.00,0.02
49.216,0.00,-0.00,0.01
49.233,0.00,-0.00,0.01
49.249,-0.00,0.00,0.00
49.266,-0.01,0.01,0.00
49.283,-0.00,0.01,0.01
49.299,0.00,0.01,0.00
49.316,-0.00,0.00,-0.01
49.349,-0.01,0.01,-0.02
49.366,-0.01,0.02,-0.04
49.383,-0.01,0.01,-0.03
49.416,-0.00,0.01,-0.01
49.433,-0.01,0.01,-0.01
49.449,-0.01,0.01,-0.03
49.466,-0.01,0.01,-0.04
49.483,-0.01,0.01,-0.03
49.499,-0.02,0.00,-0.02
49.516,-0.01,-0.00,-0.02
49.533,-0.00,-0.00,-0.01
49.549,-0.00,0.00,-0.02
49.566,-0.01,0.01,-0.03
49.583,-0.01,0.01,-0.03
49.599,-0.01,0.01,-0.03
49.616,-0.01,0.00,-0.02
49.633,0.00,-0.00,-0.01
49.655,0.00,-0.00,0.01
49.672,0.01,-0.00,0.01
49.688,0.01,-0.00,0.01
49.705,0.01,-0.00,0.00
49.733,-0.00,-0.01,0.01
49.749,-0.00,-0.01,0.01
49.766,-0.00,-0.01,0.03
49.783,-0.01,-0.01,0.03
49.799,0.00,-0.01,0.03
49.816,-0.00,-0.01,0.02
49.833,-0.01,-0.01,0.01
49.849,-0.00,-0.00,0.02
49.866,-0.01,-0.00,0.02
49.883,-0.01,-0.01,0.02
49.899,-0.00,-0.00,-0.00
49.932,-0.01,-0.01,-0.01
49.949,0.01,0.00,-0.04
49.966,-0.00,0.00,-0.04
49.999,-0.00,0.00,-0.02
50.016,0.00,0.01,-0.01
50.033,0.01,0.00,-0.01
50.049,-0.00,-0.01,-0.01
50.066,-0.00,-0.01,-0.01
50.083,-0.00,-0.01,-0.01
50.099,0.00,-0.01,0.00
50.116,-0.00,-0.00,0.00
50.133,-0.00,0.01,0.00
50.155,-0.01,0.02,-0.01
50.172,-0.01,0.01,-0.02
50.188,-0.00,0.01,-0.01
50.205,0.00,0.01,-0.00
50.222,0.00,0.00,0.01
50.238,0.01,0.00,0.02
50.255,0.01,0.00,0.03
50.272,0.01,0.00,0.03
50.288,0.00,0.02,0.01
50.316,-0.01,0.02,0.00
50.333,-0.00,0.02,0.00
50.349,-0.00,0.02,0.01
50.366,-0.01,0.02,0.02
50.383,-0.00,0.01,0.01
50.399,-0.00,0.01,-0.01
50.416,-0.00,0.01,-0.01
50.433,-0.01,0.01,-0.02
50.449,-0.00,0.02,-0.01
50.466,-0.00,0.01,-0.00
50.482,0.00,0.01,-0.01
50.516,0.00,0.01,-0.01
50.532,-0.01,0.01,-0.01
50.549,-0.00,0.01,-0.02
50.582,-0.00,0.00,-0.01
50.599,0.00,0.00,0.00
50.616,-0.00,0.00,0.01
50.633,-0.00,0.01,-0.01
50.655,-0.01,0.01,-0.03
50.672,-0.01,0.00,-0.03
50.688,-0.01,-0.00,-0.01
50.705,-0.00,0.00,0.00
50.721,-0.00,0.00,0.00
50.738,-0.01,0.01,0.00
50.755,-0.01,0.02,0.00
50.772,-0.01,0.02,-0.01
50.788,-0.01,0.02,-0.02
50.805,-0.01,0.01,-0.01
50.821,-0.01,0.00,0.01
50.838,0.00,-0.00,0.01
50.855,0.00,-0.00,0.00
50.872,0.01,0.00,-0.00
50.888,0.00,0.01,0.00
50.905,0.00,0.01,0.00
50.922,-0.01,0.00,0.01
50.938,-0.00,0.01,0.01
50.966,-0.01,0.01,0.01
50.983,0.00,0.01,0.01
50.999,0.00,0.00,0.02
51.016,-0.00,-0.01,0.02
51.033,0.00,-0.01,0.01
51.049,-0.01,-0.00,-0.00
51.066,-0.01,-0.00,-0.01
51.083,0.00,0.01,-0.01
51.099,0.00,0.00,-0.00
51.116,-0.01,-0.00,0.00
51.133,0.01,-0.01,-0.00
51.155,-0.01,-0.01,-0.01
51.171,-0.01,-0.00,-0.01
51.188,-0.00,0.00,-0.01
51.205,-0.01,0.00,-0.01
51.222,-0.00,0.00,0.00
51.238,0.00,0.01,0.01
51.255,-0.00,-0.00,0.01
51.271,-0.00,-0.01,-0.00
51.288,-0.00,-0.01,-0.01
51.305,-0.00,-0.02,-0.01
51.322,-0.00,-0.03,0.01
51.338,0.01,-0.03,0.03
51.355,0.00,-0.03,0.03
51.372,0.00,-0.02,0.03
51.388,0.00,-0.02,0.02
51.405,-0.00,-0.02,0.02
51.422,-0.01,-0.02,0.01
51.438,0.00,-0.02,0.01
51.455,0.01,-0.03,0.02
51.471,0.01,-0.03,0.04
51.488,0.01,-0.05,0.04
51.505,0.02,-0.05,0.01
51.522,0.01,-0.03,0.01
51.549,0.00,-0.02,0.02
51.566,0.00,-0.01,0.02
51.583,0.00,-0.00,-0.01
51.599,0.00,0.00,-0.02
51.616,0.00,-0.00,-0.02
51.633,-0.00,-0.01,-0.01
51.655,0.00,-0.02,0.02
51.672,-0.00,-0.02,0.04
51.688,-0.01,-0.02,0.03
51.705,0.00,-0.02,0.01
51.721,0.01,-0.02,0.00
51.738,0.00,-0.02,0.00
51.755,-0.00,-0.02,0.01
51.771,0.00,-0.02,0.01
51.788,-0.00,-0.02,-0.00
51.805,-0.00,-0.02,-0.02
51.821,-0.00,-0.01,-0.02
51.838,-0.01,0.00,-0.02
51.855,-0.01,-0.00,-0.01
51.871,-0.01,0.01,-0.01
51.888,-0.00,0.01,-0.01
51.905,-0.01,0.01,-0.02
51.921,-0.01,0.01,-0.04
51.938,-0.01,0.01,-0.04
51.955,-0.01,0.00,-0.03
51.972,-0.01,0.01,-0.01
51.988,-0.01,0.02,-0.00
52.005,-0.01,0.03,-0.01
52.022,-0.01,0.05,-0.02
52.038,-0.02,0.06,-0.03
52.055,-0.03,0.06,-0.02
52.071,-0.02,0.05,-0.02
52.088,-0.03,0.04,-0.00
52.105,0.01,0.02,0.02
52.132,0.00,0.00,0.03
52.156,0.03,0.02,0.01
52.172,0.00,0.02,0.01
52.199,-0.01,0.02,0.01
52.216,-0.01,0.03,0.01
52.232,0.01,0.03,0.01
52.249,0.00,0.03,0.02
52.266,-0.01,0.02,0.02
52.282,-0.00,0.01,0.02
52.299,0.02,0.01,0.01
52.333,0.00,0.00,0.01
52.349,-0.01,0.01,-0.02
52.366,-0.00,0.01,-0.03
52.399,0.00,0.00,0.01
52.416,0.00,-0.00,0.01
52.433,0.01,0.00,-0.01
52.449,0.00,0.00,-0.02
52.466,-0.01,0.00,-0.03
52.482,-0.01,0.01,-0.04
52.499,-0.00,0.02,-0.03
52.516,-0.02,0.01,-0.02
52.533,-0.01,0.01,-0.02
52.549,0.01,0.01,-0.03
52.566,-0.00,0.01,-0.03
52.583,-0.02,-0.00,-0.03
52.599,-0.01,0.00,-0.02
52.616,-0.00,0.01,-0.01
52.632,-0.01,0.01,-0.02
52.655,-0.01,0.01,-0.03
52.671,0.01,0.02,-0.02
52.688,-0.01,0.02,-0.01
52.716,-0.00,0.01,-0.02
52.732,0.00,0.02,-0.01
52.749,0.01,0.02,-0.00
52.766,0.00,0.01,0.00
52.783,0.00,0.01,-0.00
52.799,-0.00,0.01,-0.00
52.816,0.01,0.02,0.01
52.833,0.01,0.02,0.02
52.849,-0.00,0.01,0.02
52.866,-0.00,0.02,0.01
52.882,0.00,0.02,0.03
52.916,-0.00,0.01,0.03
52.932,0.00,0.00,0.02
52.949,-0.00,0.00,0.02
52.982,0.01,0.01,0.01
52.999,0.00,0.01,0.01
53.016,-0.00,0.01,0.00
53.033,-0.01,0.01,-0.01
53.049,-0.00,0.01,-0.01
53.066,-0.01,0.01,-0.02
53.083,-0.01,0.01,-0.04
53.099,-0.01,0.02,-0.04
53.116,-0.01,0.02,-0.03
53.132,-0.00,0.01,-0.03
53.155,0.00,0.01,-0.02
53.172,-0.00,0.00,-0.02
53.188,-0.00,-0.00,-0.03
53.205,0.00,-0.01,-0.03
53.221,-0.00,-0.01,-0.02
53.238,-0.01,-0.02,-0.01
53.255,0.00,-0.02,0.00
53.271,-0.01,-0.01,-0.01
53.299,-0.00,0.00,-0.02
53.316,-0.00,0.01,-0.03
53.333,-0.01,0.01,-0.03
53.349,-0.01,0.02,-0.02
53.366,0.00,0.01,-0.00
53.382,0.00,-0.00,0.00
53.399,0.00,-0.01,0.00
53.416,0.01,-0.01,-0.00
53.432,0.01,-0.01,-0.00
53.449,0.01,-0.01,0.01
53.466,0.01,-0.01,0.03
53.483,0.00,-0.01,0.03
53.499,0.00,-0.00,0.02
53.516,0.01,-0.00,0.02
53.533,0.00,0.00,0.01
53.566,-0.00,0.02,-0.00
53.582,-0.01,0.02,-0.00
53.599,-0.01,0.02,-0.01
53.616,0.00,0.02,-0.01
53.632,-0.00,0.02,-0.00
53.655,-0.00,0.02,0.00
53.671,-0.01,0.02,0.00
53.688,-0.01,0.02,0.00
53.704,-0.01,0.01,0.01
53.721,-0.01,0.00,0.02
53.738,-0.01,-0.01,0.02
53.755,0.01,-0.01,0.02
53.771,0.00,-0.02,0.03
53.788,0.01,-0.02,0.03
53.805,0.01,-0.01,0.03
53.821,-0.00,-0.01,0.01
53.838,-0.01,-0.01,-0.03
53.855,0.00,0.00,-0.04
53.871,-0.00,0.00,-0.02
53.888,-0.01,-0.01,0.00
53.905,0.00,-0.01,0.01
53.921,-0.00,0.00,-0.01
53.949,-0.01,0.01,-0.03
53.966,-0.01,0.01,-0.04
53.983,-0.01,0.00,-0.02
53.999,0.00,-0.01,0.00
54.016,0.01,-0.01,0.03
54.033,0.01,-0.02,0.05
54.049,0.01,-0.02,0.06
54.066,0.01,-0.02,0.04
54.083,0.01,-0.02,0.02
54.099,0.01,-0.01,0.02
54.116,0.01,-0.01,0.04
54.149,0.00,-0.02,0.03
54.166,0.00,-0.00,0.02
54.183,-0.00,0.00,0.00
54.216,-0.01,0.01,-0.02
54.232,-0.01,0.01,-0.01
54.249,-0.01,0.01,-0.02
54.266,-0.01,0.01,-0.03
54.282,-0.00,0.01,-0.03
54.299,-0.01,0.00,-0.03
54.316,-0.01,0.01,-0.03
54.332,-0.01,0.01,-0.04
54.349,-0.02,0.02,-0.05
54.366,-0.02,0.03,-0.05
54.382,-0.02,0.02,-0.04
54.399,-0.00,0.02,-0.02
54.416,-0.00,0.02,-0.02
54.432,-0.01,0.01,-0.03
54.449,-0.00,0.02,-0.05
54.466,-0.01,0.01,-0.05
54.482,-0.02,0.01,-0.03
54.499,-0.01,0.01,-0.02
54.516,-0.01,0.00,-0.00
54.532,-0.01,0.00,0.01
54.549,-0.00,0.01,0.01
54.566,-0.01,0.01,-0.00
54.582,-0.01,0.01,-0.02
54.599,-0.00,0.01,-0.01
54.616,-0.01,0.00,-0.01
54.632,-0.01,-0.00,-0.00
54.655,0.00,0.00,0.01
54.671,-0.00,0.00,0.00
54.688,-0.00,0.01,-0.00
54.705,-0.00,0.01,-0.00
54.721,-0.01,0.00,0.01
54.738,-0.01,-0.00,0.00
54.754,-0.00,-0.00,0.01
54.771,0.01,-0.00,0.03
54.788,0.00,-0.01,0.03
54.805,-0.00,-0.01,0.02
54.821,-0.01,0.00,0.01
54.838,-0.01,0.00,0.00
54.854,-0.01,0.00,0.00
54.871,-0.01,0.01,0.00
54.888,-0.01,-0.00,-0.01
54.904,-0.00,0.00,-0.02
54.921,-0.00,0.01,-0.01
54.938,-0.00,0.00,-0.00
54.954,-0.01,0.00,-0.01
54.971,-0.02,0.01,-0.03
54.988,-0.01,0.01,-0.04
55.004,-0.01,0.01,-0.03
55.021,-0.01,0.01,-0.00
55.038,0.00,0.01,0.01
55.054,-0.01,-0.00,0.01
55.071,-0.01,-0.01,-0.01
55.088,-0.01,-0.01,-0.02
55.116,-0.00,-0.01,-0.01
55.132,0.00,-0.01,0.01
55.149,-0.01,-0.01,0.01
55.171,-0.01,0.00,0.00
55.188,-0.01,0.02,-0.02
55.204,-0.01,0.01,-0.01
55.221,-0.00,0.01,0.02
55.238,-0.01,0.00,0.03
55.254,-0.01,-0.00,0.03
55.271,-0.00,-0.01,0.02
55.288,-0.00,-0.00,0.02
55.304,-0.00,0.00,0.03
55.321,-0.00,0.01,0.03
55.338,-0.01,0.01,0.02
55.354,-0.01,0.01,0.01
55.371,-0.01,0.01,-0.00
55.388,-0.01,0.00,-0.02
55.404,-0.01,0.00,-0.02
55.421,-0.01,0.00,-0.01
55.438,-0.01,0.01,-0.02
55.454,-0.01,0.01,-0.03
55.471,-0.01,0.02,-0.04
55.488,-0.01,0.02,-0.04
55.504,-0.01,0.02,-0.04
55.521,-0.01,0.02,-0.04
55.538,-0.01,0.01,-0.03
55.554,-0.00,0.01,-0.02
55.571,-0.01,0.01,-0.03
55.588,-0.01,0.02,-0.04
55.604,-0.01,0.02,-0.05
55.621,-0.01,0.01,-0.04
55.638,-0.00,0.01,-0.02
55.654,-0.00,0.00,-0.01
55.671,0.01,0.00,-0.01
55.688,-0.00,0.00,-0.01
55.704,-0.01,-0.01,-0.01
55.721,0.01,-0.00,0.01
55.738,0.00,-0.02,0.02
55.766,-0.00,-0.01,0.01
55.782,0.01,0.00,-0.01
55.799,0.01,0.02,-0.02
55.816,-0.01,0.02,-0.02
55.832,-0.01,0.02,-0.02
55.849,0.01,0.02,-0.01
55.866,0.01,0.01,0.00
55.882,0.00,-0.00,0.01
55.899,0.00,-0.01,0.00
55.916,0.02,0.01,0.03
55.932,0.01,0.00,0.04
55.966,0.01,-0.00,0.01
55.983,0.00,0.00,0.00
55.999,0.00,0.00,0.01
56.016,0.01,-0.00,0.02
56.032,0.01,0.00,0.02
56.049,0.00,-0.00,0.01
56.066,0.01,-0.00,0.01
56.082,0.01,0.00,0.01
56.099,0.00,-0.00,0.02
56.116,0.00,-0.01,0.00
56.132,-0.00,-0.01,-0.02
56.149,-0.01,0.01,-0.04
56.166,-0.01,0.02,-0.06
56.188,-0.02,0.04,-0.07
56.204,-0.02,0.04,-0.04
56.221,-0.01,0.03,-0.02
56.238,-0.01,0.03,-0.01
56.254,0.00,0.02,-0.01
56.271,0.00,0.01,0.00
56.288,0.01,0.00,0.02
56.304,0.01,-0.00,0.03
56.321,0.01,-0.02,0.01
56.349,0.01,-0.03,0.02
56.366,0.02,-0.03,0.03
56.382,0.01,-0.02,0.03
56.399,0.01,-0.01,0.02
56.416,0.00,0.01,-0.01
56.432,-0.01,0.02,-0.02
56.449,-0.01,0.03,-0.04
56.466,-0.00,0.03,-0.04
56.482,-0.01,0.02,-0.03
56.499,-0.00,0.00,-0.03
56.516,0.01,0.00,0.00
56.549,-0.00,-0.00,0.00
56.566,0.00,0.01,-0.00
56.582,-0.01,0.00,0.00
56.616,0.01,-0.00,0.01
56.632,-0.00,-0.01,0.01
56.649,-0.00,-0.01,0.01
56.666,0.01,-0.00,0.01
56.688,0.01,0.01,0.01
56.704,-0.01,0.00,0.00
56.721,-0.01,0.00,-0.01
56.738,0.00,0.01,-0.01
56.754,0.01,0.02,-0.01
56.771,-0.00,0.01,-0.01
56.788,-0.01,0.00,-0.01
56.804,-0.01,0.00,-0.02
56.821,-0.01,0.01,-0.03
56.838,-0.02,0.01,-0.04
56.854,-0.02,0.01,-0.05
56.871,-0.01,0.02,-0.04
56.887,-0.00,0.01,-0.02
56.904,-0.00,-0.01,-0.01
56.932,0.00,-0.01,-0.03
56.949,-0.00,0.00,-0.03
56.966,-0.02,-0.00,-0.03
56.982,-0.01,-0.01,-0.01
56.999,0.01,-0.00,0.01
57.016,0.00,-0.00,0.03
57.032,-0.01,-0.01,0.02
57.049,-0.01,-0.00,-0.00
57.066,0.00,0.00,-0.01
57.082,-0.01,0.01,-0.01
57.099,0.01,0.00,-0.00
57.132,0.00,-0.01,0.01
57.149,0.01,-0.01,0.02
57.166,0.01,-0.00,0.01
57.188,-0.00,-0.01,0.01
57.204,-0.00,-0.00,0.01
57.221,0.01,-0.00,0.01
57.237,0.02,-0.00,0.01
57.254,0.01,-0.01,0.01
57.271,0.00,-0.01,0.02
57.287,0.00,-0.01,0.02
57.304,0.00,-0.00,0.01
57.321,-0.00,-0.01,0.00
57.337,-0.00,-0.01,-0.00
57.354,0.01,-0.00,-0.00
57.370,0.01,-0.00,0.00
57.387,0.00,-0.00,0.01
57.404,0.00,-0.00,0.00
57.420,-0.00,-0.00,-0.01
57.437,-0.00,-0.00,-0.02
57.454,0.00,0.00,-0.02
57.470,-0.00,0.01,-0.03
57.487,-0.00,0.00,-0.02
57.516,-0.00,-0.00,0.00
57.532,0.00,-0.00,-0.00
57.549,0.01,0.00,-0.02
57.566,-0.00,0.00,-0.02
57.582,-0.00,-0.00,-0.02
57.599,-0.00,-0.00,-0.01
57.616,-0.01,-0.01,0.01
57.632,-0.00,-0.01,0.00
57.649,0.00,0.01,-0.00
57.666,-0.01,0.01,-0.01
57.688,-0.01,0.02,-0.03
57.704,0.00,0.02,-0.03
57.720,-0.01,0.01,-0.02
57.737,-0.00,0.00,-0.01
57.754,0.01,0.01,-0.02
57.771,0.00,0.01,-0.02
57.787,-0.00,0.00,-0.01
57.804,0.00,0.01,-0.00
57.821,0.00,0.01,-0.00
57.837,-0.00,0.00,0.00
57.854,0.00,0.01,0.01
57.871,-0.00,-0.00,0.02
57.887,0.00,-0.00,0.03
57.904,0.01,0.00,0.02
57.921,0.00,-0.00,0.01
57.937,-0.00,0.00,0.00
57.954,0.00,0.01,-0.00
57.971,-0.00,0.01,-0.00
57.987,-0.00,0.01,-0.01
58.004,0.01,0.01,-0.01
58.021,0.00,0.00,-0.01
58.037,0.00,0.00,-0.01
58.054,-0.00,0.00,-0.01
58.071,-0.00,0.00,-0.01
58.087,-0.00,-0.00,-0.02
58.104,0.00,0.01,-0.02
58.121,-0.00,0.00,-0.02
58.137,0.01,-0.01,-0.00
58.166,0.01,-0.00,0.01
58.188,0.00,-0.00,-0.01
58.204,-0.01,-0.01,-0.03
58.221,-0.00,-0.00,-0.03
58.237,-0.00,-0.00,-0.01
58.254,-0.00,0.00,-0.00
58.271,-0.00,0.01,-0.00
58.287,-0.01,0.02,-0.01
58.304,-0.01,0.03,-0.03
58.321,-0.01,0.04,-0.04
58.337,-0.01,0.03,-0.03
58.354,-0.01,0.02,-0.02
58.371,-0.00,0.01,-0.00
58.388,0.01,0.01,0.00
58.404,0.01,0.01,-0.00
58.421,0.01,0.01,-0.01
58.437,0.01,0.01,-0.01
58.454,0.01,0.00,-0.01
58.471,0.00,0.00,-0.01
58.487,0.00,0.00,-0.00
58.504,0.01,0.00,-0.00
58.521,0.01,0.01,-0.00
58.537,0.01,0.01,-0.01
58.554,0.00,0.01,-0.01
58.571,-0.00,0.01,-0.01
58.587,-0.01,0.01,-0.01
58.604,-0.00,0.01,-0.02
58.621,-0.00,0.01,-0.01
58.637,0.00,0.01,0.00
58.654,0.00,-0.00,0.01
58.671,0.00,-0.00,0.01
58.687,0.00,-0.00,0.01
58.704,0.00,-0.01,0.01
58.721,0.01,-0.02,0.01
58.749,0.01,-0.02,-0.00
58.766,0.01,-0.01,-0.00
58.782,-0.00,-0.01,-0.00
58.799,0.00,-0.00,0.00
58.816,0.01,0.01,0.01
58.832,-0.01,-0.01,-0.01
58.849,-0.00,-0.01,-0.02
58.866,0.01,-0.01,-0.02
58.882,0.01,-0.03,0.00
58.899,-0.00,-0.03,0.01
58.916,0.02,0.01,0.01
58.949,-0.00,0.00,0.00
58.966,-0.01,0.01,-0.01
58.982,-0.01,0.00,-0.01
58.999,0.00,-0.00,-0.00
59.016,0.01,-0.00,0.02
59.032,0.02,-0.00,0.03
59.049,0.01,-0.01,0.02
59.066,0.01,-0.01,0.01
59.082,0.01,-0.01,0.01
59.099,0.01,-0.01,0.03
59.116,0.00,-0.01,0.03
59.132,0.00,-0.00,0.02
59.149,0.01,-0.00,0.03
59.166,0.00,-0.01,0.03
59.182,0.00,-0.01,0.02
59.204,0.00,-0.01,0.01
59.221,0.01,-0.01,0.01
59.237,0.00,-0.01,0.01
59.254,-0.00,-0.00,0.01
59.271,-0.00,-0.00,0.01
59.287,-0.00,0.00,0.01
59.304,-0.00,-0.00,0.01
59.332,-0.01,-0.00,-0.00
59.349,-0.00,0.01,-0.01
59.366,-0.01,0.01,-0.01
59.382,-0.01,0.02,-0.01
59.399,-0.01,0.01,-0.01
59.416,-0.01,0.01,-0.01
59.432,-0.00,0.01,-0.01
59.449,-0.00,0.02,-0.01
59.466,-0.01,0.02,-0.02
59.482,-0.01,0.02,-0.03
59.499,-0.01,0.01,-0.05
59.532,-0.01,0.01,-0.04
59.549,-0.00,0.01,-0.03
59.566,-0.01,0.02,-0.05
59.599,-0.01,0.03,-0.06
59.616,-0.02,0.03,-0.05
59.632,-0.01,0.02,-0.05
59.649,-0.01,0.01,-0.02
59.666,-0.01,-0.01,-0.01
59.682,0.01,-0.02,0.01
59.704,0.02,-0.01,0.00
59.721,0.02,0.02,-0.04
59.737,0.01,0.04,-0.05
59.754,-0.02,0.06,-0.03
59.771,-0.02,0.05,-0.01
59.787,-0.02,0.06,-0.00
59.804,-0.02,0.05,-0.02
59.821,-0.02,0.04,-0.02
59.837,-0.01,0.04,-0.04
59.854,-0.02,0.03,-0.04
59.871,-0.03,0.03,-0.04
59.888,-0.01,0.04,-0.05
59.916,0.00,0.05,-0.05
59.932,-0.01,0.06,-0.05
59.949,-0.04,0.06,-0.05
59.966,-0.02,0.04,-0.05
59.982,-0.01,0.04,-0.05
59.999,0.01,0.05,-0.06
60.016,0.01,0.05,-0.09
60.032,0.01,0.05,-0.10
60.049,0.03,0.05,-0.11
60.066,0.03,0.06,-0.10
60.082,0.05,0.06,-0.09
60.116,0.10,0.06,-0.09
60.132,0.20,0.03,-0.09
60.149,0.18,0.01,-0.08
60.182,0.13,0.04,-0.08
60.205,0.11,0.04,-0.10
60.221,0.10,0.05,-0.11
60.237,0.10,0.05,-0.12
60.254,0.09,0.07,-0.10
60.271,0.05,0.04,-0.08
60.288,-0.00,0.01,-0.05
60.304,-0.01,0.02,-0.03
60.321,0.01,0.01,-0.04
60.337,0.04,0.02,-0.05
60.354,0.06,0.01,-0.04
60.371,0.05,-0.01,-0.00
60.387,-0.00,-0.01,0.02
60.404,-0.01,-0.01,0.04
60.421,0.00,-0.00,0.04
60.437,0.02,-0.00,0.05
60.454,0.01,-0.00,0.07
60.471,0.00,-0.01,0.05
60.499,-0.00,-0.01,0.03
60.516,-0.00,-0.00,0.02
60.532,0.00,0.00,0.02
60.549,0.00,0.00,0.01
60.566,-0.01,0.00,0.01
60.582,-0.02,0.00,0.01
60.599,-0.02,0.01,-0.00
60.616,-0.01,0.02,-0.01
60.632,-0.00,0.02,-0.01
60.649,-0.01,0.02,-0.01
60.666,-0.02,0.02,-0.03
60.699,-0.02,0.02,-0.03
60.716,0.00,0.02,-0.02
60.732,-0.01,0.02,-0.02
60.766,-0.01,0.01,-0.04
60.782,-0.01,0.00,-0.04
60.799,-0.03,-0.00,-0.03
60.816,-0.06,-0.01,-0.02
60.832,-0.01,0.01,-0.02
60.849,0.01,0.01,-0.01
60.866,0.00,0.02,-0.01
60.882,-0.02,0.02,-0.01
60.899,-0.02,0.03,-0.02
60.916,-0.01,0.03,-0.02
60.932,-0.00,0.03,-0.02
60.949,0.00,0.02,-0.00
60.966,-0.01,0.01,0.01
60.982,0.00,0.01,0.02
60.999,0.01,0.01,0.01
61.016,0.00,0.01,0.01
61.032,-0.00,0.01,0.01
61.049,-0.00,0.01,0.02
61.066,-0.00,-0.00,0.03
61.082,0.00,-0.01,0.03
61.099,0.01,-0.01,0.03
61.116,-0.00,-0.01,0.02
61.132,-0.01,-0.01,0.01
61.149,0.00,-0.01,0.01
61.166,0.01,0.00,0.01
61.182,-0.00,0.00,0.00
61.204,-0.01,0.01,-0.02
61.221,-0.00,0.01,-0.02
61.237,0.00,0.01,-0.02
61.254,-0.01,0.01,-0.02
61.271,-0.02,0.01,-0.01
61.287,-0.02,0.01,-0.02
61.304,-0.01,0.01,-0.01
61.321,-0.00,0.01,-0.00
61.337,-0.01,0.00,0.00
61.354,-0.01,-0.01,0.01
61.371,-0.02,-0.02,0.00
61.387,-0.01,-0.02,-0.00
61.404,0.01,-0.02,0.01
61.421,0.02,-0.03,0.01
61.437,0.03,-0.02,-0.01
61.454,0.01,-0.02,-0.02
61.470,0.00,-0.01,-0.01
61.487,-0.00,-0.01,-0.01
61.504,-0.00,-0.00,-0.01
61.521,-0.01,0.00,-0.01
61.537,-0.01,0.01,0.00
61.554,-0.01,0.02,-0.00
61.571,-0.02,0.03,-0.02
61.587,-0.03,0.04,-0.03
61.604,-0.03,0.03,-0.03
61.620,-0.04,0.03,-0.01
61.637,-0.04,0.02,0.01
61.654,-0.03,0.01,0.01
61.670,-0.02,0.01,0.02
61.687,-0.01,0.01,0.02
61.704,-0.01,0.01,0.00
61.732,-0.01,0.01,0.00
61.749,-0.01,0.02,-0.00
61.766,-0.00,0.02,-0.01
61.782,0.00,0.03,-0.00
61.799,0.01,0.02,0.01
61.816,0.01,0.02,-0.00
61.832,0.01,0.01,0.00
61.849,0.01,0.01,-0.01
61.866,0.02,0.01,-0.01
61.882,0.02,0.01,-0.02
61.899,0.02,-0.00,-0.04
61.932,-0.01,0.02,-0.04
61.949,0.00,0.03,-0.01
61.966,0.00,0.02,-0.02
61.999,-0.01,0.03,-0.03
62.016,-0.00,0.03,-0.02
62.032,-0.01,0.03,-0.02
62.049,-0.01,0.03,-0.03
62.066,-0.01,0.03,-0.02
62.082,-0.00,0.03,-0.01
62.099,-0.01,0.04,-0.02
62.116,-0.03,0.04,-0.03
62.132,-0.02,0.04,-0.04
62.149,-0.00,0.03,-0.05
62.166,-0.01,0.03,-0.04
62.182,-0.02,0.03,-0.03
62.199,-0.01,0.02,-0.02
62.221,0.00,0.02,-0.02
62.237,-0.01,0.03,-0.01
62.254,-0.04,0.03,-0.01
62.271,-0.02,0.04,-0.03
62.288,-0.28,0.05,0.02
62.316,-0.48,0.01,0.08
62.332,-0.39,0.02,0.07
62.349,-0.16,0.02,0.06
62.372,0.38,-0.02,-0.03
62.388,0.56,-0.06,-0.05
62.406,0.40,-0.07,-0.03
62.891,-0.07,0.02,-0.08
62.906,-0.05,0.01,-0.03
62.920,-0.03,0.01,0.00
62.936,-0.04,-0.00,0.02
62.955,-0.07,-0.07,0.05
62.971,-0.12,-0.09,-0.06
62.985,-0.18,-0.11,-0.17
63.000,-0.26,-0.13,-0.30
63.020,-0.29,-0.02,-0.39
63.035,-0.39,-0.01,-0.45
63.050,-0.56,-0.01,-0.45
63.065,-0.69,0.05,-0.40
63.085,-0.67,0.16,-0.40
63.100,-0.51,0.19,-0.47
63.115,-0.33,0.29,-0.58
63.130,-0.16,0.57,-0.77
63.150,-0.07,0.75,-1.06
63.165,-0.00,0.76,-1.35
63.180,0.04,0.80,-1.54
63.195,0.02,0.82,-1.60
63.215,-0.04,0.84,-1.62
63.230,-0.07,0.86,-1.53
63.245,-0.17,0.78,-1.36
63.260,-0.30,0.69,-1.24
63.280,-0.37,0.55,-1.16
63.295,-0.37,0.49,-1.07
63.310,-0.33,0.44,-1.02
63.325,-0.31,0.27,-1.00
63.344,-0.28,0.10,-0.97
63.359,-0.32,-0.04,-0.96
63.374,-0.42,-0.13,-0.97
63.389,-0.58,-0.06,-0.95
63.409,-0.65,0.06,-0.80
63.424,-0.51,0.07,-0.61
63.439,-0.24,0.20,-0.53
63.454,0.05,0.22,-0.46
63.474,0.24,0.22,-0.44
63.489,0.26,0.23,-0.47
63.504,0.07,0.08,-0.49
63.519,-0.18,-0.06,-0.45
63.539,-0.37,-0.13,-0.41
63.554,-0.45,-0.21,-0.39
63.569,-0.40,-0.31,-0.36
63.584,-0.27,-0.30,-0.34
63.604,-0.16,-0.20,-0.30
63.619,-0.16,-0.14,-0.26
63.634,-0.20,-0.04,-0.19
63.649,-0.22,0.10,-0.10
63.669,-0.21,0.03,-0.04
63.684,-0.24,-0.05,-0.06
63.699,-0.27,-0.20,-0.11
63.714,-0.30,-0.20,-0.15
63.734,-0.31,-0.09,-0.16
63.749,-0.28,-0.02,-0.12
63.764,-0.26,0.06,-0.09
63.779,-0.03,0.43,-0.05
63.799,0.27,0.28,0.02
63.814,0.31,0.23,0.18
63.829,0.17,0.20,0.18
63.844,0.00,0.01,0.12
63.863,-0.18,-0.23,0.14
63.878,-0.13,-0.01,0.13
63.893,0.08,0.16,0.07
