Date;Timestamp;DeviceOrientation;AccelerationX;AccelerationY;AccelerationZ;Label
2024-10-10 01:23:28;1728512609.0801392;landscapeLeft;-0.6111907958984375;0.1593017578125;-0.8213043212890625;
2024-10-10 01:23:28;1728512609.101454;landscapeLeft;-0.609466552734375;0.1435699462890625;-0.7630462646484375;
2024-10-10 01:23:28;1728512609.107588;landscapeLeft;-0.5940399169921875;0.146453857421875;-0.7339935302734375;
2024-10-10 01:23:28;1728512609.124394;landscapeLeft;-0.634002685546875;0.1446685791015625;-0.72515869140625;
2024-10-10 01:23:28;1728512609.1278992;landscapeLeft;-0.597076416015625;0.1576080322265625;-0.77484130859375;
2024-10-10 01:23:28;1728512609.172926;landscapeLeft;-0.613433837890625;0.1376495361328125;-0.7860260009765625;
2024-10-10 01:23:28;1728512609.2233438;landscapeLeft;-0.6405487060546875;0.1361846923828125;-0.7901153564453125;
2024-10-10 01:23:28;1728512609.2727041;landscapeLeft;-0.625640869140625;0.122100830078125;-0.7660675048828125;
2024-10-10 01:23:28;1728512609.321319;landscapeLeft;-0.619903564453125;0.1297607421875;-0.7751922607421875;
2024-10-10 01:23:28;1728512609.372487;landscapeLeft;-0.6082305908203125;0.1380462646484375;-0.78143310546875;
2024-10-10 01:23:28;1728512609.4206429;landscapeLeft;-0.6005096435546875;0.1363067626953125;-0.776092529296875;
2024-10-10 01:23:28;1728512609.471174;landscapeLeft;-0.621826171875;0.14605712890625;-0.7983551025390625;
2024-10-10 01:23:28;1728512609.52268;landscapeLeft;-0.6069183349609375;0.142608642578125;-0.7819366455078125;
2024-10-10 01:23:28;1728512609.571768;landscapeLeft;-0.6020965576171875;0.142913818359375;-0.7629241943359375;
2024-10-10 01:23:28;1728512609.6209211;landscapeLeft;-0.6067047119140625;0.1484375;-0.7839813232421875;
2024-10-10 01:23:28;1728512609.669578;landscapeLeft;-0.6255035400390625;0.1362152099609375;-0.7643585205078125;
2024-10-10 01:23:28;1728512609.719832;landscapeLeft;-0.60919189453125;0.14385986328125;-0.797088623046875;
2024-10-10 01:23:28;1728512609.768808;landscapeLeft;-0.609130859375;0.1496429443359375;-0.78076171875;
2024-10-10 01:23:28;1728512609.818743;landscapeLeft;-0.5973358154296875;0.151123046875;-0.7946319580078125;
2024-10-10 01:23:28;1728512609.870153;landscapeLeft;-0.6076507568359375;0.153228759765625;-0.7774810791015625;
2024-10-10 01:23:28;1728512609.920079;landscapeLeft;-0.5992889404296875;0.147186279296875;-0.7813873291015625;
2024-10-10 01:23:28;1728512609.9701061;landscapeLeft;-0.6075897216796875;0.147308349609375;-0.7732696533203125;
2024-10-10 01:23:28;1728512610.019223;landscapeLeft;-0.616241455078125;0.1596221923828125;-0.7611541748046875;
2024-10-10 01:23:28;1728512610.0698671;landscapeLeft;-0.605377197265625;0.152587890625;-0.7909698486328125;
2024-10-10 01:23:28;1728512610.119231;landscapeLeft;-0.6131134033203125;0.1649017333984375;-0.7879486083984375;
2024-10-10 01:23:28;1728512610.1658878;landscapeLeft;-0.5974273681640625;0.1733551025390625;-0.7685394287109375;
2024-10-10 01:23:28;1728512610.216203;landscapeLeft;-0.6016845703125;0.172760009765625;-0.78485107421875;
2024-10-10 01:23:28;1728512610.26635;landscapeLeft;-0.600311279296875;0.1735992431640625;-0.7662506103515625;
2024-10-10 01:23:28;1728512610.31677;landscapeLeft;-0.600494384765625;0.174957275390625;-0.7679443359375;
2024-10-10 01:23:28;1728512610.363308;landscapeLeft;-0.5983734130859375;0.1731414794921875;-0.7880706787109375;
2024-10-10 01:23:28;1728512610.415196;landscapeLeft;-0.616607666015625;0.166839599609375;-0.7875213623046875;
2024-10-10 01:23:28;1728512610.464785;landscapeLeft;-0.6085968017578125;0.169403076171875;-0.7793731689453125;
2024-10-10 01:23:28;1728512610.515544;landscapeLeft;-0.5962066650390625;0.175811767578125;-0.7708282470703125;
2024-10-10 01:23:28;1728512610.566011;landscapeLeft;-0.58612060546875;0.169647216796875;-0.7599639892578125;
2024-10-10 01:23:28;1728512610.6153731;landscapeLeft;-0.5942840576171875;0.1595458984375;-0.781982421875;
2024-10-10 01:23:28;1728512610.663509;landscapeLeft;-0.613739013671875;0.16485595703125;-0.7667388916015625;
2024-10-10 01:23:28;1728512610.7125769;landscapeLeft;-0.6087188720703125;0.1664886474609375;-0.7952423095703125;
2024-10-10 01:23:28;1728512610.762547;landscapeLeft;-0.607818603515625;0.1668243408203125;-0.791961669921875;
2024-10-10 01:23:28;1728512610.806532;landscapeLeft;-0.609039306640625;0.173248291015625;-0.7799072265625;
2024-10-10 01:23:28;1728512610.862633;landscapeLeft;-0.59814453125;0.1710968017578125;-0.772003173828125;
2024-10-10 01:23:28;1728512610.911601;landscapeLeft;-0.605072021484375;0.177703857421875;-0.7681427001953125;
2024-10-10 01:23:28;1728512610.960289;landscapeLeft;-0.608306884765625;0.1798858642578125;-0.7627410888671875;
2024-10-10 01:23:28;1728512611.0115209;landscapeLeft;-0.6006927490234375;0.1816558837890625;-0.7684478759765625;
2024-10-10 01:23:28;1728512611.058978;landscapeLeft;-0.5992584228515625;0.1774749755859375;-0.7766571044921875;
2024-10-10 01:23:28;1728512611.1044002;landscapeLeft;-0.607940673828125;0.1744537353515625;-0.77545166015625;
2024-10-10 01:23:28;1728512611.159244;landscapeLeft;-0.6073455810546875;0.1679534912109375;-0.7654266357421875;
2024-10-10 01:23:28;1728512611.210311;landscapeLeft;-0.6212921142578125;0.1702117919921875;-0.771942138671875;
2024-10-10 01:23:28;1728512611.259347;landscapeLeft;-0.5970458984375;0.1643218994140625;-0.764801025390625;
2024-10-10 01:23:28;1728512611.3106918;landscapeLeft;-0.6190643310546875;0.1748046875;-0.776763916015625;
2024-10-10 01:23:28;1728512611.359101;landscapeLeft;-0.605010986328125;0.17132568359375;-0.7987518310546875;
2024-10-10 01:23:28;1728512611.40924;landscapeLeft;-0.60711669921875;0.1739044189453125;-0.79278564453125;
2024-10-10 01:23:28;1728512611.458101;landscapeLeft;-0.599090576171875;0.1771697998046875;-0.7777862548828125;
2024-10-10 01:23:28;1728512611.506537;landscapeLeft;-0.60784912109375;0.1821441650390625;-0.7810821533203125;
2024-10-10 01:23:28;1728512611.557775;landscapeLeft;-0.599151611328125;0.186676025390625;-0.7713470458984375;
2024-10-10 01:23:28;1728512611.607026;landscapeLeft;-0.5919952392578125;0.182861328125;-0.7814483642578125;
2024-10-10 01:23:28;1728512611.6777558;landscapeLeft;-0.6021881103515625;0.17681884765625;-0.7701416015625;
2024-10-10 01:23:28;1728512611.7267551;landscapeLeft;-0.6181488037109375;0.1710052490234375;-0.7624664306640625;
2024-10-10 01:23:28;1728512611.7733002;landscapeLeft;-0.6208953857421875;0.18035888671875;-0.77679443359375;
2024-10-10 01:23:28;1728512611.825169;landscapeLeft;-0.6216583251953125;0.1768798828125;-0.79547119140625;
2024-10-10 01:23:28;1728512611.875252;landscapeLeft;-0.6137542724609375;0.187896728515625;-0.786590576171875;
2024-10-10 01:23:28;1728512611.925082;landscapeLeft;-0.590118408203125;0.1948394775390625;-0.750396728515625;
2024-10-10 01:23:28;1728512611.9757109;landscapeLeft;-0.605133056640625;0.2021942138671875;-0.7368316650390625;
2024-10-10 01:23:28;1728512612.017854;landscapeLeft;-0.59429931640625;0.1968841552734375;-0.7596435546875;
2024-10-10 01:23:28;1728512612.072847;landscapeLeft;-0.6057281494140625;0.193603515625;-0.77459716796875;
2024-10-10 01:23:28;1728512612.121728;landscapeLeft;-0.6143951416015625;0.1938934326171875;-0.76531982421875;
2024-10-10 01:23:28;1728512612.1721702;landscapeLeft;-0.6064605712890625;0.1857757568359375;-0.7537384033203125;
2024-10-10 01:23:28;1728512612.221807;landscapeLeft;-0.606842041015625;0.194732666015625;-0.77105712890625;
2024-10-10 01:23:28;1728512612.2728539;landscapeLeft;-0.5929718017578125;0.1928558349609375;-0.7700653076171875;
2024-10-10 01:23:28;1728512612.321271;landscapeLeft;-0.60028076171875;0.191925048828125;-0.7868194580078125;
2024-10-10 01:23:28;1728512612.371356;landscapeLeft;-0.6005096435546875;0.1900482177734375;-0.7711944580078125;
2024-10-10 01:23:28;1728512612.419166;landscapeLeft;-0.598785400390625;0.1961517333984375;-0.772705078125;
2024-10-10 01:23:28;1728512612.471374;landscapeLeft;-0.595428466796875;0.19415283203125;-0.7801055908203125;
2024-10-10 01:23:28;1728512612.517229;landscapeLeft;-0.602264404296875;0.1911773681640625;-0.7655792236328125;
2024-10-10 01:23:28;1728512612.5709481;landscapeLeft;-0.6195526123046875;0.1928558349609375;-0.773834228515625;
2024-10-10 01:23:28;1728512612.620404;landscapeLeft;-0.610382080078125;0.191925048828125;-0.76324462890625;
2024-10-10 01:23:28;1728512612.6695209;landscapeLeft;-0.6089630126953125;0.19781494140625;-0.7724761962890625;
2024-10-10 01:23:28;1728512612.719079;landscapeLeft;-0.5890960693359375;0.1918182373046875;-0.8002777099609375;
2024-10-10 01:23:28;1728512612.768928;landscapeLeft;-0.588043212890625;0.192352294921875;-0.804351806640625;
2024-10-10 01:23:28;1728512612.8182158;landscapeLeft;-0.59112548828125;0.1947021484375;-0.76422119140625;
2024-10-10 01:23:28;1728512612.868604;landscapeLeft;-0.591552734375;0.1960296630859375;-0.75323486328125;
2024-10-10 01:23:28;1728512612.9174309;landscapeLeft;-0.5966033935546875;0.20343017578125;-0.7697296142578125;
2024-10-10 01:23:28;1728512612.967489;landscapeLeft;-0.589080810546875;0.1999359130859375;-0.7819061279296875;
2024-10-10 01:23:28;1728512613.0182981;landscapeLeft;-0.5972137451171875;0.194793701171875;-0.77978515625;
2024-10-10 01:23:28;1728512613.060065;landscapeLeft;-0.59893798828125;0.1896209716796875;-0.7731475830078125;
2024-10-10 01:23:28;1728512613.1149049;landscapeLeft;-0.589019775390625;0.1944122314453125;-0.78759765625;
2024-10-10 01:23:28;1728512613.165924;landscapeLeft;-0.5767974853515625;0.1972198486328125;-0.7988433837890625;
2024-10-10 01:23:28;1728512613.2151551;landscapeLeft;-0.593414306640625;0.20159912109375;-0.7845306396484375;
2024-10-10 01:23:28;1728512613.265122;landscapeLeft;-0.5921783447265625;0.2032012939453125;-0.7588958740234375;
2024-10-10 01:23:28;1728512613.3115969;landscapeLeft;-0.572113037109375;0.20452880859375;-0.7716522216796875;
2024-10-10 01:23:28;1728512613.365079;landscapeLeft;-0.58416748046875;0.2205352783203125;-0.7909088134765625;
2024-10-10 01:23:28;1728512613.413624;landscapeLeft;-0.5832977294921875;0.2010040283203125;-0.782867431640625;
2024-10-10 01:23:28;1728512613.461297;landscapeLeft;-0.5949554443359375;0.1946868896484375;-0.774993896484375;
2024-10-10 01:23:28;1728512613.5108662;landscapeLeft;-0.5937347412109375;0.2049102783203125;-0.7921142578125;
2024-10-10 01:23:28;1728512613.5612822;landscapeLeft;-0.5753173828125;0.2049102783203125;-0.79437255859375;
2024-10-10 01:23:28;1728512613.612455;landscapeLeft;-0.572174072265625;0.2073822021484375;-0.7983551025390625;
2024-10-10 01:23:28;1728512613.661515;landscapeLeft;-0.5772705078125;0.200347900390625;-0.7871856689453125;
2024-10-10 01:23:28;1728512613.709661;landscapeLeft;-0.5950927734375;0.196685791015625;-0.7740020751953125;
2024-10-10 01:23:28;1728512613.760678;landscapeLeft;-0.601531982421875;0.197479248046875;-0.76690673828125;
2024-10-10 01:23:28;1728512613.810178;landscapeLeft;-0.594085693359375;0.204498291015625;-0.778228759765625;
2024-10-10 01:23:28;1728512613.8592448;landscapeLeft;-0.591278076171875;0.2130889892578125;-0.78619384765625;
2024-10-10 01:23:28;1728512613.908927;landscapeLeft;-0.591400146484375;0.20550537109375;-0.781585693359375;
2024-10-10 01:23:28;1728512613.9598222;landscapeLeft;-0.5962371826171875;0.1991119384765625;-0.7868194580078125;
2024-10-10 01:23:28;1728512614.0100589;landscapeLeft;-0.587738037109375;0.1931915283203125;-0.7784576416015625;
2024-10-10 01:23:28;1728512614.059678;landscapeLeft;-0.589691162109375;0.20355224609375;-0.7612152099609375;
2024-10-10 01:23:28;1728512614.1114411;landscapeLeft;-0.59027099609375;0.1998138427734375;-0.78314208984375;
2024-10-10 01:23:28;1728512614.160128;landscapeLeft;-0.5885162353515625;0.2075042724609375;-0.805908203125;
2024-10-10 01:23:28;1728512614.207999;landscapeLeft;-0.5693511962890625;0.205596923828125;-0.792144775390625;
2024-10-10 01:23:28;1728512614.2600331;landscapeLeft;-0.58001708984375;0.20770263671875;-0.7790985107421875;
2024-10-10 01:23:28;1728512614.307846;landscapeLeft;-0.593597412109375;0.20330810546875;-0.7542266845703125;
2024-10-10 01:23:28;1728512614.357708;landscapeLeft;-0.600067138671875;0.197540283203125;-0.7667236328125;
2024-10-10 01:23:28;1728512614.407782;landscapeLeft;-0.5930328369140625;0.2051544189453125;-0.7937774658203125;
2024-10-10 01:23:28;1728512614.457385;landscapeLeft;-0.5819244384765625;0.201629638671875;-0.8037109375;
2024-10-10 01:23:28;1728512614.50805;landscapeLeft;-0.593292236328125;0.2037353515625;-0.766326904296875;
2024-10-10 01:23:28;1728512614.5571198;landscapeLeft;-0.5883941650390625;0.2060546875;-0.7643890380859375;
2024-10-10 01:23:28;1728512614.6067219;landscapeLeft;-0.5958709716796875;0.20928955078125;-0.763031005859375;
2024-10-10 01:23:28;1728512614.6554961;landscapeLeft;-0.5910797119140625;0.208404541015625;-0.7817535400390625;
2024-10-10 01:23:28;1728512614.70895;landscapeLeft;-0.5982208251953125;0.2066497802734375;-0.789093017578125;
2024-10-10 01:23:28;1728512614.752785;landscapeLeft;-0.595428466796875;0.2074432373046875;-0.7776947021484375;
2024-10-10 01:23:28;1728512614.797289;landscapeLeft;-0.596282958984375;0.2028350830078125;-0.77154541015625;
2024-10-10 01:23:28;1728512614.856684;landscapeLeft;-0.603668212890625;0.20843505859375;-0.7611541748046875;
2024-10-10 01:23:28;1728512614.9000092;landscapeLeft;-0.590362548828125;0.21044921875;-0.7693328857421875;
2024-10-10 01:23:28;1728512614.956324;landscapeLeft;-0.5874481201171875;0.2230377197265625;-0.7744903564453125;
2024-10-10 01:23:28;1728512615.0039759;landscapeLeft;-0.589752197265625;0.2218017578125;-0.764007568359375;
2024-10-10 01:23:28;1728512615.053349;landscapeLeft;-0.59747314453125;0.21771240234375;-0.762237548828125;
2024-10-10 01:23:28;1728512615.105381;landscapeLeft;-0.5932464599609375;0.2168121337890625;-0.7689971923828125;
2024-10-10 01:23:28;1728512615.1530561;landscapeLeft;-0.588714599609375;0.2152862548828125;-0.768829345703125;
2024-10-10 01:23:28;1728512615.2013412;landscapeLeft;-0.59344482421875;0.2150726318359375;-0.78485107421875;
2024-10-10 01:23:28;1728512615.2505631;landscapeLeft;-0.5949249267578125;0.211639404296875;-0.7768402099609375;
2024-10-10 01:23:28;1728512615.301591;landscapeLeft;-0.599700927734375;0.212554931640625;-0.7751617431640625;
2024-10-10 01:23:28;1728512615.3445191;landscapeLeft;-0.5923919677734375;0.2097930908203125;-0.7777862548828125;
2024-10-10 01:23:28;1728512615.401283;landscapeLeft;-0.5998382568359375;0.220489501953125;-0.7788543701171875;
2024-10-10 01:23:28;1728512615.450799;landscapeLeft;-0.58746337890625;0.214385986328125;-0.7773895263671875;
2024-10-10 01:23:28;1728512615.500603;landscapeLeft;-0.609771728515625;0.214599609375;-0.7803802490234375;
2024-10-10 01:23:28;1728512615.5502548;landscapeLeft;-0.597259521484375;0.216644287109375;-0.755645751953125;
2024-10-10 01:23:28;1728512615.598619;landscapeLeft;-0.58837890625;0.2254638671875;-0.7682647705078125;
2024-10-10 01:23:28;1728512615.649795;landscapeLeft;-0.5885009765625;0.225311279296875;-0.765777587890625;
2024-10-10 01:23:28;1728512615.699616;landscapeLeft;-0.591827392578125;0.2227020263671875;-0.77447509765625;
2024-10-10 01:23:28;1728512615.75078;landscapeLeft;-0.596038818359375;0.2213592529296875;-0.7836761474609375;
2024-10-10 01:23:28;1728512615.799993;landscapeLeft;-0.5976104736328125;0.218536376953125;-0.7652740478515625;
2024-10-10 01:23:28;1728512615.846548;landscapeLeft;-0.598968505859375;0.2183380126953125;-0.7665863037109375;
2024-10-10 01:23:28;1728512615.898078;landscapeLeft;-0.59112548828125;0.2169647216796875;-0.7614593505859375;
2024-10-10 01:23:28;1728512615.94832;landscapeLeft;-0.5913543701171875;0.2136383056640625;-0.7783966064453125;
2024-10-10 01:23:28;1728512615.9952679;landscapeLeft;-0.596099853515625;0.21575927734375;-0.7719573974609375;
2024-10-10 01:23:28;1728512616.044962;landscapeLeft;-0.597503662109375;0.2142181396484375;-0.7852935791015625;
2024-10-10 01:23:28;1728512616.096727;landscapeLeft;-0.5966339111328125;0.225921630859375;-0.77734375;
2024-10-10 01:23:28;1728512616.1456208;landscapeLeft;-0.58819580078125;0.216094970703125;-0.77105712890625;
2024-10-10 01:23:28;1728512616.1954741;landscapeLeft;-0.5982818603515625;0.2162017822265625;-0.7721710205078125;
2024-10-10 01:23:28;1728512616.246666;landscapeLeft;-0.5977325439453125;0.21820068359375;-0.7537384033203125;
2024-10-10 01:23:28;1728512616.292289;landscapeLeft;-0.5970458984375;0.22039794921875;-0.7633209228515625;
2024-10-10 01:23:28;1728512616.340455;landscapeLeft;-0.5858306884765625;0.2244720458984375;-0.76812744140625;
2024-10-10 01:23:28;1728512616.393544;landscapeLeft;-0.588348388671875;0.225067138671875;-0.7754058837890625;
2024-10-10 01:23:28;1728512616.440495;landscapeLeft;-0.5962371826171875;0.2227020263671875;-0.779693603515625;
2024-10-10 01:23:28;1728512616.490761;landscapeLeft;-0.5898590087890625;0.2184295654296875;-0.768707275390625;
2024-10-10 01:23:28;1728512616.543069;landscapeLeft;-0.5937347412109375;0.2163543701171875;-0.7726287841796875;
2024-10-10 01:23:28;1728512616.5912418;landscapeLeft;-0.5986785888671875;0.214996337890625;-0.7677001953125;
2024-10-10 01:23:28;1728512616.6427011;landscapeLeft;-0.595306396484375;0.2141265869140625;-0.7634124755859375;
2024-10-10 01:23:28;1728512616.691247;landscapeLeft;-0.5929718017578125;0.2205352783203125;-0.765533447265625;
2024-10-10 01:23:28;1728512616.737392;landscapeLeft;-0.5937957763671875;0.2308807373046875;-0.7696685791015625;
2024-10-10 01:23:28;1728512616.792098;landscapeLeft;-0.582427978515625;0.2278900146484375;-0.778228759765625;
2024-10-10 01:23:28;1728512616.8425322;landscapeLeft;-0.5912322998046875;0.2169342041015625;-0.7900238037109375;
2024-10-10 01:23:28;1728512616.8902822;landscapeLeft;-0.5885772705078125;0.2142181396484375;-0.7696075439453125;
2024-10-10 01:23:28;1728512616.938299;landscapeLeft;-0.5951385498046875;0.211700439453125;-0.7696685791015625;
2024-10-10 01:23:28;1728512616.991387;landscapeLeft;-0.592498779296875;0.2301177978515625;-0.76287841796875;
2024-10-10 01:23:28;1728512617.039475;landscapeLeft;-0.579803466796875;0.2387237548828125;-0.777740478515625;
2024-10-10 01:23:28;1728512617.089922;landscapeLeft;-0.5901947021484375;0.23046875;-0.769866943359375;
2024-10-10 01:23:28;1728512617.139466;landscapeLeft;-0.6009368896484375;0.228057861328125;-0.7420654296875;
2024-10-10 01:23:28;1728512617.189637;landscapeLeft;-0.597625732421875;0.2313690185546875;-0.759979248046875;
2024-10-10 01:23:28;1728512617.2392468;landscapeLeft;-0.61279296875;0.2292327880859375;-0.777191162109375;
2024-10-10 01:23:28;1728512617.2880101;landscapeLeft;-0.6162261962890625;0.228790283203125;-0.772308349609375;
2024-10-10 01:23:28;1728512617.3363972;landscapeLeft;-0.5791015625;0.25115966796875;-0.769439697265625;
2024-10-10 01:23:28;1728512617.38617;landscapeLeft;-0.5674896240234375;0.2508697509765625;-0.76580810546875;
2024-10-10 01:23:28;1728512617.4330258;landscapeLeft;-0.599334716796875;0.249053955078125;-0.771331787109375;
2024-10-10 01:23:28;1728512617.486388;landscapeLeft;-0.5964508056640625;0.236419677734375;-0.779052734375;
2024-10-10 01:23:28;1728512617.5273461;landscapeLeft;-0.5886688232421875;0.2480010986328125;-0.7657318115234375;
2024-10-10 01:23:28;1728512617.585216;landscapeLeft;-0.587310791015625;0.2512359619140625;-0.7636871337890625;
2024-10-10 01:23:28;1728512617.632541;landscapeLeft;-0.59918212890625;0.2400054931640625;-0.772247314453125;
2024-10-10 01:23:28;1728512617.685817;landscapeLeft;-0.589996337890625;0.2411041259765625;-0.7705535888671875;
2024-10-10 01:23:28;1728512617.7359052;landscapeLeft;-0.5575714111328125;0.2492523193359375;-0.7772674560546875;
2024-10-10 01:23:28;1728512617.7834182;landscapeLeft;-0.59820556640625;0.236083984375;-0.771514892578125;
2024-10-10 01:23:28;1728512617.8363972;landscapeLeft;-0.6211700439453125;0.233001708984375;-0.7598876953125;
2024-10-10 01:23:28;1728512617.882623;landscapeLeft;-0.6205596923828125;0.244537353515625;-0.789337158203125;
2024-10-10 01:23:28;1728512617.9308882;landscapeLeft;-0.5836639404296875;0.25335693359375;-0.764739990234375;
2024-10-10 01:23:28;1728512617.983223;landscapeLeft;-0.5723724365234375;0.2569580078125;-0.7225189208984375;
2024-10-10 01:23:28;1728512618.032868;landscapeLeft;-0.5744171142578125;0.254852294921875;-0.726348876953125;
2024-10-10 01:23:28;1728512618.078829;landscapeLeft;-0.606597900390625;0.2505645751953125;-0.76336669921875;
2024-10-10 01:23:28;1728512618.131057;landscapeLeft;-0.60546875;0.2394256591796875;-0.783935546875;
2024-10-10 01:23:28;1728512618.179679;landscapeLeft;-0.6091156005859375;0.2393646240234375;-0.78759765625;
2024-10-10 01:23:28;1728512618.231155;landscapeLeft;-0.6112060546875;0.250518798828125;-0.74871826171875;
2024-10-10 01:23:28;1728512618.2779741;landscapeLeft;-0.593048095703125;0.2576751708984375;-0.7335052490234375;
2024-10-10 01:23:28;1728512618.3286319;landscapeLeft;-0.5788726806640625;0.261932373046875;-0.7411041259765625;
2024-10-10 01:23:28;1728512618.37712;landscapeLeft;-0.60052490234375;0.2492218017578125;-0.7546234130859375;
2024-10-10 01:23:28;1728512618.427452;landscapeLeft;-0.6148834228515625;0.2339935302734375;-0.759368896484375;
2024-10-10 01:23:28;1728512618.477563;landscapeLeft;-0.618804931640625;0.23272705078125;-0.761016845703125;
2024-10-10 01:23:28;1728512618.526188;landscapeLeft;-0.605194091796875;0.240936279296875;-0.7646484375;
2024-10-10 01:23:28;1728512618.576431;landscapeLeft;-0.5880889892578125;0.2559661865234375;-0.7673797607421875;
2024-10-10 01:23:28;1728512618.627073;landscapeLeft;-0.5898590087890625;0.2500762939453125;-0.7667236328125;
2024-10-10 01:23:28;1728512618.674861;landscapeLeft;-0.6051025390625;0.245849609375;-0.7610931396484375;
2024-10-10 01:23:28;1728512618.7249188;landscapeLeft;-0.63116455078125;0.2510223388671875;-0.7823638916015625;
2024-10-10 01:23:28;1728512618.774827;landscapeLeft;-0.6013946533203125;0.252960205078125;-0.770477294921875;
2024-10-10 01:23:28;1728512618.823391;landscapeLeft;-0.610443115234375;0.2649078369140625;-0.7228240966796875;
2024-10-10 01:23:28;1728512618.872611;landscapeLeft;-0.6007080078125;0.261749267578125;-0.690216064453125;
2024-10-10 01:23:28;1728512618.921448;landscapeLeft;-0.6044769287109375;0.2553863525390625;-0.7287445068359375;
2024-10-10 01:23:28;1728512618.971947;landscapeLeft;-0.61785888671875;0.2379608154296875;-0.78369140625;
2024-10-10 01:23:28;1728512619.021192;landscapeLeft;-0.6362457275390625;0.2187652587890625;-0.7661895751953125;
2024-10-10 01:23:28;1728512619.071209;landscapeLeft;-0.6353912353515625;0.220550537109375;-0.760528564453125;
2024-10-10 01:23:28;1728512619.119326;landscapeLeft;-0.6329498291015625;0.20458984375;-0.7722015380859375;
2024-10-10 01:23:28;1728512619.1711168;landscapeLeft;-0.597259521484375;0.2235107421875;-0.781341552734375;
2024-10-10 01:23:28;1728512619.220645;landscapeLeft;-0.5610504150390625;0.2221832275390625;-0.7808380126953125;
2024-10-10 01:23:28;1728512619.2713032;landscapeLeft;-0.531158447265625;0.21173095703125;-0.7553253173828125;
2024-10-10 01:23:28;1728512619.321052;landscapeLeft;-0.5667572021484375;0.2128753662109375;-0.77825927734375;
2024-10-10 01:23:28;1728512619.370389;landscapeLeft;-0.599945068359375;0.2096405029296875;-0.808013916015625;
2024-10-10 01:23:28;1728512619.4210339;landscapeLeft;-0.61859130859375;0.1689605712890625;-0.8043365478515625;
2024-10-10 01:23:28;1728512619.4698238;landscapeLeft;-0.5988922119140625;0.2006072998046875;-0.753326416015625;
2024-10-10 01:23:28;1728512619.518554;landscapeLeft;-0.5667877197265625;0.1949615478515625;-0.73345947265625;
2024-10-10 01:23:28;1728512619.570143;landscapeLeft;-0.582183837890625;0.18853759765625;-0.7951812744140625;
2024-10-10 01:23:28;1728512619.618781;landscapeLeft;-0.604339599609375;0.1843719482421875;-0.852020263671875;
2024-10-10 01:23:28;1728512619.667773;landscapeLeft;-0.591766357421875;0.20050048828125;-0.8096923828125;
2024-10-10 01:23:28;1728512619.718535;landscapeLeft;-0.565704345703125;0.212493896484375;-0.748565673828125;
2024-10-10 01:23:28;1728512619.7685242;landscapeLeft;-0.5599517822265625;0.1986846923828125;-0.736785888671875;
2024-10-10 01:23:28;1728512619.8160028;landscapeLeft;-0.5876312255859375;0.1919708251953125;-0.764923095703125;
2024-10-10 01:23:28;1728512619.869669;landscapeLeft;-0.5977935791015625;0.1854400634765625;-0.7724456787109375;
2024-10-10 01:23:28;1728512619.919022;landscapeLeft;-0.5874176025390625;0.17608642578125;-0.7923126220703125;
2024-10-10 01:23:28;1728512619.9677482;landscapeLeft;-0.5923919677734375;0.1843109130859375;-0.803680419921875;
2024-10-10 01:23:28;1728512620.019207;landscapeLeft;-0.5830078125;0.1922760009765625;-0.81036376953125;
2024-10-10 01:23:28;1728512620.0671248;landscapeLeft;-0.585205078125;0.1882171630859375;-0.7839202880859375;
2024-10-10 01:23:28;1728512620.116487;landscapeLeft;-0.588897705078125;0.187347412109375;-0.7753143310546875;
2024-10-10 01:23:28;1728512620.167583;landscapeLeft;-0.5881195068359375;0.1844940185546875;-0.764251708984375;
2024-10-10 01:23:28;1728512620.2135792;landscapeLeft;-0.586700439453125;0.193145751953125;-0.783599853515625;
2024-10-10 01:23:28;1728512620.2656388;landscapeLeft;-0.5941925048828125;0.1981964111328125;-0.801300048828125;
2024-10-10 01:23:28;1728512620.315576;landscapeLeft;-0.572357177734375;0.1974029541015625;-0.774169921875;
2024-10-10 01:23:28;1728512620.3563662;landscapeLeft;-0.56591796875;0.204376220703125;-0.77838134765625;
2024-10-10 01:23:28;1728512620.4135098;landscapeLeft;-0.612579345703125;0.20526123046875;-0.761199951171875;
2024-10-10 01:23:28;1728512620.465872;landscapeLeft;-0.635040283203125;0.19183349609375;-0.7587738037109375;
2024-10-10 01:23:28;1728512620.513511;landscapeLeft;-0.6118927001953125;0.1932830810546875;-0.77215576171875;
2024-10-10 01:23:28;1728512620.562642;landscapeLeft;-0.59674072265625;0.192138671875;-0.8025360107421875;
2024-10-10 01:23:28;1728512620.612166;landscapeLeft;-0.606903076171875;0.2003936767578125;-0.7959747314453125;
2024-10-10 01:23:28;1728512620.6618109;landscapeLeft;-0.585662841796875;0.1986541748046875;-0.775360107421875;
2024-10-10 01:23:28;1728512620.7121382;landscapeLeft;-0.57293701171875;0.2031097412109375;-0.7758331298828125;
2024-10-10 01:23:28;1728512620.7622728;landscapeLeft;-0.5755157470703125;0.1967926025390625;-0.7656707763671875;
2024-10-10 01:23:28;1728512620.8030128;landscapeLeft;-0.579620361328125;0.2015380859375;-0.793609619140625;
2024-10-10 01:23:28;1728512620.862987;landscapeLeft;-0.5730133056640625;0.2041168212890625;-0.782012939453125;
2024-10-10 01:23:28;1728512620.910152;landscapeLeft;-0.57867431640625;0.20343017578125;-0.7891845703125;
2024-10-10 01:23:28;1728512620.962366;landscapeLeft;-0.5997314453125;0.18988037109375;-0.7710418701171875;
2024-10-10 01:23:28;1728512621.011018;landscapeLeft;-0.6178436279296875;0.189971923828125;-0.759918212890625;
2024-10-10 01:23:28;1728512621.05966;landscapeLeft;-0.6046142578125;0.1920166015625;-0.77349853515625;
2024-10-10 01:23:28;1728512621.100884;landscapeLeft;-0.5942840576171875;0.21044921875;-0.784454345703125;
2024-10-10 01:23:28;1728512621.158876;landscapeLeft;-0.5838775634765625;0.2082366943359375;-0.780303955078125;
2024-10-10 01:23:28;1728512621.206841;landscapeLeft;-0.5909881591796875;0.2050323486328125;-0.777587890625;
2024-10-10 01:23:28;1728512621.2565289;landscapeLeft;-0.596649169921875;0.2107696533203125;-0.765960693359375;
2024-10-10 01:23:28;1728512621.307895;landscapeLeft;-0.6021575927734375;0.2048492431640625;-0.7553558349609375;
2024-10-10 01:23:28;1728512621.355408;landscapeLeft;-0.6008758544921875;0.211090087890625;-0.77203369140625;
2024-10-10 01:23:28;1728512621.399057;landscapeLeft;-0.5938873291015625;0.2114410400390625;-0.7809906005859375;
2024-10-10 01:23:28;1728512621.456956;landscapeLeft;-0.59454345703125;0.208465576171875;-0.78082275390625;
2024-10-10 01:23:28;1728512621.5063229;landscapeLeft;-0.5860137939453125;0.21087646484375;-0.7787322998046875;
2024-10-10 01:23:28;1728512621.555748;landscapeLeft;-0.572479248046875;0.211700439453125;-0.7751007080078125;
2024-10-10 01:23:28;1728512621.606595;landscapeLeft;-0.5831146240234375;0.2083282470703125;-0.78118896484375;
2024-10-10 01:23:28;1728512621.6467872;landscapeLeft;-0.6042938232421875;0.2047119140625;-0.7721405029296875;
2024-10-10 01:23:28;1728512621.70352;landscapeLeft;-0.59228515625;0.209869384765625;-0.779754638671875;
2024-10-10 01:23:28;1728512621.752785;landscapeLeft;-0.574310302734375;0.211029052734375;-0.8013763427734375;
2024-10-10 01:23:28;1728512621.805304;landscapeLeft;-0.5749359130859375;0.2037353515625;-0.79656982421875;
2024-10-10 01:23:28;1728512621.8521;landscapeLeft;-0.59637451171875;0.2020263671875;-0.7767791748046875;
2024-10-10 01:23:28;1728512621.902415;landscapeLeft;-0.5745391845703125;0.2065582275390625;-0.78411865234375;
2024-10-10 01:23:28;1728512621.9527822;landscapeLeft;-0.571868896484375;0.210235595703125;-0.7923583984375;
2024-10-10 01:23:28;1728512622.003951;landscapeLeft;-0.58367919921875;0.2033843994140625;-0.785980224609375;
2024-10-10 01:23:28;1728512622.051625;landscapeLeft;-0.586334228515625;0.200408935546875;-0.7860565185546875;
2024-10-10 01:23:28;1728512622.099362;landscapeLeft;-0.56744384765625;0.2232513427734375;-0.7797393798828125;
2024-10-10 01:23:28;1728512622.150735;landscapeLeft;-0.5660552978515625;0.21868896484375;-0.7930755615234375;
2024-10-10 01:23:28;1728512622.200774;landscapeLeft;-0.5850677490234375;0.2064361572265625;-0.7911834716796875;
2024-10-10 01:23:28;1728512622.252707;landscapeLeft;-0.600830078125;0.2085723876953125;-0.781158447265625;
2024-10-10 01:23:28;1728512622.299666;landscapeLeft;-0.5896759033203125;0.209808349609375;-0.767303466796875;
2024-10-10 01:23:28;1728512622.349227;landscapeLeft;-0.5871734619140625;0.2144775390625;-0.7734527587890625;
2024-10-10 01:23:28;1728512622.397814;landscapeLeft;-0.5771484375;0.21759033203125;-0.7720794677734375;
2024-10-10 01:23:28;1728512622.447542;landscapeLeft;-0.579010009765625;0.2181549072265625;-0.7786102294921875;
2024-10-10 01:23:28;1728512622.497298;landscapeLeft;-0.579986572265625;0.2308349609375;-0.77587890625;
2024-10-10 01:23:28;1728512622.548439;landscapeLeft;-0.574005126953125;0.231414794921875;-0.7794952392578125;
2024-10-10 01:23:28;1728512622.598661;landscapeLeft;-0.608489990234375;0.2333221435546875;-0.7815704345703125;
2024-10-10 01:23:28;1728512622.647571;landscapeLeft;-0.6048736572265625;0.21630859375;-0.753326416015625;
2024-10-10 01:23:28;1728512622.689237;landscapeLeft;-0.5872344970703125;0.2254638671875;-0.7515716552734375;
2024-10-10 01:23:28;1728512622.746856;landscapeLeft;-0.5725860595703125;0.2543487548828125;-0.7850189208984375;
2024-10-10 01:23:28;1728512622.797024;landscapeLeft;-0.5445556640625;0.2832794189453125;-0.8192901611328125;
2024-10-10 01:23:28;1728512622.847022;landscapeLeft;-0.5192718505859375;0.2930450439453125;-0.825103759765625;
2024-10-10 01:23:28;1728512622.895382;landscapeLeft;-0.530517578125;0.2790374755859375;-0.8115692138671875;
2024-10-10 01:23:28;1728512622.94693;landscapeLeft;-0.5384521484375;0.268798828125;-0.7877197265625;
2024-10-10 01:23:28;1728512622.99599;landscapeLeft;-0.54302978515625;0.277984619140625;-0.775787353515625;
2024-10-10 01:23:28;1728512623.0366158;landscapeLeft;-0.5407562255859375;0.26934814453125;-0.8007659912109375;
2024-10-10 01:23:28;1728512623.08653;landscapeLeft;-0.5670318603515625;0.264892578125;-0.8000640869140625;
2024-10-10 01:23:28;1728512623.145597;landscapeLeft;-0.597625732421875;0.247833251953125;-0.74786376953125;
2024-10-10 01:23:28;1728512623.1963038;landscapeLeft;-0.5199737548828125;0.270782470703125;-0.7800750732421875;
2024-10-10 01:23:28;1728512623.2457042;landscapeLeft;-0.5315093994140625;0.2884063720703125;-0.791595458984375;
2024-10-10 01:23:28;1728512623.291475;landscapeLeft;-0.552215576171875;0.269073486328125;-0.7761077880859375;
2024-10-10 01:23:28;1728512623.342565;landscapeLeft;-0.5732879638671875;0.27142333984375;-0.7835693359375;
2024-10-10 01:23:28;1728512623.390411;landscapeLeft;-0.5405426025390625;0.267608642578125;-0.788177490234375;
2024-10-10 01:23:28;1728512623.443903;landscapeLeft;-0.547698974609375;0.2630462646484375;-0.7978668212890625;
2024-10-10 01:23:28;1728512623.490746;landscapeLeft;-0.5522003173828125;0.26104736328125;-0.78515625;
2024-10-10 01:23:28;1728512623.542443;landscapeLeft;-0.5563201904296875;0.2471160888671875;-0.785980224609375;
2024-10-10 01:23:28;1728512623.5918221;landscapeLeft;-0.5592803955078125;0.25732421875;-0.8072357177734375;
2024-10-10 01:23:28;1728512623.641042;landscapeLeft;-0.5342254638671875;0.253509521484375;-0.7741851806640625;
2024-10-10 01:23:28;1728512623.690743;landscapeLeft;-0.537353515625;0.256866455078125;-0.783599853515625;
2024-10-10 01:23:28;1728512623.740658;landscapeLeft;-0.5449371337890625;0.26312255859375;-0.814300537109375;
2024-10-10 01:23:28;1728512623.790069;landscapeLeft;-0.5288238525390625;0.25531005859375;-0.8173828125;
2024-10-10 01:23:28;1728512623.840403;landscapeLeft;-0.5388031005859375;0.2555084228515625;-0.819671630859375;
2024-10-10 01:23:28;1728512623.8903751;landscapeLeft;-0.5458984375;0.24676513671875;-0.8011016845703125;
2024-10-10 01:23:28;1728512623.940292;landscapeLeft;-0.558807373046875;0.244476318359375;-0.7633819580078125;
2024-10-10 01:23:28;1728512623.9893808;landscapeLeft;-0.54888916015625;0.2421875;-0.7948150634765625;
2024-10-10 01:23:28;1728512624.037643;landscapeLeft;-0.556610107421875;0.2634735107421875;-0.832763671875;
2024-10-10 01:23:28;1728512624.085166;landscapeLeft;-0.5233917236328125;0.2545166015625;-0.8017578125;
2024-10-10 01:23:28;1728512624.128511;landscapeLeft;-0.5363311767578125;0.266693115234375;-0.8085174560546875;
2024-10-10 01:23:28;1728512624.188438;landscapeLeft;-0.54547119140625;0.2635650634765625;-0.788909912109375;
2024-10-10 01:23:28;1728512624.237467;landscapeLeft;-0.5357818603515625;0.2541961669921875;-0.7908172607421875;
2024-10-10 01:23:28;1728512624.281464;landscapeLeft;-0.543365478515625;0.2632598876953125;-0.8103790283203125;
2024-10-10 01:23:28;1728512624.335977;landscapeLeft;-0.5509796142578125;0.260711669921875;-0.781646728515625;
2024-10-10 01:23:28;1728512624.382798;landscapeLeft;-0.5359649658203125;0.2585906982421875;-0.7835235595703125;
2024-10-10 01:23:28;1728512624.435618;landscapeLeft;-0.534271240234375;0.262939453125;-0.8013153076171875;
2024-10-10 01:23:28;1728512624.482607;landscapeLeft;-0.5325927734375;0.264862060546875;-0.8049163818359375;
2024-10-10 01:23:28;1728512624.533128;landscapeLeft;-0.52545166015625;0.2718963623046875;-0.8219757080078125;
2024-10-10 01:23:28;1728512624.585688;landscapeLeft;-0.541229248046875;0.2744140625;-0.8226165771484375;
2024-10-10 01:23:28;1728512624.631571;landscapeLeft;-0.5297698974609375;0.2667236328125;-0.787933349609375;
2024-10-10 01:23:28;1728512624.682446;landscapeLeft;-0.5377197265625;0.262481689453125;-0.7996063232421875;
2024-10-10 01:23:28;1728512624.731402;landscapeLeft;-0.562347412109375;0.251007080078125;-0.7849273681640625;
2024-10-10 01:23:28;1728512624.783432;landscapeLeft;-0.5467376708984375;0.2483062744140625;-0.792388916015625;
2024-10-10 01:23:28;1728512624.833791;landscapeLeft;-0.5279083251953125;0.263885498046875;-0.7957000732421875;
2024-10-10 01:23:28;1728512624.882286;landscapeLeft;-0.5203704833984375;0.2747650146484375;-0.7830963134765625;
2024-10-10 01:23:28;1728512624.931768;landscapeLeft;-0.53399658203125;0.2794952392578125;-0.8187408447265625;
2024-10-10 01:23:28;1728512624.972404;landscapeLeft;-0.545440673828125;0.2709808349609375;-0.801513671875;
2024-10-10 01:23:28;1728512625.030673;landscapeLeft;-0.562713623046875;0.270721435546875;-0.800140380859375;
2024-10-10 01:23:28;1728512625.078556;landscapeLeft;-0.5445556640625;0.2786865234375;-0.76568603515625;
2024-10-10 01:23:28;1728512625.129559;landscapeLeft;-0.5401763916015625;0.2765045166015625;-0.774932861328125;
2024-10-10 01:23:28;1728512625.1796598;landscapeLeft;-0.531982421875;0.272674560546875;-0.7951507568359375;
2024-10-10 01:23:28;1728512625.2271562;landscapeLeft;-0.541778564453125;0.2665557861328125;-0.79571533203125;
2024-10-10 01:23:28;1728512625.276277;landscapeLeft;-0.5714263916015625;0.2608795166015625;-0.806060791015625;
2024-10-10 01:23:28;1728512625.3250241;landscapeLeft;-0.5442047119140625;0.2708587646484375;-0.8154754638671875;
2024-10-10 01:23:28;1728512625.376069;landscapeLeft;-0.5298309326171875;0.282806396484375;-0.8034210205078125;
2024-10-10 01:23:28;1728512625.425888;landscapeLeft;-0.5206146240234375;0.2852630615234375;-0.779144287109375;
2024-10-10 01:23:28;1728512625.4749;landscapeLeft;-0.55670166015625;0.258819580078125;-0.808258056640625;
2024-10-10 01:23:28;1728512625.524973;landscapeLeft;-0.559478759765625;0.2565155029296875;-0.7907562255859375;
2024-10-10 01:23:28;1728512625.573489;landscapeLeft;-0.5175323486328125;0.2722930908203125;-0.773956298828125;
2024-10-10 01:23:28;1728512625.624685;landscapeLeft;-0.5081634521484375;0.2772979736328125;-0.8011016845703125;
2024-10-10 01:23:28;1728512625.673233;landscapeLeft;-0.5411834716796875;0.261505126953125;-0.81378173828125;
2024-10-10 01:23:28;1728512625.722091;landscapeLeft;-0.5632476806640625;0.246368408203125;-0.8041229248046875;
2024-10-10 01:23:28;1728512625.772469;landscapeLeft;-0.5378570556640625;0.2657928466796875;-0.811920166015625;
2024-10-10 01:23:28;1728512625.821262;landscapeLeft;-0.5328369140625;0.2678375244140625;-0.79620361328125;
2024-10-10 01:23:28;1728512625.8705459;landscapeLeft;-0.5331878662109375;0.2705535888671875;-0.7972259521484375;
2024-10-10 01:23:28;1728512625.920912;landscapeLeft;-0.519195556640625;0.2641143798828125;-0.781768798828125;
2024-10-10 01:23:28;1728512625.970107;landscapeLeft;-0.51751708984375;0.26422119140625;-0.7997894287109375;
2024-10-10 01:23:28;1728512626.020958;landscapeLeft;-0.5351715087890625;0.2508392333984375;-0.81024169921875;
2024-10-10 01:23:28;1728512626.069927;landscapeLeft;-0.5272216796875;0.2533111572265625;-0.8147125244140625;
2024-10-10 01:23:28;1728512626.119375;landscapeLeft;-0.5416717529296875;0.2512054443359375;-0.841278076171875;
2024-10-10 01:23:28;1728512626.1709151;landscapeLeft;-0.5324249267578125;0.2478179931640625;-0.8007965087890625;
2024-10-10 01:23:28;1728512626.2203178;landscapeLeft;-0.52398681640625;0.2613525390625;-0.7988128662109375;
2024-10-10 01:23:28;1728512626.26806;landscapeLeft;-0.51666259765625;0.267303466796875;-0.8017120361328125;
2024-10-10 01:23:28;1728512626.3183398;landscapeLeft;-0.5199737548828125;0.267608642578125;-0.8125762939453125;
2024-10-10 01:23:28;1728512626.367529;landscapeLeft;-0.5228729248046875;0.260223388671875;-0.8111572265625;
2024-10-10 01:23:28;1728512626.41786;landscapeLeft;-0.5548248291015625;0.253570556640625;-0.800628662109375;
2024-10-10 01:23:28;1728512626.468104;landscapeLeft;-0.5562591552734375;0.2481536865234375;-0.81134033203125;
2024-10-10 01:23:28;1728512626.517168;landscapeLeft;-0.5188751220703125;0.257781982421875;-0.817352294921875;
2024-10-10 01:23:28;1728512626.570466;landscapeLeft;-0.5044403076171875;0.25469970703125;-0.7979278564453125;
2024-10-10 01:23:28;1728512626.6193519;landscapeLeft;-0.5261383056640625;0.2389068603515625;-0.800201416015625;
2024-10-10 01:23:28;1728512626.6687741;landscapeLeft;-0.5516510009765625;0.2392578125;-0.8223419189453125;
2024-10-10 01:23:28;1728512626.716267;landscapeLeft;-0.53466796875;0.253173828125;-0.8220062255859375;
2024-10-10 01:23:28;1728512626.768009;landscapeLeft;-0.51177978515625;0.2633209228515625;-0.8237457275390625;
2024-10-10 01:23:28;1728512626.8177261;landscapeLeft;-0.5066986083984375;0.253936767578125;-0.7954559326171875;
2024-10-10 01:23:28;1728512626.8685899;landscapeLeft;-0.526702880859375;0.2392425537109375;-0.80926513671875;
2024-10-10 01:23:28;1728512626.917036;landscapeLeft;-0.548583984375;0.248260498046875;-0.840423583984375;
2024-10-10 01:23:28;1728512626.9666839;landscapeLeft;-0.5225067138671875;0.2353668212890625;-0.832763671875;
2024-10-10 01:23:28;1728512627.013767;landscapeLeft;-0.49005126953125;0.2440185546875;-0.816436767578125;
2024-10-10 01:23:28;1728512627.065275;landscapeLeft;-0.4965972900390625;0.2240447998046875;-0.8045806884765625;
2024-10-10 01:23:28;1728512627.1166139;landscapeLeft;-0.512420654296875;0.2163848876953125;-0.839569091796875;
2024-10-10 01:23:28;1728512627.1634831;landscapeLeft;-0.5032958984375;0.2093658447265625;-0.8255615234375;
2024-10-10 01:23:28;1728512627.2134;landscapeLeft;-0.4984283447265625;0.2205657958984375;-0.8868560791015625;
2024-10-10 01:23:28;1728512627.2633529;landscapeLeft;-0.479705810546875;0.2092742919921875;-0.8841094970703125;
2024-10-10 01:23:28;1728512627.313638;landscapeLeft;-0.4658355712890625;0.192108154296875;-0.9500885009765625;
2024-10-10 01:23:28;1728512627.3634791;faceUp;-0.4200439453125;0.131134033203125;-0.978179931640625;
2024-10-10 01:23:28;1728512627.410788;faceUp;-0.43841552734375;0.0936737060546875;-0.8642578125;
2024-10-10 01:23:28;1728512627.4629521;faceUp;-0.4033203125;0.0751800537109375;-0.8072967529296875;
2024-10-10 01:23:28;1728512627.512789;faceUp;-0.38201904296875;0.048492431640625;-0.800048828125;
2024-10-10 01:23:28;1728512627.561696;faceUp;-0.3814697265625;0.0558013916015625;-0.910003662109375;
2024-10-10 01:23:28;1728512627.612077;faceUp;-0.3907470703125;0.056610107421875;-1.005859375;
2024-10-10 01:23:28;1728512627.660969;faceUp;-0.3636016845703125;0.040496826171875;-0.9582977294921875;
2024-10-10 01:23:28;1728512627.711067;faceUp;-0.3165740966796875;0.0135498046875;-0.8631744384765625;
2024-10-10 01:23:28;1728512627.759253;faceUp;-0.349456787109375;0.0304718017578125;-0.905609130859375;
2024-10-10 01:23:28;1728512627.808836;faceUp;-0.3683319091796875;0.0204925537109375;-0.971588134765625;
2024-10-10 01:23:28;1728512627.8574572;faceUp;-0.340850830078125;0.0356597900390625;-0.9648284912109375;
2024-10-10 01:23:28;1728512627.908162;faceUp;-0.339019775390625;0.0345458984375;-0.9376983642578125;
2024-10-10 01:23:28;1728512627.9570699;faceUp;-0.357666015625;0.0359649658203125;-0.944671630859375;
2024-10-10 01:23:28;1728512628.008816;faceUp;-0.3453369140625;0.035430908203125;-0.93829345703125;
2024-10-10 01:23:28;1728512628.057987;faceUp;-0.323577880859375;0.021697998046875;-0.9290313720703125;
2024-10-10 01:23:28;1728512628.105938;faceUp;-0.342803955078125;0.0321197509765625;-0.934326171875;
2024-10-10 01:23:28;1728512628.1566892;faceUp;-0.334320068359375;0.0250701904296875;-0.946624755859375;
2024-10-10 01:23:28;1728512628.205124;faceUp;-0.321014404296875;0.0396881103515625;-0.93267822265625;
2024-10-10 01:23:28;1728512628.252559;faceUp;-0.334320068359375;0.0404815673828125;-0.94293212890625;
2024-10-10 01:23:28;1728512628.297957;faceUp;-0.331787109375;0.046142578125;-0.9605560302734375;
2024-10-10 01:23:28;1728512628.352762;faceUp;-0.323272705078125;0.0482025146484375;-0.9519805908203125;
2024-10-10 01:23:28;1728512628.402779;faceUp;-0.32574462890625;0.0578460693359375;-0.9503021240234375;
2024-10-10 01:23:28;1728512628.446774;faceUp;-0.3261871337890625;0.0567779541015625;-0.938232421875;
2024-10-10 01:23:28;1728512628.506341;faceUp;-0.3221588134765625;0.063079833984375;-0.924652099609375;
2024-10-10 01:23:28;1728512628.5524812;faceUp;-0.32464599609375;0.0760040283203125;-0.9303436279296875;
2024-10-10 01:23:28;1728512628.603277;faceUp;-0.333221435546875;0.0952301025390625;-0.933258056640625;
2024-10-10 01:23:28;1728512628.652848;faceUp;-0.32989501953125;0.1023712158203125;-0.9225311279296875;
2024-10-10 01:23:28;1728512628.702924;faceUp;-0.3358612060546875;0.1341552734375;-0.94903564453125;
2024-10-10 01:23:28;1728512628.752454;faceUp;-0.351104736328125;0.13885498046875;-0.9506683349609375;
2024-10-10 01:23:28;1728512628.80316;faceUp;-0.3340911865234375;0.1429443359375;-0.9226531982421875;
2024-10-10 01:23:28;1728512628.8535628;faceUp;-0.3357086181640625;0.1704559326171875;-0.92242431640625;
2024-10-10 01:23:28;1728512628.893251;faceUp;-0.358184814453125;0.196746826171875;-0.9489898681640625;
2024-10-10 01:23:28;1728512628.947966;faceUp;-0.3691253662109375;0.187225341796875;-0.9178314208984375;
2024-10-10 01:23:28;1728512628.99948;faceUp;-0.3518524169921875;0.1908416748046875;-0.89764404296875;
2024-10-10 01:23:28;1728512629.0493178;faceUp;-0.3752593994140625;0.2211151123046875;-0.901580810546875;
2024-10-10 01:23:28;1728512629.098267;faceUp;-0.3888092041015625;0.219024658203125;-0.9184417724609375;
2024-10-10 01:23:28;1728512629.146924;faceUp;-0.411529541015625;0.235870361328125;-0.8682861328125;
2024-10-10 01:23:28;1728512629.1981359;faceUp;-0.432403564453125;0.2397613525390625;-0.8691253662109375;
2024-10-10 01:23:28;1728512629.240768;faceUp;-0.45538330078125;0.265472412109375;-0.8994598388671875;
2024-10-10 01:23:28;1728512629.298438;faceUp;-0.49249267578125;0.236328125;-0.839202880859375;
2024-10-10 01:23:28;1728512629.349792;faceUp;-0.491546630859375;0.219818115234375;-0.7943267822265625;
2024-10-10 01:23:28;1728512629.399009;faceUp;-0.4843597412109375;0.25244140625;-0.810455322265625;
2024-10-10 01:23:28;1728512629.446795;faceUp;-0.4932861328125;0.2321319580078125;-0.8660125732421875;
2024-10-10 01:23:28;1728512629.4890652;faceUp;-0.504608154296875;0.2301025390625;-0.8564453125;
2024-10-10 01:23:28;1728512629.5479798;faceUp;-0.5265655517578125;0.23028564453125;-0.8650054931640625;
2024-10-10 01:23:28;1728512629.597682;faceUp;-0.5154571533203125;0.2290802001953125;-0.790771484375;
2024-10-10 01:23:28;1728512629.637703;faceUp;-0.52581787109375;0.187164306640625;-0.8306884765625;
2024-10-10 01:23:28;1728512629.6930041;faceUp;-0.54541015625;0.243316650390625;-0.921356201171875;
2024-10-10 01:23:28;1728512629.737225;faceUp;-0.5116424560546875;0.2158966064453125;-0.77972412109375;
2024-10-10 01:23:28;1728512629.786865;faceUp;-0.535858154296875;0.2264404296875;-0.806854248046875;
2024-10-10 01:23:28;1728512629.842752;faceUp;-0.553955078125;0.2186279296875;-0.810302734375;
2024-10-10 01:23:28;1728512629.892725;faceUp;-0.5515289306640625;0.22821044921875;-0.804595947265625;
2024-10-10 01:23:28;1728512629.940784;faceUp;-0.546112060546875;0.233612060546875;-0.82269287109375;
2024-10-10 01:23:28;1728512629.99161;faceUp;-0.5303802490234375;0.2345123291015625;-0.800750732421875;
2024-10-10 01:23:28;1728512630.041809;faceUp;-0.5326080322265625;0.223358154296875;-0.7832489013671875;
2024-10-10 01:23:28;1728512630.0915818;faceUp;-0.5415496826171875;0.237457275390625;-0.781158447265625;
2024-10-10 01:23:28;1728512630.140866;faceUp;-0.5489349365234375;0.24871826171875;-0.832183837890625;
2024-10-10 01:23:28;1728512630.191358;faceUp;-0.5545806884765625;0.23590087890625;-0.83465576171875;
2024-10-10 01:23:28;1728512630.239891;faceUp;-0.54034423828125;0.2296600341796875;-0.80084228515625;
2024-10-10 01:23:28;1728512630.290909;faceUp;-0.5372772216796875;0.2286376953125;-0.807373046875;
2024-10-10 01:23:28;1728512630.336769;faceUp;-0.5401153564453125;0.2389678955078125;-0.807098388671875;
2024-10-10 01:23:28;1728512630.390355;faceUp;-0.5343475341796875;0.2317352294921875;-0.8191680908203125;
2024-10-10 01:23:28;1728512630.438942;faceUp;-0.5357818603515625;0.2323455810546875;-0.8049163818359375;
2024-10-10 01:23:28;1728512630.489544;faceUp;-0.532318115234375;0.22698974609375;-0.7925262451171875;
2024-10-10 01:23:28;1728512630.538337;faceUp;-0.53948974609375;0.231475830078125;-0.802520751953125;
2024-10-10 01:23:28;1728512630.588705;faceUp;-0.5342254638671875;0.2304229736328125;-0.786376953125;
2024-10-10 01:23:28;1728512630.637881;faceUp;-0.5436859130859375;0.2457275390625;-0.826416015625;
2024-10-10 01:23:28;1728512630.6805449;faceUp;-0.533172607421875;0.2378387451171875;-0.8101043701171875;
2024-10-10 01:23:28;1728512630.7375531;faceUp;-0.5398101806640625;0.2408447265625;-0.798614501953125;
2024-10-10 01:23:28;1728512630.787734;faceUp;-0.549896240234375;0.2339019775390625;-0.8043975830078125;
2024-10-10 01:23:28;1728512630.836553;faceUp;-0.54388427734375;0.239898681640625;-0.8135986328125;
2024-10-10 01:23:28;1728512630.885391;faceUp;-0.5313873291015625;0.2387542724609375;-0.8105621337890625;
2024-10-10 01:23:28;1728512630.935498;faceUp;-0.539764404296875;0.23565673828125;-0.796112060546875;
2024-10-10 01:23:28;1728512630.983636;faceUp;-0.5430755615234375;0.2290191650390625;-0.7993621826171875;
2024-10-10 01:23:28;1728512631.032897;faceUp;-0.5404510498046875;0.2437591552734375;-0.816925048828125;
2024-10-10 01:23:28;1728512631.081934;faceUp;-0.5382232666015625;0.237457275390625;-0.815032958984375;
2024-10-10 01:23:28;1728512631.131939;faceUp;-0.5394439697265625;0.233489990234375;-0.8038177490234375;
2024-10-10 01:23:28;1728512631.1819549;faceUp;-0.5397796630859375;0.231536865234375;-0.80389404296875;
2024-10-10 01:23:28;1728512631.226091;faceUp;-0.54302978515625;0.22955322265625;-0.801116943359375;
2024-10-10 01:23:28;1728512631.275672;faceUp;-0.5417327880859375;0.2367706298828125;-0.8058013916015625;
2024-10-10 01:23:28;1728512631.3315868;faceUp;-0.5431671142578125;0.2379150390625;-0.806396484375;
2024-10-10 01:23:28;1728512631.380419;faceUp;-0.5385284423828125;0.242034912109375;-0.8082733154296875;
2024-10-10 01:23:28;1728512631.4295468;faceUp;-0.5410614013671875;0.2312469482421875;-0.8012237548828125;
2024-10-10 01:23:28;1728512631.4801478;faceUp;-0.533111572265625;0.232147216796875;-0.811065673828125;
2024-10-10 01:23:28;1728512631.529364;faceUp;-0.551116943359375;0.2385101318359375;-0.8122100830078125;
2024-10-10 01:23:28;1728512631.579327;faceUp;-0.538299560546875;0.231170654296875;-0.8109130859375;
2024-10-10 01:23:28;1728512631.630712;faceUp;-0.5418548583984375;0.2306671142578125;-0.80523681640625;
2024-10-10 01:23:28;1728512631.680002;faceUp;-0.5502777099609375;0.229217529296875;-0.787261962890625;
2024-10-10 01:23:28;1728512631.729032;faceUp;-0.5465545654296875;0.22308349609375;-0.7866973876953125;
2024-10-10 01:23:28;1728512631.77695;faceUp;-0.55389404296875;0.2270965576171875;-0.7995758056640625;
2024-10-10 01:23:28;1728512631.826439;faceUp;-0.552093505859375;0.2258453369140625;-0.81610107421875;
2024-10-10 01:23:28;1728512631.877586;faceUp;-0.535675048828125;0.2296142578125;-0.8221893310546875;
2024-10-10 01:23:28;1728512631.921082;faceUp;-0.54449462890625;0.2270660400390625;-0.8212432861328125;
2024-10-10 01:23:28;1728512631.977576;faceUp;-0.548065185546875;0.2275390625;-0.798126220703125;
2024-10-10 01:23:28;1728512632.027308;faceUp;-0.5427093505859375;0.223297119140625;-0.7967071533203125;
2024-10-10 01:23:28;1728512632.0765882;faceUp;-0.5455322265625;0.223480224609375;-0.8046417236328125;
2024-10-10 01:23:28;1728512632.123457;faceUp;-0.5475616455078125;0.2168121337890625;-0.8069305419921875;
2024-10-10 01:23:28;1728512632.176774;faceUp;-0.5446319580078125;0.21881103515625;-0.817352294921875;
2024-10-10 01:23:28;1728512632.225805;faceUp;-0.5378875732421875;0.2123565673828125;-0.80914306640625;
2024-10-10 01:23:28;1728512632.274971;faceUp;-0.5498046875;0.2147216796875;-0.8073577880859375;
2024-10-10 01:23:28;1728512632.325434;faceUp;-0.52716064453125;0.209747314453125;-0.822784423828125;
2024-10-10 01:23:28;1728512632.372479;faceUp;-0.536163330078125;0.21685791015625;-0.81689453125;
2024-10-10 01:23:28;1728512632.421423;faceUp;-0.5303497314453125;0.21429443359375;-0.802337646484375;
2024-10-10 01:23:28;1728512632.473587;faceUp;-0.526611328125;0.2242431640625;-0.8194580078125;
2024-10-10 01:23:28;1728512632.5225558;faceUp;-0.5270233154296875;0.22412109375;-0.8180694580078125;
2024-10-10 01:23:28;1728512632.572072;faceUp;-0.5378265380859375;0.2184600830078125;-0.814483642578125;
2024-10-10 01:23:28;1728512632.622345;faceUp;-0.555572509765625;0.2191619873046875;-0.80517578125;
2024-10-10 01:23:28;1728512632.670436;faceUp;-0.5414581298828125;0.2203826904296875;-0.8139801025390625;
2024-10-10 01:23:28;1728512632.715328;faceUp;-0.536529541015625;0.2196807861328125;-0.8091888427734375;
2024-10-10 01:23:28;1728512632.769444;faceUp;-0.5419769287109375;0.224090576171875;-0.8084869384765625;
2024-10-10 01:23:28;1728512632.820951;faceUp;-0.5172576904296875;0.236236572265625;-0.8127288818359375;
2024-10-10 01:23:28;1728512632.870603;faceUp;-0.5287322998046875;0.2285614013671875;-0.8201751708984375;
2024-10-10 01:23:28;1728512632.919723;faceUp;-0.5457305908203125;0.2360076904296875;-0.7966156005859375;
2024-10-10 01:23:28;1728512632.970612;faceUp;-0.53839111328125;0.2265777587890625;-0.800994873046875;
2024-10-10 01:23:28;1728512633.019119;faceUp;-0.546417236328125;0.2390594482421875;-0.8147735595703125;
2024-10-10 01:23:28;1728512633.069675;faceUp;-0.5210418701171875;0.2295379638671875;-0.8187255859375;
2024-10-10 01:23:28;1728512633.119385;faceUp;-0.531219482421875;0.2323150634765625;-0.803497314453125;
2024-10-10 01:23:28;1728512633.167376;faceUp;-0.52978515625;0.2236480712890625;-0.8094635009765625;
2024-10-10 01:23:28;1728512633.218276;faceUp;-0.54345703125;0.225738525390625;-0.828887939453125;
2024-10-10 01:23:28;1728512633.268018;faceUp;-0.53155517578125;0.2351837158203125;-0.815460205078125;
2024-10-10 01:23:28;1728512633.317762;faceUp;-0.52813720703125;0.2345428466796875;-0.78594970703125;
2024-10-10 01:23:28;1728512633.365366;faceUp;-0.5363616943359375;0.237640380859375;-0.7963104248046875;
2024-10-10 01:23:28;1728512633.417253;faceUp;-0.5355987548828125;0.240447998046875;-0.8076171875;
2024-10-10 01:23:28;1728512633.466463;faceUp;-0.5297393798828125;0.24591064453125;-0.8168182373046875;
2024-10-10 01:23:28;1728512633.516542;faceUp;-0.544281005859375;0.253936767578125;-0.814849853515625;
2024-10-10 01:23:28;1728512633.565545;faceUp;-0.53729248046875;0.2489471435546875;-0.810577392578125;
2024-10-10 01:23:28;1728512633.612945;faceUp;-0.532806396484375;0.250823974609375;-0.8010406494140625;
2024-10-10 01:23:28;1728512633.658445;faceUp;-0.53204345703125;0.2465667724609375;-0.802337646484375;
2024-10-10 01:23:28;1728512633.712929;faceUp;-0.556488037109375;0.251922607421875;-0.8023834228515625;
2024-10-10 01:23:28;1728512633.760999;faceUp;-0.531890869140625;0.252044677734375;-0.815185546875;
2024-10-10 01:23:28;1728512633.813374;faceUp;-0.5271759033203125;0.2511138916015625;-0.8061065673828125;
2024-10-10 01:23:28;1728512633.862369;faceUp;-0.54693603515625;0.247955322265625;-0.8042755126953125;
2024-10-10 01:23:28;1728512633.911742;faceUp;-0.5346221923828125;0.245147705078125;-0.8174591064453125;
2024-10-10 01:23:28;1728512633.961026;faceUp;-0.53253173828125;0.2543487548828125;-0.812896728515625;
2024-10-10 01:23:28;1728512634.0117722;faceUp;-0.5336151123046875;0.2396392822265625;-0.797882080078125;
2024-10-10 01:23:28;1728512634.06058;faceUp;-0.540435791015625;0.2437896728515625;-0.8050689697265625;
2024-10-10 01:23:28;1728512634.110193;faceUp;-0.53375244140625;0.2451171875;-0.8065338134765625;
2024-10-10 01:23:28;1728512634.155329;faceUp;-0.5235595703125;0.2530670166015625;-0.8175811767578125;
2024-10-10 01:23:28;1728512634.20999;faceUp;-0.5300750732421875;0.249786376953125;-0.806396484375;
2024-10-10 01:23:28;1728512634.257556;faceUp;-0.5267333984375;0.25445556640625;-0.8032073974609375;
2024-10-10 01:23:28;1728512634.3107371;faceUp;-0.5313262939453125;0.257049560546875;-0.8007659912109375;
2024-10-10 01:23:28;1728512634.3598351;faceUp;-0.5317535400390625;0.255584716796875;-0.7934722900390625;
2024-10-10 01:23:28;1728512634.409542;faceUp;-0.5359344482421875;0.2595062255859375;-0.799468994140625;
2024-10-10 01:23:28;1728512634.4590101;faceUp;-0.549591064453125;0.269989013671875;-0.79791259765625;
2024-10-10 01:23:28;1728512634.508451;faceUp;-0.5337066650390625;0.26690673828125;-0.8071136474609375;
2024-10-10 01:23:28;1728512634.556921;faceUp;-0.5274200439453125;0.269866943359375;-0.7938079833984375;
2024-10-10 01:23:28;1728512634.608375;faceUp;-0.5345611572265625;0.2738189697265625;-0.7998046875;
2024-10-10 01:23:28;1728512634.6573339;faceUp;-0.524444580078125;0.2736663818359375;-0.800872802734375;
2024-10-10 01:23:28;1728512634.700592;faceUp;-0.525360107421875;0.2800445556640625;-0.804656982421875;
2024-10-10 01:23:28;1728512634.756681;faceUp;-0.5326385498046875;0.277191162109375;-0.7986907958984375;
2024-10-10 01:23:28;1728512634.8028212;faceUp;-0.5335235595703125;0.278656005859375;-0.7949676513671875;
2024-10-10 01:23:28;1728512634.857041;faceUp;-0.5303955078125;0.276275634765625;-0.7967376708984375;
2024-10-10 01:23:28;1728512634.9030561;faceUp;-0.5269622802734375;0.280120849609375;-0.7994537353515625;
2024-10-10 01:23:28;1728512634.956946;faceUp;-0.5265960693359375;0.283477783203125;-0.809295654296875;
2024-10-10 01:23:28;1728512635.003014;faceUp;-0.5248565673828125;0.2775726318359375;-0.7975921630859375;
2024-10-10 01:23:28;1728512635.0535688;faceUp;-0.52191162109375;0.276580810546875;-0.8058319091796875;
2024-10-10 01:23:28;1728512635.101986;faceUp;-0.5293121337890625;0.2810516357421875;-0.8057098388671875;
2024-10-10 01:23:28;1728512635.153177;faceUp;-0.533721923828125;0.2792205810546875;-0.814117431640625;
2024-10-10 01:23:28;1728512635.202804;faceUp;-0.51953125;0.279296875;-0.8013153076171875;
2024-10-10 01:23:28;1728512635.251792;faceUp;-0.5672149658203125;0.2550811767578125;-0.7583465576171875;
2024-10-10 01:23:28;1728512635.303074;faceUp;-0.5663604736328125;0.2621307373046875;-0.848724365234375;
2024-10-10 01:23:28;1728512635.352495;faceUp;-0.444976806640625;0.2807159423828125;-0.8423309326171875;
2024-10-10 01:23:28;1728512635.403902;faceUp;-0.4494781494140625;0.2597503662109375;-0.8392791748046875;
2024-10-10 01:23:28;1728512635.4504318;faceUp;-0.4771728515625;0.254852294921875;-0.825897216796875;
2024-10-10 01:23:28;1728512635.501375;faceUp;-0.4757537841796875;0.2355804443359375;-0.835693359375;
2024-10-10 01:23:28;1728512635.551014;faceUp;-0.47686767578125;0.2420501708984375;-0.8483123779296875;
2024-10-10 01:23:28;1728512635.6038098;faceUp;-0.5095367431640625;0.2427978515625;-0.8250274658203125;
2024-10-10 01:23:28;1728512635.653553;faceUp;-0.496612548828125;0.2403411865234375;-0.819122314453125;
2024-10-10 01:23:28;1728512635.700777;faceUp;-0.50311279296875;0.242645263671875;-0.832122802734375;
2024-10-10 01:23:28;1728512635.748954;faceUp;-0.478851318359375;0.2471923828125;-0.8398895263671875;
2024-10-10 01:23:28;1728512635.8016849;faceUp;-0.4826812744140625;0.2543487548828125;-0.8512115478515625;
2024-10-10 01:23:28;1728512635.851242;faceUp;-0.4744873046875;0.2481689453125;-0.84405517578125;
2024-10-10 01:23:28;1728512635.9018102;faceUp;-0.481201171875;0.2501373291015625;-0.825775146484375;
2024-10-10 01:23:28;1728512635.951338;faceUp;-0.4920196533203125;0.2417449951171875;-0.8419952392578125;
2024-10-10 01:23:28;1728512635.998446;faceUp;-0.4924774169921875;0.255706787109375;-0.83343505859375;
2024-10-10 01:23:28;1728512636.0503402;faceUp;-0.4788818359375;0.2518463134765625;-0.8455047607421875;
2024-10-10 01:23:28;1728512636.090512;faceUp;-0.472076416015625;0.253082275390625;-0.8190155029296875;
2024-10-10 01:23:28;1728512636.149472;faceUp;-0.485443115234375;0.2524261474609375;-0.83880615234375;
2024-10-10 01:23:28;1728512636.199219;faceUp;-0.4917144775390625;0.2501983642578125;-0.8381805419921875;
2024-10-10 01:23:28;1728512636.2468019;faceUp;-0.4887237548828125;0.255889892578125;-0.83465576171875;
2024-10-10 01:23:28;1728512636.296029;faceUp;-0.484344482421875;0.2592010498046875;-0.835479736328125;
2024-10-10 01:23:28;1728512636.347415;faceUp;-0.4892578125;0.26043701171875;-0.8187255859375;
2024-10-10 01:23:28;1728512636.3966532;faceUp;-0.4990997314453125;0.2641143798828125;-0.833160400390625;
2024-10-10 01:23:28;1728512636.437998;faceUp;-0.48260498046875;0.2653350830078125;-0.8298187255859375;
2024-10-10 01:23:28;1728512636.4969358;faceUp;-0.48492431640625;0.269744873046875;-0.8319549560546875;
2024-10-10 01:23:28;1728512636.542726;faceUp;-0.5021209716796875;0.2642364501953125;-0.829620361328125;
2024-10-10 01:23:28;1728512636.596051;faceUp;-0.4846343994140625;0.2719573974609375;-0.818572998046875;
2024-10-10 01:23:28;1728512636.6434479;faceUp;-0.4818878173828125;0.27532958984375;-0.8156585693359375;
2024-10-10 01:23:28;1728512636.692204;faceUp;-0.48736572265625;0.2725830078125;-0.82879638671875;
2024-10-10 01:23:28;1728512636.742554;faceUp;-0.4953765869140625;0.28936767578125;-0.8365936279296875;
2024-10-10 01:23:28;1728512636.792529;faceUp;-0.465057373046875;0.2736358642578125;-0.8512115478515625;
2024-10-10 01:23:28;1728512636.845313;faceUp;-0.4708251953125;0.275909423828125;-0.8350830078125;
2024-10-10 01:23:28;1728512636.893161;faceUp;-0.48291015625;0.2761688232421875;-0.82403564453125;
2024-10-10 01:23:28;1728512636.9387121;faceUp;-0.477752685546875;0.2832794189453125;-0.8314361572265625;
2024-10-10 01:23:28;1728512636.993977;faceUp;-0.4744873046875;0.2840728759765625;-0.8286895751953125;
2024-10-10 01:23:28;1728512637.0423431;faceUp;-0.4791107177734375;0.28302001953125;-0.8277130126953125;
2024-10-10 01:23:28;1728512637.089857;faceUp;-0.4742889404296875;0.2855987548828125;-0.8286895751953125;
2024-10-10 01:23:28;1728512637.141309;faceUp;-0.4683380126953125;0.2880401611328125;-0.83648681640625;
2024-10-10 01:23:28;1728512637.186318;faceUp;-0.4715728759765625;0.273712158203125;-0.8367767333984375;
2024-10-10 01:23:28;1728512637.241411;faceUp;-0.4541015625;0.2899017333984375;-0.85430908203125;
2024-10-10 01:23:28;1728512637.281755;faceUp;-0.46600341796875;0.30230712890625;-0.8353271484375;
2024-10-10 01:23:28;1728512637.340328;faceUp;-0.4420623779296875;0.28955078125;-0.8562774658203125;
2024-10-10 01:23:28;1728512637.388534;faceUp;-0.4543609619140625;0.295867919921875;-0.8837127685546875;
2024-10-10 01:23:28;1728512637.438842;faceUp;-0.45703125;0.2736358642578125;-0.8302154541015625;
2024-10-10 01:23:28;1728512637.490001;faceUp;-0.45947265625;0.287933349609375;-0.81658935546875;
2024-10-10 01:23:28;1728512637.539133;faceUp;-0.4405364990234375;0.2823028564453125;-0.8112030029296875;
2024-10-10 01:23:28;1728512637.5895581;faceUp;-0.4442291259765625;0.290740966796875;-0.83966064453125;
2024-10-10 01:23:28;1728512637.637892;faceUp;-0.4985809326171875;0.2824249267578125;-0.8674163818359375;
2024-10-10 01:23:28;1728512637.687056;faceUp;-0.4494171142578125;0.2859344482421875;-0.8191070556640625;
2024-10-10 01:23:28;1728512637.7360048;faceUp;-0.448974609375;0.3009796142578125;-0.831024169921875;
2024-10-10 01:23:28;1728512637.786793;faceUp;-0.46527099609375;0.29144287109375;-0.83251953125;
2024-10-10 01:23:28;1728512637.8364692;faceUp;-0.4639434814453125;0.2952423095703125;-0.8463592529296875;
2024-10-10 01:23:28;1728512637.885963;faceUp;-0.4575958251953125;0.2958221435546875;-0.837677001953125;
2024-10-10 01:23:28;1728512637.9332042;faceUp;-0.464630126953125;0.293548583984375;-0.8285064697265625;
2024-10-10 01:23:28;1728512637.976708;faceUp;-0.47479248046875;0.29083251953125;-0.8198394775390625;
2024-10-10 01:23:28;1728512638.026233;faceUp;-0.4702301025390625;0.2987213134765625;-0.83685302734375;
2024-10-10 01:23:28;1728512638.085511;faceUp;-0.4674072265625;0.2977294921875;-0.830413818359375;
2024-10-10 01:23:28;1728512638.131669;faceUp;-0.46826171875;0.3000335693359375;-0.845367431640625;
2024-10-10 01:23:28;1728512638.182874;faceUp;-0.4656829833984375;0.297454833984375;-0.82562255859375;
2024-10-10 01:23:28;1728512638.23036;faceUp;-0.485137939453125;0.307281494140625;-0.831085205078125;
2024-10-10 01:23:28;1728512638.286683;faceUp;-0.47601318359375;0.321685791015625;-0.78302001953125;
2024-10-10 01:23:28;1728512638.332343;faceUp;-0.448699951171875;0.3058929443359375;-0.7957305908203125;
2024-10-10 01:23:28;1728512638.379667;faceUp;-0.4766387939453125;0.3438568115234375;-0.937957763671875;
