Date;Timestamp;DeviceOrientation;GyroscopeX;GyroscopeY;GyroscopeZ;Label
2024-10-10 01:24:56;1728512696.089954;faceUp;-0.4023993909358978;-0.07479221373796463;-0.06851860880851746;
2024-10-10 01:24:56;1728512696.0958529;faceUp;-0.41903001070022583;-0.771977961063385;0.08808431774377823;
2024-10-10 01:24:56;1728512696.116646;faceUp;-0.33246371150016785;-0.08316412568092346;0.22898738086223602;
2024-10-10 01:24:56;1728512696.168745;faceUp;-0.3109232485294342;-0.5257037281990051;0.07920373976230621;
2024-10-10 01:24:56;1728512696.2179198;faceUp;-0.09081325680017471;-0.3385394513607025;-0.20199091732501984;
2024-10-10 01:24:56;1728512696.267514;faceUp;-0.2706812918186188;0.2673773765563965;0.1362137645483017;
2024-10-10 01:24:56;1728512696.317216;faceUp;-0.9827762246131897;0.6646645665168762;0.9004051685333252;
2024-10-10 01:24:56;1728512696.3680649;faceUp;0.6169425845146179;-0.09027743339538574;-0.27388134598731995;
2024-10-10 01:24:56;1728512696.416842;faceUp;1.7681288719177246;-1.0548243522644043;-1.010028600692749;
2024-10-10 01:24:56;1728512696.467762;faceUp;-0.4732424020767212;-2.0319929122924805;-0.7487698197364807;
2024-10-10 01:24:56;1728512696.516755;faceUp;-1.2561722993850708;-1.5770177841186523;-0.5766012668609619;
2024-10-10 01:24:56;1728512696.5676541;faceUp;-0.2707502841949463;0.11183065921068192;0.5359417200088501;
2024-10-10 01:24:56;1728512696.6178532;faceUp;-0.04198500141501427;-0.29518982768058777;-0.08845103532075882;
2024-10-10 01:24:56;1728512696.666333;faceUp;0.18231813609600067;-0.02839675359427929;0.35974565148353577;
2024-10-10 01:24:56;1728512696.717051;faceUp;1.2368351221084595;-1.5078799724578857;0.031687621027231216;
2024-10-10 01:24:56;1728512696.765668;faceUp;1.1627368927001953;-2.442570924758911;0.6379943490028381;
2024-10-10 01:24:56;1728512696.813109;faceUp;0.7165959477424622;-3.2526535987854004;1.4893581867218018;
2024-10-10 01:24:56;1728512696.865509;faceUp;2.704744577407837;-4.630743026733398;2.3000645637512207;
2024-10-10 01:24:56;1728512696.915421;faceUp;0.8847748041152954;-3.1654229164123535;2.6731348037719727;
2024-10-10 01:24:56;1728512696.963373;faceUp;2.3464348316192627;-3.789747714996338;3.364403247833252;
2024-10-10 01:24:56;1728512697.0131931;faceUp;2.63741397857666;-2.162684440612793;3.3041622638702393;
2024-10-10 01:24:56;1728512697.062663;faceUp;2.1025595664978027;-1.5386236906051636;3.0441694259643555;
2024-10-10 01:24:56;1728512697.112091;faceUp;1.874956727027893;-0.6056675314903259;2.113774061203003;
2024-10-10 01:24:56;1728512697.160186;faceUp;2.026810646057129;0.07952705025672913;1.1548728942871094;
2024-10-10 01:24:56;1728512697.212222;faceUp;0.4154834747314453;0.8419221639633179;0.010267817415297031;
2024-10-10 01:24:56;1728512697.2604442;faceUp;0.7146710157394409;0.3497878313064575;-0.1498105376958847;
2024-10-10 01:24:56;1728512697.3110042;faceUp;-0.0355026014149189;-0.8985785245895386;-0.3228837847709656;
2024-10-10 01:24:56;1728512697.360379;faceUp;-0.9703488349914551;-0.5715609788894653;-0.6691639423370361;
2024-10-10 01:24:56;1728512697.410136;faceUp;-0.7281766533851624;-0.6110529899597168;-0.4644606113433838;
2024-10-10 01:24:56;1728512697.4587212;faceUp;0.9011173248291016;1.4167345762252808;-1.3850592374801636;
2024-10-10 01:24:56;1728512697.510243;faceUp;-0.18994197249412537;-1.3989592790603638;0.4455290138721466;
2024-10-10 01:24:56;1728512697.559418;faceUp;1.1218839883804321;-0.6094492077827454;0.152630016207695;
2024-10-10 01:24:56;1728512697.609945;faceUp;0.35188186168670654;-1.1125144958496094;0.7859774231910706;
2024-10-10 01:24:56;1728512697.659604;faceUp;-0.06299334764480591;-1.2127937078475952;1.339385986328125;
2024-10-10 01:24:56;1728512697.709406;landscapeLeft;-1.3885663747787476;-1.727601408958435;2.396425247192383;
2024-10-10 01:24:56;1728512697.7600179;landscapeLeft;0.37292030453681946;-0.8390030860900879;2.3515264987945557;
2024-10-10 01:24:56;1728512697.812245;landscapeLeft;0.5485715270042419;0.14857375621795654;2.45888090133667;
2024-10-10 01:24:56;1728512697.858541;landscapeLeft;0.8444415330886841;0.8327635526657104;1.531619906425476;
2024-10-10 01:24:56;1728512697.910351;landscapeLeft;1.1852704286575317;1.506883144378662;1.50092613697052;
2024-10-10 01:24:56;1728512697.958947;landscapeLeft;0.018871426582336426;1.509506344795227;0.8018660545349121;
2024-10-10 01:24:56;1728512698.008089;landscapeLeft;-0.6341388821601868;1.199427843093872;0.4945833683013916;
2024-10-10 01:24:56;1728512698.058878;landscapeLeft;-0.12138181924819946;0.703603982925415;0.27693918347358704;
2024-10-10 01:24:56;1728512698.10845;landscapeLeft;-0.6029269099235535;1.4401490688323975;0.04363216459751129;
2024-10-10 01:24:56;1728512698.155863;landscapeLeft;-0.7807498574256897;0.06655319035053253;-0.7457602024078369;
2024-10-10 01:24:56;1728512698.207051;landscapeLeft;-0.010025735944509506;-0.7511531114578247;-0.13943831622600555;
2024-10-10 01:24:56;1728512698.256559;landscapeLeft;0.5977560877799988;-1.1473641395568848;0.5001357793807983;
2024-10-10 01:24:56;1728512698.3061218;landscapeLeft;0.7795668840408325;-1.3597056865692139;1.527164101600647;
2024-10-10 01:24:56;1728512698.355771;landscapeLeft;0.47734153270721436;-2.2233829498291016;1.3719398975372314;
2024-10-10 01:24:56;1728512698.4061642;landscapeLeft;0.6973055601119995;-2.366126775741577;1.3895258903503418;
2024-10-10 01:24:56;1728512698.455945;landscapeLeft;-0.10731101036071777;0.28576305508613586;1.3363124132156372;
2024-10-10 01:24:56;1728512698.503457;landscapeLeft;0.7040913105010986;0.629492998123169;0.5963792204856873;
2024-10-10 01:24:56;1728512698.55271;landscapeLeft;0.7223864197731018;0.5657837986946106;-0.0927477777004242;
2024-10-10 01:24:56;1728512698.6;landscapeLeft;0.18070346117019653;1.2771202325820923;-0.5432432889938354;
2024-10-10 01:24:56;1728512698.652628;landscapeLeft;-0.24543265998363495;0.13120275735855103;-1.8780385255813599;
2024-10-10 01:24:56;1728512698.702787;landscapeLeft;0.8769983649253845;-0.3544353246688843;-1.6154229640960693;
2024-10-10 01:24:56;1728512698.753387;landscapeLeft;-1.0456480979919434;0.999722957611084;0.6317710280418396;
2024-10-10 01:24:56;1728512698.802166;landscapeLeft;-0.08980631828308105;-0.04964744672179222;0.8894598484039307;
2024-10-10 01:24:56;1728512698.852154;landscapeLeft;-1.1017547845840454;0.8592007160186768;0.06427512317895889;
2024-10-10 01:24:56;1728512698.9013329;landscapeLeft;-0.8546925187110901;0.5570776462554932;1.627273678779602;
2024-10-10 01:24:56;1728512698.951273;landscapeLeft;-0.26563140749931335;-0.029834594577550888;-0.34915080666542053;
2024-10-10 01:24:56;1728512699.001844;landscapeLeft;-1.2299787998199463;-0.6361263990402222;-0.2930542528629303;
2024-10-10 01:24:56;1728512699.0505471;landscapeLeft;-0.01582290604710579;0.7915721535682678;0.6861690282821655;
2024-10-10 01:24:56;1728512699.099235;landscapeLeft;0.10486330091953278;-0.37016740441322327;1.6328679323196411;
2024-10-10 01:24:56;1728512699.147171;landscapeLeft;-0.12614569067955017;0.3715972602367401;1.3059371709823608;
2024-10-10 01:24:56;1728512699.19765;landscapeLeft;0.4983469545841217;-0.4421723484992981;0.9174227714538574;
2024-10-10 01:24:56;1728512699.247257;portraitUpsideDown;0.7895002365112305;-1.4761345386505127;0.7210599184036255;
2024-10-10 01:24:56;1728512699.296962;portraitUpsideDown;1.1628665924072266;-2.4239449501037598;2.1241626739501953;
2024-10-10 01:24:56;1728512699.346509;portraitUpsideDown;0.46756505966186523;1.0607634782791138;1.0666378736495972;
2024-10-10 01:24:56;1728512699.396196;portraitUpsideDown;0.1641567200422287;-1.6556248664855957;1.24276602268219;
2024-10-10 01:24:56;1728512699.4459481;portraitUpsideDown;0.19085730612277985;-1.1326704025268555;0.5158390998840332;
2024-10-10 01:24:56;1728512699.495192;portraitUpsideDown;0.23620986938476562;-0.21318471431732178;0.48808765411376953;
2024-10-10 01:24:56;1728512699.5432901;portraitUpsideDown;-0.01563674956560135;0.11108843982219696;0.3728926181793213;
2024-10-10 01:24:56;1728512699.5927749;portraitUpsideDown;-0.07630275934934616;0.015515309758484364;0.7007564902305603;
2024-10-10 01:24:56;1728512699.642116;portraitUpsideDown;0.26907140016555786;-0.3394124209880829;0.8069289922714233;
2024-10-10 01:24:56;1728512699.696404;portraitUpsideDown;0.4887385368347168;-0.09584077447652817;0.8967843651771545;
2024-10-10 01:24:56;1728512699.746757;portraitUpsideDown;0.38348400592803955;0.12054585665464401;1.0725297927856445;
2024-10-10 01:24:56;1728512699.796277;portraitUpsideDown;0.15064117312431335;0.245744526386261;1.1297667026519775;
2024-10-10 01:24:56;1728512699.843131;portraitUpsideDown;0.33035555481910706;0.6156450510025024;0.9177886843681335;
2024-10-10 01:24:56;1728512699.8933039;portraitUpsideDown;-0.12654276192188263;0.6458932757377625;0.42653748393058777;
2024-10-10 01:24:56;1728512699.942491;portraitUpsideDown;-1.848286509513855;-0.6674715280532837;0.3886454701423645;
2024-10-10 01:24:56;1728512699.9931068;portraitUpsideDown;-1.1622040271759033;1.056941032409668;0.5901612639427185;
2024-10-10 01:24:56;1728512700.042366;portraitUpsideDown;0.8574814200401306;1.6430633068084717;-1.0701907873153687;
2024-10-10 01:24:56;1728512700.093213;portraitUpsideDown;1.2390282154083252;2.601682424545288;-1.668300747871399;
2024-10-10 01:24:56;1728512700.139978;portraitUpsideDown;0.6479931473731995;2.33581805229187;-1.4010826349258423;
2024-10-10 01:24:56;1728512700.189827;portraitUpsideDown;0.8784202337265015;0.3294481933116913;-0.9475947618484497;
2024-10-10 01:24:56;1728512700.23975;portraitUpsideDown;0.38637274503707886;-1.7671765089035034;-1.4971476793289185;
2024-10-10 01:24:56;1728512700.2889009;portraitUpsideDown;0.6912420988082886;-1.6702594757080078;-2.403430938720703;
2024-10-10 01:24:56;1728512700.3388119;portraitUpsideDown;0.7634731531143188;0.0006998787284828722;-2.672441005706787;
2024-10-10 01:24:56;1728512700.3888469;portraitUpsideDown;1.1552432775497437;1.7557270526885986;-1.9900702238082886;
2024-10-10 01:24:56;1728512700.437458;portraitUpsideDown;0.3419368267059326;0.3422577381134033;0.9889898896217346;
2024-10-10 01:24:56;1728512700.4866838;portraitUpsideDown;-0.013001552782952785;0.207882359623909;0.13485422730445862;
2024-10-10 01:24:56;1728512700.537716;portraitUpsideDown;-0.14333239197731018;0.16926252841949463;-0.29345718026161194;
2024-10-10 01:24:56;1728512700.5879002;portraitUpsideDown;-0.2622065842151642;0.46683403849601746;-0.27785319089889526;
2024-10-10 01:24:56;1728512700.636455;portraitUpsideDown;0.10916776955127716;-0.134288027882576;0.08519292622804642;
2024-10-10 01:24:56;1728512700.686127;portraitUpsideDown;0.10488194227218628;0.10015163570642471;-0.0563756562769413;
2024-10-10 01:24:56;1728512700.733087;portraitUpsideDown;-0.1949436515569687;0.259234219789505;-0.29977312684059143;
2024-10-10 01:24:56;1728512700.784842;portraitUpsideDown;-0.17547142505645752;0.23290781676769257;-0.2944856882095337;
2024-10-10 01:24:56;1728512700.835032;portraitUpsideDown;-0.0390094518661499;0.08471515029668808;-0.052195291966199875;
2024-10-10 01:24:56;1728512700.885324;portraitUpsideDown;-0.07900107651948929;0.08528347313404083;-0.06546343117952347;
2024-10-10 01:24:56;1728512700.9335198;portraitUpsideDown;-0.11155901849269867;0.2460601031780243;-0.17274753749370575;
2024-10-10 01:24:56;1728512700.982998;portraitUpsideDown;-0.12416908890008926;0.22454442083835602;-0.1743856519460678;
2024-10-10 01:24:56;1728512701.031087;portraitUpsideDown;-0.06265965104103088;0.09901659190654755;-0.08187249302864075;
2024-10-10 01:24:56;1728512701.0824609;portraitUpsideDown;-0.08284667879343033;0.022180136293172836;-0.0652887225151062;
2024-10-10 01:24:56;1728512701.131799;portraitUpsideDown;-0.045033253729343414;0.03237711265683174;-0.052926063537597656;
2024-10-10 01:24:56;1728512701.1805239;portraitUpsideDown;-0.036142025142908096;-0.03590606898069382;-0.06157814338803291;
2024-10-10 01:24:56;1728512701.230081;portraitUpsideDown;-0.016688432544469833;-0.06532494723796844;-0.0372975692152977;
2024-10-10 01:24:56;1728512701.280208;portraitUpsideDown;-0.006539125461131334;-0.049254365265369415;-0.020795026794075966;
2024-10-10 01:24:56;1728512701.330231;portraitUpsideDown;-0.05873681604862213;0.013098757714033127;-0.03526104986667633;
2024-10-10 01:24:56;1728512701.3797312;portraitUpsideDown;-0.03171425312757492;0.04385880008339882;-0.041309088468551636;
2024-10-10 01:24:56;1728512701.4294372;portraitUpsideDown;-0.06641417741775513;0.07634377479553223;-0.09031365066766739;
2024-10-10 01:24:56;1728512701.477477;portraitUpsideDown;-0.03879985958337784;0.05058328062295914;-0.0536043718457222;
2024-10-10 01:24:56;1728512701.527118;portraitUpsideDown;-0.04736778140068054;0.05639909207820892;-0.0810152217745781;
2024-10-10 01:24:56;1728512701.57813;portraitUpsideDown;-0.04405400902032852;0.08440063148736954;-0.09845440089702606;
2024-10-10 01:24:56;1728512701.627806;portraitUpsideDown;-0.07378686964511871;0.10399483889341354;-0.08889178931713104;
2024-10-10 01:24:56;1728512701.6769152;portraitUpsideDown;-0.04073517769575119;0.024272050708532333;-0.03242558240890503;
2024-10-10 01:24:56;1728512701.727994;portraitUpsideDown;-0.009887518361210823;-0.05552957206964493;-0.002225337317213416;
2024-10-10 01:24:56;1728512701.77725;portraitUpsideDown;0.018924955278635025;-0.09013362228870392;-0.0016383767360821366;
2024-10-10 01:24:56;1728512701.82708;portraitUpsideDown;0.03439818695187569;-0.07751529663801193;-0.014037787914276123;
2024-10-10 01:24:56;1728512701.8762999;portraitUpsideDown;-0.01913720928132534;-0.026869963854551315;-0.003338272450491786;
2024-10-10 01:24:56;1728512701.9279041;portraitUpsideDown;-0.029926739633083344;0.05230102315545082;-0.02766997739672661;
2024-10-10 01:24:56;1728512701.978568;portraitUpsideDown;-0.0388651080429554;0.06444743275642395;-0.03328525274991989;
2024-10-10 01:24:56;1728512702.0266252;portraitUpsideDown;-0.02864096499979496;-0.032818667590618134;-0.03735269978642464;
2024-10-10 01:24:56;1728512702.075214;portraitUpsideDown;-0.03032994270324707;-0.032166458666324615;-0.002941727638244629;
2024-10-10 01:24:56;1728512702.1286678;portraitUpsideDown;-0.08614180982112885;0.021463479846715927;0.009561014361679554;
2024-10-10 01:24:56;1728512702.1758518;portraitUpsideDown;-0.16885267198085785;0.14652925729751587;0.059175170958042145;
2024-10-10 01:24:56;1728512702.224444;portraitUpsideDown;-0.15774035453796387;0.21821382641792297;-0.016113722696900368;
2024-10-10 01:24:56;1728512702.27179;portraitUpsideDown;-0.15160922706127167;0.11212201416492462;-0.0801909789443016;
2024-10-10 01:24:56;1728512702.32487;portraitUpsideDown;-0.17690765857696533;0.0025361282750964165;-0.03868720680475235;
2024-10-10 01:24:56;1728512702.373242;portraitUpsideDown;-0.22377105057239532;-0.056829728186130524;-0.10259002447128296;
2024-10-10 01:24:56;1728512702.422538;portraitUpsideDown;-0.421109676361084;0.06688688695430756;-0.3423898220062256;
2024-10-10 01:24:56;1728512702.471802;portraitUpsideDown;-0.8031989932060242;0.4864780306816101;-0.9316504597663879;
2024-10-10 01:24:56;1728512702.521737;portraitUpsideDown;-0.8217215538024902;0.8868517875671387;-1.2362494468688965;
2024-10-10 01:24:56;1728512702.569314;portraitUpsideDown;-1.1102321147918701;0.9281997680664062;-1.2489449977874756;
2024-10-10 01:24:56;1728512702.620429;portraitUpsideDown;-0.8463879823684692;0.063341423869133;-0.5963238477706909;
2024-10-10 01:24:56;1728512702.671076;portraitUpsideDown;-0.6804704070091248;0.4125731885433197;-0.5972769856452942;
2024-10-10 01:24:56;1728512702.720087;portraitUpsideDown;-0.6521687507629395;-0.11950775235891342;-0.7548983097076416;
2024-10-10 01:24:56;1728512702.770056;portraitUpsideDown;-0.7509909272193909;-0.8842552304267883;-0.725953221321106;
2024-10-10 01:24:56;1728512702.819499;portraitUpsideDown;-0.4012022912502289;-0.6338768005371094;-0.46838000416755676;
2024-10-10 01:24:56;1728512702.8689241;portraitUpsideDown;-0.31155627965927124;0.05667952448129654;-0.40361565351486206;
2024-10-10 01:24:56;1728512702.9202309;portraitUpsideDown;-0.06422799080610275;0.13295751810073853;-0.34369105100631714;
2024-10-10 01:24:56;1728512702.9682698;portraitUpsideDown;-0.18425852060317993;0.4833245873451233;-0.2572121024131775;
2024-10-10 01:24:56;1728512703.019287;portraitUpsideDown;-0.08442593365907669;0.29959630966186523;-0.055382564663887024;
2024-10-10 01:24:56;1728512703.0690742;portraitUpsideDown;0.31170329451560974;-0.5107551217079163;0.24094896018505096;
2024-10-10 01:24:56;1728512703.1191978;portraitUpsideDown;0.5640655159950256;0.246249720454216;0.658645510673523;
2024-10-10 01:24:56;1728512703.1684852;portraitUpsideDown;0.8601866364479065;0.15687429904937744;1.6501829624176025;
2024-10-10 01:24:56;1728512703.2181458;portraitUpsideDown;0.35044270753860474;-0.6435709595680237;1.071363091468811;
2024-10-10 01:24:56;1728512703.267226;portraitUpsideDown;2.1728692054748535;-0.7170393466949463;1.020864725112915;
2024-10-10 01:24:56;1728512703.317342;portraitUpsideDown;2.6139066219329834;-0.3489089906215668;1.2359938621520996;
2024-10-10 01:24:56;1728512703.366651;portraitUpsideDown;-0.21550458669662476;0.125618115067482;0.2443128079175949;
2024-10-10 01:24:56;1728512703.417922;portraitUpsideDown;0.20798328518867493;1.2017719745635986;0.04339514300227165;
2024-10-10 01:24:56;1728512703.465812;portraitUpsideDown;-0.13630297780036926;0.1518784761428833;-0.06976976245641708;
2024-10-10 01:24:56;1728512703.513483;portraitUpsideDown;-0.1442469209432602;0.4794004261493683;0.16254816949367523;
2024-10-10 01:24:56;1728512703.5651488;portraitUpsideDown;0.18741090595722198;-0.4554809629917145;0.40208086371421814;
2024-10-10 01:24:56;1728512703.615078;portraitUpsideDown;1.1170341968536377;0.2145431935787201;0.36586612462997437;
2024-10-10 01:24:56;1728512703.663251;portraitUpsideDown;1.0518850088119507;-0.17608954012393951;0.6511924266815186;
2024-10-10 01:24:56;1728512703.713068;portraitUpsideDown;0.8634032011032104;0.2101825326681137;0.7447900176048279;
2024-10-10 01:24:56;1728512703.761811;portraitUpsideDown;-0.5168143510818481;0.18051359057426453;-0.0035033884923905134;
2024-10-10 01:24:56;1728512703.813374;portraitUpsideDown;-1.4323567152023315;0.4418109655380249;-0.9405747056007385;
2024-10-10 01:24:56;1728512703.8626719;portraitUpsideDown;-2.3863425254821777;-0.9730277061462402;-1.0430755615234375;
2024-10-10 01:24:56;1728512703.9125628;portraitUpsideDown;-2.373340129852295;-1.1367684602737427;-1.7486858367919922;
2024-10-10 01:24:56;1728512703.962524;portraitUpsideDown;-0.43806734681129456;1.3352583646774292;-2.5866377353668213;
2024-10-10 01:24:56;1728512704.010304;portraitUpsideDown;-0.47567757964134216;-0.3571895658969879;-1.397218108177185;
2024-10-10 01:24:56;1728512704.062584;portraitUpsideDown;0.2364194542169571;-0.8644083142280579;-0.3991551101207733;
2024-10-10 01:24:56;1728512704.111556;portraitUpsideDown;0.4744296371936798;-0.6653066277503967;-1.1748934984207153;
2024-10-10 01:24:56;1728512704.16255;portraitUpsideDown;0.2661725580692291;0.10569500178098679;-1.1733711957931519;
2024-10-10 01:24:56;1728512704.210743;portraitUpsideDown;0.6840882897377014;-2.194697141647339;0.09438961744308472;
2024-10-10 01:24:56;1728512704.262164;portraitUpsideDown;0.675594687461853;-1.2301942110061646;0.9049155116081238;
2024-10-10 01:24:56;1728512704.312286;portraitUpsideDown;-0.165855273604393;-1.2730729579925537;1.1795190572738647;
2024-10-10 01:24:56;1728512704.361384;portraitUpsideDown;-1.1624234914779663;2.8033039569854736;-1.8178585767745972;
2024-10-10 01:24:56;1728512704.413241;portraitUpsideDown;-0.1999589204788208;1.62936532497406;-0.48192963004112244;
2024-10-10 01:24:56;1728512704.4603682;portraitUpsideDown;1.4954591989517212;0.07829027622938156;0.46445581316947937;
2024-10-10 01:24:56;1728512704.5107388;portraitUpsideDown;1.2269479036331177;-1.8079867362976074;1.495097041130066;
2024-10-10 01:24:56;1728512704.560303;portraitUpsideDown;2.0114188194274902;-2.2640323638916016;1.9151617288589478;
2024-10-10 01:24:56;1728512704.610081;portraitUpsideDown;2.3869895935058594;1.1643513441085815;1.5233677625656128;
2024-10-10 01:24:56;1728512704.659591;portraitUpsideDown;0.420509397983551;0.2718898355960846;0.577939510345459;
2024-10-10 01:24:56;1728512704.708897;portraitUpsideDown;0.669682502746582;-0.12230806797742844;0.7441534996032715;
2024-10-10 01:24:56;1728512704.759039;portraitUpsideDown;0.9918613433837891;0.393874853849411;0.5481033325195312;
2024-10-10 01:24:56;1728512704.810147;portraitUpsideDown;-0.7114461660385132;1.0869702100753784;0.027953604236245155;
2024-10-10 01:24:56;1728512704.858382;portraitUpsideDown;-0.0002844255941454321;0.9225951433181763;-0.09771057963371277;
2024-10-10 01:24:56;1728512704.9074569;portraitUpsideDown;0.4450110197067261;0.08830802142620087;0.60813307762146;
2024-10-10 01:24:56;1728512704.956779;portraitUpsideDown;-0.3577517569065094;0.2517336905002594;0.053033389151096344;
2024-10-10 01:24:56;1728512705.005723;portraitUpsideDown;0.5237330198287964;1.1118718385696411;-0.37374988198280334;
2024-10-10 01:24:56;1728512705.0562692;portraitUpsideDown;-1.1531298160552979;0.5322614908218384;-0.6394241452217102;
2024-10-10 01:24:56;1728512705.1067638;portraitUpsideDown;-1.3765807151794434;0.05227545648813248;-1.4470988512039185;
2024-10-10 01:24:56;1728512705.153578;portraitUpsideDown;-2.8291425704956055;0.39928215742111206;-1.4150234460830688;
2024-10-10 01:24:56;1728512705.201987;portraitUpsideDown;-1.522446632385254;0.44913411140441895;-1.8623149394989014;
2024-10-10 01:24:56;1728512705.252201;portraitUpsideDown;-1.8379592895507812;0.624268114566803;-1.714605689048767;
2024-10-10 01:24:56;1728512705.303409;portraitUpsideDown;-1.042829155921936;-0.44839802384376526;-0.7615380883216858;
2024-10-10 01:24:56;1728512705.352706;portraitUpsideDown;-0.7158899307250977;-1.8192793130874634;-0.27224215865135193;
2024-10-10 01:24:56;1728512705.4016562;portraitUpsideDown;-0.5322271585464478;-0.41955891251564026;-0.8944205045700073;
2024-10-10 01:24:56;1728512705.451086;portraitUpsideDown;-0.07157165557146072;-0.41383713483810425;-0.6296170949935913;
2024-10-10 01:24:56;1728512705.502047;portraitUpsideDown;0.038423556834459305;-1.318689227104187;0.07163450866937637;
2024-10-10 01:24:56;1728512705.55098;portraitUpsideDown;0.2679901719093323;-0.7368649840354919;0.45611372590065;
2024-10-10 01:24:56;1728512705.60188;portraitUpsideDown;-0.10770303010940552;1.5371406078338623;0.1947670876979828;
2024-10-10 01:24:56;1728512705.652429;portraitUpsideDown;-1.055999517440796;1.7098487615585327;-0.7301040291786194;
2024-10-10 01:24:56;1728512705.701606;portraitUpsideDown;1.4098308086395264;-2.5455894470214844;-0.9263401031494141;
2024-10-10 01:24:56;1728512705.750193;portraitUpsideDown;4.137984752655029;-3.5529322624206543;0.7991288900375366;
2024-10-10 01:24:56;1728512705.804234;portraitUpsideDown;2.551976442337036;2.543241262435913;3.3822641372680664;
2024-10-10 01:24:56;1728512705.850997;portraitUpsideDown;1.7468574047088623;-2.702793598175049;1.4957271814346313;
2024-10-10 01:24:56;1728512705.899306;portraitUpsideDown;2.1594278812408447;-2.297304153442383;1.937125563621521;
2024-10-10 01:24:56;1728512705.9497151;portraitUpsideDown;2.2371981143951416;-1.7204142808914185;1.1392334699630737;
2024-10-10 01:24:56;1728512705.997274;portraitUpsideDown;-1.1922883987426758;0.8356538414955139;-0.8634306192398071;
2024-10-10 01:24:56;1728512706.045938;portraitUpsideDown;-1.625321626663208;0.1398143619298935;0.2502327561378479;
2024-10-10 01:24:56;1728512706.095921;portraitUpsideDown;-0.8586524128913879;-0.539079487323761;0.3811396360397339;
2024-10-10 01:24:56;1728512706.145128;portraitUpsideDown;1.7015295028686523;0.12243589758872986;0.0636380985379219;
2024-10-10 01:24:56;1728512706.194941;portraitUpsideDown;1.896849513053894;-1.85075044631958;0.9414175748825073;
2024-10-10 01:24:56;1728512706.243623;portraitUpsideDown;2.3289926052093506;-2.0166478157043457;0.7649059295654297;
2024-10-10 01:24:56;1728512706.2934341;portraitUpsideDown;2.391756296157837;-0.9106529951095581;0.8175209164619446;
2024-10-10 01:24:56;1728512706.3418422;portraitUpsideDown;1.5905612707138062;0.10548914223909378;1.1100175380706787;
2024-10-10 01:24:56;1728512706.392401;portraitUpsideDown;-0.8327528834342957;-0.6064894199371338;-0.12493874132633209;
2024-10-10 01:24:56;1728512706.443056;portraitUpsideDown;-1.8038910627365112;-0.3408007323741913;-1.00883150100708;
2024-10-10 01:24:56;1728512706.49246;portraitUpsideDown;-3.7627127170562744;-0.9522539973258972;-1.3704986572265625;
2024-10-10 01:24:56;1728512706.542417;portraitUpsideDown;-3.3682520389556885;1.2480467557907104;-2.916189670562744;
2024-10-10 01:24:56;1728512706.591352;portraitUpsideDown;1.7145143747329712;-1.5313602685928345;-1.8822860717773438;
2024-10-10 01:24:56;1728512706.641656;portraitUpsideDown;2.3081488609313965;-3.4143741130828857;-0.6521918773651123;
2024-10-10 01:24:56;1728512706.691441;portraitUpsideDown;1.520498514175415;-0.2712448239326477;-1.2913992404937744;
2024-10-10 01:24:56;1728512706.741502;portraitUpsideDown;0.3823052942752838;-0.8660642504692078;-1.0304049253463745;
2024-10-10 01:24:56;1728512706.790824;portraitUpsideDown;-0.07293040305376053;-1.5274685621261597;-0.6084353923797607;
2024-10-10 01:24:56;1728512706.839356;portraitUpsideDown;-0.3256816864013672;-1.0863087177276611;-0.07896725088357925;
2024-10-10 01:24:56;1728512706.889324;portraitUpsideDown;-1.108820915222168;-1.2801083326339722;0.9501889944076538;
2024-10-10 01:24:56;1728512706.939285;portraitUpsideDown;-0.8035997748374939;1.7434349060058594;0.947562038898468;
2024-10-10 01:24:56;1728512706.991329;portraitUpsideDown;0.16317054629325867;0.7123801112174988;-1.3331544399261475;
2024-10-10 01:24:56;1728512707.039915;portraitUpsideDown;-0.25063276290893555;1.0301141738891602;0.5257160067558289;
2024-10-10 01:24:56;1728512707.089168;portraitUpsideDown;1.6824884414672852;0.41829684376716614;0.498588502407074;
2024-10-10 01:24:56;1728512707.1388102;portraitUpsideDown;0.724539577960968;-2.3977200984954834;1.8318710327148438;
2024-10-10 01:24:56;1728512707.18711;portraitUpsideDown;1.791507363319397;0.08131109923124313;1.2931787967681885;
2024-10-10 01:24:56;1728512707.237401;portraitUpsideDown;2.283130645751953;0.330437034368515;0.6820957660675049;
2024-10-10 01:24:56;1728512707.286004;portraitUpsideDown;0.26839762926101685;-0.6914469003677368;0.9777601361274719;
2024-10-10 01:24:56;1728512707.3355799;portraitUpsideDown;0.3941427767276764;0.2517464756965637;0.6444282531738281;
2024-10-10 01:24:56;1728512707.385651;portraitUpsideDown;1.0070512294769287;0.7399217486381531;0.13784654438495636;
2024-10-10 01:24:56;1728512707.4356441;portraitUpsideDown;0.9158557653427124;-0.04921095445752144;0.7237241268157959;
2024-10-10 01:24:56;1728512707.485837;portraitUpsideDown;0.42231661081314087;0.1482352763414383;0.5156835913658142;
2024-10-10 01:24:56;1728512707.535623;portraitUpsideDown;0.2829084098339081;0.5674919486045837;0.1562868058681488;
2024-10-10 01:24:56;1728512707.583713;portraitUpsideDown;-0.9827101826667786;0.5948401689529419;-0.09473183751106262;
2024-10-10 01:24:56;1728512707.633549;portraitUpsideDown;-0.4084058701992035;0.1693245768547058;-0.015748603269457817;
2024-10-10 01:24:56;1728512707.686017;portraitUpsideDown;-0.7408013939857483;-0.1225685253739357;0.06318908929824829;
2024-10-10 01:24:56;1728512707.73492;portraitUpsideDown;-1.0806583166122437;-0.5431317090988159;-1.3071593046188354;
2024-10-10 01:24:56;1728512707.7857199;portraitUpsideDown;-2.19215989112854;-1.2322163581848145;-1.5729782581329346;
2024-10-10 01:24:56;1728512707.8334908;portraitUpsideDown;-1.0731987953186035;0.45180314779281616;-2.4876317977905273;
2024-10-10 01:24:56;1728512707.882554;portraitUpsideDown;-0.8590880632400513;-0.1461857110261917;-1.4876071214675903;
2024-10-10 01:24:56;1728512707.9316602;portraitUpsideDown;-0.48193681240081787;-0.40442124009132385;-0.6174853444099426;
2024-10-10 01:24:56;1728512707.9810848;portraitUpsideDown;0.39479419589042664;-1.0219550132751465;-0.4666217863559723;
2024-10-10 01:24:56;1728512708.031176;portraitUpsideDown;0.16552531719207764;-0.17663335800170898;-1.0122991800308228;
2024-10-10 01:24:56;1728512708.080955;portraitUpsideDown;0.4006941616535187;-0.25955328345298767;-0.006612895056605339;
2024-10-10 01:24:56;1728512708.130429;portraitUpsideDown;0.8274710178375244;-0.8833689093589783;0.9713214039802551;
2024-10-10 01:24:56;1728512708.180557;portraitUpsideDown;0.27266988158226013;-0.9081693291664124;0.6362606287002563;
2024-10-10 01:24:56;1728512708.2502751;portraitUpsideDown;0.1151561513543129;3.773585319519043;-0.3924061357975006;
2024-10-10 01:24:56;1728512708.300617;portraitUpsideDown;-1.720594882965088;1.6478900909423828;-0.998669445514679;
2024-10-10 01:24:56;1728512708.349668;portraitUpsideDown;1.1412122249603271;1.6608508825302124;0.48944905400276184;
2024-10-10 01:24:56;1728512708.400099;portraitUpsideDown;1.302904725074768;-4.451363563537598;2.2172281742095947;
2024-10-10 01:24:56;1728512708.449898;portraitUpsideDown;2.545694351196289;-2.2426846027374268;1.5343475341796875;
2024-10-10 01:24:56;1728512708.4995341;portraitUpsideDown;1.7892162799835205;-0.08500224351882935;0.8079031705856323;
2024-10-10 01:24:56;1728512708.548819;portraitUpsideDown;1.1922160387039185;-1.1463302373886108;0.1782970428466797;
2024-10-10 01:24:56;1728512708.598182;portraitUpsideDown;0.4804297387599945;0.6888042688369751;0.15947860479354858;
2024-10-10 01:24:56;1728512708.647898;portraitUpsideDown;-1.2953943014144897;1.6423407793045044;-0.9686023592948914;
2024-10-10 01:24:56;1728512708.697546;portraitUpsideDown;-0.4632030725479126;0.44778603315353394;0.01085664238780737;
2024-10-10 01:24:56;1728512708.747586;portraitUpsideDown;-0.5686575770378113;0.07456797361373901;-0.16506831347942352;
2024-10-10 01:24:56;1728512708.797107;portraitUpsideDown;-0.04006779193878174;0.22963692247867584;0.12559467554092407;
2024-10-10 01:24:56;1728512708.845796;portraitUpsideDown;0.4476235806941986;0.31300264596939087;0.3277216851711273;
2024-10-10 01:24:56;1728512708.897465;portraitUpsideDown;0.5893421173095703;-0.6214424967765808;0.5158316493034363;
2024-10-10 01:24:56;1728512708.946152;portraitUpsideDown;0.45964348316192627;-0.24868518114089966;0.46908333897590637;
2024-10-10 01:24:56;1728512708.995775;portraitUpsideDown;0.43112024664878845;-0.05077929049730301;0.3665367066860199;
2024-10-10 01:24:56;1728512709.04499;portraitUpsideDown;0.38302141427993774;-0.5717700123786926;0.1859797239303589;
2024-10-10 01:24:56;1728512709.095275;portraitUpsideDown;-0.18188723921775818;0.2602185308933258;-0.2659075856208801;
2024-10-10 01:24:56;1728512709.142709;portraitUpsideDown;-0.3258872926235199;0.4002973437309265;-0.12628017365932465;
2024-10-10 01:24:56;1728512709.191975;portraitUpsideDown;-0.18316848576068878;0.09219463914632797;0.14400245249271393;
2024-10-10 01:24:56;1728512709.241253;portraitUpsideDown;-0.3013222813606262;0.12653717398643494;0.20840033888816833;
2024-10-10 01:24:56;1728512709.29105;portraitUpsideDown;-0.23912310600280762;-0.012056396342813969;0.11626961827278137;
2024-10-10 01:24:56;1728512709.341172;portraitUpsideDown;-0.3082135021686554;0.04787831008434296;0.0027244137600064278;
2024-10-10 01:24:56;1728512709.3917031;portraitUpsideDown;-0.17963208258152008;0.262300580739975;-0.06137441098690033;
2024-10-10 01:24:56;1728512709.440714;portraitUpsideDown;0.004292482975870371;0.054425958544015884;-0.020235763862729073;
2024-10-10 01:24:56;1728512709.490649;portraitUpsideDown;0.09418269246816635;-0.16217079758644104;0.11075767129659653;
2024-10-10 01:24:56;1728512709.540244;portraitUpsideDown;0.10214847326278687;-0.18655629456043243;0.15005820989608765;
2024-10-10 01:24:56;1728512709.589149;portraitUpsideDown;0.1132834181189537;-0.06902513653039932;0.04511501267552376;
2024-10-10 01:24:56;1728512709.640491;portraitUpsideDown;0.06589672714471817;-0.004047472029924393;0.015188540332019329;
2024-10-10 01:24:56;1728512709.688905;portraitUpsideDown;0.002846652874723077;-0.06802193075418472;0.07064753770828247;
2024-10-10 01:24:56;1728512709.740138;portraitUpsideDown;-0.019055716693401337;-0.0809321328997612;0.02268640324473381;
2024-10-10 01:24:56;1728512709.789587;portraitUpsideDown;-0.020894363522529602;-0.02491973154246807;-0.02040327526628971;
2024-10-10 01:24:56;1728512709.837693;portraitUpsideDown;-0.017714548856019974;-0.037704769521951675;-0.022606242448091507;
2024-10-10 01:24:56;1728512709.8863912;portraitUpsideDown;-0.032214127480983734;-0.04303029179573059;0.024703482165932655;
2024-10-10 01:24:56;1728512709.9369931;portraitUpsideDown;-0.058104582130908966;-0.02923591621220112;-0.011626295745372772;
2024-10-10 01:24:56;1728512709.988264;portraitUpsideDown;-0.017181916162371635;0.011745339259505272;-0.021734589710831642;
2024-10-10 01:24:56;1728512710.0357099;portraitUpsideDown;-0.07736189663410187;-0.0073476615361869335;-0.03591938316822052;
2024-10-10 01:24:56;1728512710.087307;portraitUpsideDown;-0.027758926153182983;-0.005760950036346912;-0.019359050318598747;
2024-10-10 01:24:56;1728512710.135493;portraitUpsideDown;-0.03365569934248924;0.01852468214929104;-0.039919186383485794;
2024-10-10 01:24:56;1728512710.186733;portraitUpsideDown;-0.06937774270772934;0.025128256529569626;-0.03651247173547745;
2024-10-10 01:24:56;1728512710.2354531;portraitUpsideDown;-0.005923136603087187;-0.033302295953035355;-0.01926264353096485;
2024-10-10 01:24:56;1728512710.285458;portraitUpsideDown;0.028667597100138664;-0.04463298246264458;-0.015633555129170418;
2024-10-10 01:24:56;1728512710.331513;portraitUpsideDown;0.01318238116800785;-0.03410337492823601;-0.020303141325712204;
2024-10-10 01:24:56;1728512710.381115;portraitUpsideDown;0.017583787441253662;-0.08014197647571564;-0.013070262037217617;
2024-10-10 01:24:56;1728512710.4333591;portraitUpsideDown;0.02845161408185959;-0.03856230527162552;-0.01378265768289566;
2024-10-10 01:24:56;1728512710.4848862;portraitUpsideDown;-0.023210780695080757;-0.010222011245787144;-0.02761618047952652;
2024-10-10 01:24:56;1728512710.531673;portraitUpsideDown;-0.03899133950471878;0.005918342620134354;-0.02642015554010868;
2024-10-10 01:24:56;1728512710.58128;portraitUpsideDown;-0.047800011932849884;0.06353263556957245;0.005776662845164537;
2024-10-10 01:24:56;1728512710.6312242;portraitUpsideDown;-0.07785671204328537;0.04831906408071518;0.0049343048594892025;
2024-10-10 01:24:56;1728512710.680644;portraitUpsideDown;-0.1166648343205452;0.08766939491033554;-0.035172633826732635;
2024-10-10 01:24:56;1728512710.729811;portraitUpsideDown;-0.061044447124004364;0.07501991838216782;-0.023931698873639107;
2024-10-10 01:24:56;1728512710.778242;portraitUpsideDown;-0.037759363651275635;0.040474988520145416;0.013948306441307068;
2024-10-10 01:24:56;1728512710.8284411;portraitUpsideDown;-0.04500662162899971;0.05860685557126999;0.018318818882107735;
2024-10-10 01:24:56;1728512710.879144;portraitUpsideDown;-0.046415701508522034;0.03208416700363159;0.006734335329383612;
2024-10-10 01:24:56;1728512710.9289188;portraitUpsideDown;0.031431958079338074;-0.04488092288374901;-0.011095793917775154;
2024-10-10 01:24:56;1728512710.980432;portraitUpsideDown;0.12505458295345306;-0.10836987942457199;-0.003546797903254628;
2024-10-10 01:24:56;1728512711.029;portraitUpsideDown;0.08526322990655899;-0.08731972426176071;0.00977486651390791;
2024-10-10 01:24:56;1728512711.078315;portraitUpsideDown;-0.013817545026540756;-0.03584748134016991;-0.055926915258169174;
2024-10-10 01:24:56;1728512711.1297889;portraitUpsideDown;-0.02563984878361225;0.008094411343336105;-0.062372565269470215;
2024-10-10 01:24:56;1728512711.179843;portraitUpsideDown;0.012633237056434155;-0.03172943368554115;-0.019601130858063698;
2024-10-10 01:24:56;1728512711.226135;portraitUpsideDown;-0.017064470797777176;-0.041137583553791046;0.002805107505992055;
2024-10-10 01:24:56;1728512711.277353;portraitUpsideDown;-0.023730896413326263;-0.032580312341451645;-0.01684049889445305;
2024-10-10 01:24:56;1728512711.325989;portraitUpsideDown;-0.02257002331316471;0.0038096518255770206;-0.046368829905986786;
2024-10-10 01:24:56;1728512711.377919;portraitUpsideDown;-0.027333352714776993;-0.01221831701695919;-0.03019784949719906;
2024-10-10 01:24:56;1728512711.426306;portraitUpsideDown;-0.041364751756191254;0.021768145263195038;-0.010618023574352264;
2024-10-10 01:24:56;1728512711.476284;portraitUpsideDown;-0.0927368625998497;0.03292199596762657;-0.026023345068097115;
2024-10-10 01:24:56;1728512711.526527;portraitUpsideDown;-0.06087959557771683;0.012191684916615486;-0.01973828487098217;
2024-10-10 01:24:56;1728512711.5776029;portraitUpsideDown;0.010676346719264984;-0.022656043991446495;-0.001880191732198;
2024-10-10 01:24:56;1728512711.6269069;portraitUpsideDown;0.034203775227069855;-0.06546901911497116;0.01714489795267582;
2024-10-10 01:24:56;1728512711.675484;portraitUpsideDown;-0.0009262474486604333;-0.02209305204451084;0.0056994310580194;
2024-10-10 01:24:56;1728512711.721383;portraitUpsideDown;-0.03509460389614105;-0.011894742958247662;-0.015478026121854782;
2024-10-10 01:24:56;1728512711.772506;portraitUpsideDown;-0.01116530317813158;-0.016587233170866966;-0.009572465904057026;
2024-10-10 01:24:56;1728512711.825386;portraitUpsideDown;0.041131723672151566;-0.04487958922982216;0.003151318524032831;
2024-10-10 01:24:56;1728512711.872542;portraitUpsideDown;-0.008015848696231842;-0.04403749853372574;0.0022509037517011166;
2024-10-10 01:24:56;1728512711.923172;portraitUpsideDown;-0.15968020260334015;-0.07161639630794525;-0.02315671741962433;
2024-10-10 01:24:56;1728512711.9729261;portraitUpsideDown;-0.13457219302654266;0.11594870686531067;-0.06704561412334442;
2024-10-10 01:24:56;1728512712.0207539;portraitUpsideDown;0.061232466250658035;0.025654496625065804;0.002826679265126586;
2024-10-10 01:24:56;1728512712.071971;portraitUpsideDown;0.14842648804187775;-0.13014228641986847;0.06233900785446167;
2024-10-10 01:24:56;1728512712.122364;portraitUpsideDown;0.016655409708619118;-0.06076427921652794;0.011899270117282867;
2024-10-10 01:24:56;1728512712.1709142;portraitUpsideDown;-0.08509412407875061;0.018013354390859604;-0.04661623761057854;
2024-10-10 01:24:56;1728512712.218803;portraitUpsideDown;-0.10890837758779526;0.07714805006980896;-0.056782323867082596;
2024-10-10 01:24:56;1728512712.2718859;portraitUpsideDown;-0.0017989652696996927;-0.026670493185520172;-0.010635600425302982;
2024-10-10 01:24:56;1728512712.316916;portraitUpsideDown;0.0020935109350830317;-0.029411418363451958;-0.004821120295673609;
2024-10-10 01:24:56;1728512712.368319;portraitUpsideDown;-0.026500316336750984;-0.022346051409840584;-0.02346591092646122;
2024-10-10 01:24:56;1728512712.418747;portraitUpsideDown;-0.04584019258618355;-0.01082921214401722;-0.02713947556912899;
2024-10-10 01:24:56;1728512712.4660969;portraitUpsideDown;-0.020138025283813477;0.008614260703325272;-0.027949608862400055;
2024-10-10 01:24:56;1728512712.5154638;portraitUpsideDown;-0.021797707304358482;-0.026004968211054802;-0.01774330995976925;
2024-10-10 01:24:56;1728512712.565233;portraitUpsideDown;-0.0033984598703682423;-0.026813505217432976;-0.01411448698490858;
2024-10-10 01:24:56;1728512712.615294;portraitUpsideDown;-0.005631254054605961;-0.03891490772366524;-0.02100248634815216;
2024-10-10 01:24:56;1728512712.665159;portraitUpsideDown;0.007417968939989805;-0.06818704307079315;-0.010158361867070198;
2024-10-10 01:24:56;1728512712.717494;portraitUpsideDown;0.01582556776702404;-0.044618334621191025;-0.02364993467926979;
2024-10-10 01:24:56;1728512712.767796;portraitUpsideDown;-4.28768944402691e-05;-0.027419373393058777;-0.055331166833639145;
2024-10-10 01:24:56;1728512712.8182678;portraitUpsideDown;0.010605506598949432;-0.07718905806541443;-0.035654399544000626;
2024-10-10 01:24:56;1728512712.867052;portraitUpsideDown;0.010573814623057842;-0.02057025581598282;-0.007382282521575689;
2024-10-10 01:24:56;1728512712.917613;portraitUpsideDown;-0.07459327578544617;0.0679476261138916;-0.059373579919338226;
2024-10-10 01:24:56;1728512712.968796;portraitUpsideDown;-0.10593309253454208;0.010557036846876144;-0.07672727108001709;
2024-10-10 01:24:56;1728512713.018086;portraitUpsideDown;-0.08122587949037552;-0.0023411849979311228;-0.07469367980957031;
2024-10-10 01:24:56;1728512713.067153;portraitUpsideDown;-0.04368782415986061;-0.00830746442079544;-0.03999188914895058;
2024-10-10 01:24:56;1728512713.112741;portraitUpsideDown;0.056953564286231995;-0.06752657890319824;0.004564658273011446;
2024-10-10 01:24:56;1728512713.166997;portraitUpsideDown;0.031850606203079224;-0.03021622635424137;-0.0232872124761343;
2024-10-10 01:24:56;1728512713.210716;portraitUpsideDown;0.057671017944812775;-0.03232837840914726;-0.03966006264090538;
2024-10-10 01:24:56;1728512713.261132;portraitUpsideDown;0.022781744599342346;0.003543602069839835;-0.05798713490366936;
2024-10-10 01:24:56;1728512713.315734;portraitUpsideDown;-0.006733270362019539;-0.0005099953268654644;-0.04025181382894516;
2024-10-10 01:24:56;1728512713.36068;portraitUpsideDown;-0.04018869996070862;0.01997157745063305;-0.030291326344013214;
2024-10-10 01:24:56;1728512713.415242;portraitUpsideDown;-0.03670208901166916;0.012800217606127262;-0.009029713459312916;
2024-10-10 01:24:56;1728512713.4614758;portraitUpsideDown;-0.00401711231097579;-0.021922076120972633;-0.008333830162882805;
2024-10-10 01:24:56;1728512713.511028;portraitUpsideDown;0.012657471932470798;-0.020316191017627716;-0.0006876281695440412;
2024-10-10 01:24:56;1728512713.560083;portraitUpsideDown;-0.020917000249028206;-0.02237987332046032;0.0006242449744604528;
2024-10-10 01:24:56;1728512713.6085482;portraitUpsideDown;-0.0391085185110569;-0.006571882404386997;-0.004923652391880751;
2024-10-10 01:24:56;1728512713.661569;portraitUpsideDown;-0.011918711476027966;-0.011109376326203346;-0.0030306773260235786;
2024-10-10 01:24:56;1728512713.710561;portraitUpsideDown;-0.019518839195370674;-0.025536784902215004;-0.0012636699248105288;
2024-10-10 01:24:56;1728512713.758463;portraitUpsideDown;0.005203816574066877;-0.024996696040034294;0.010873952880501747;
2024-10-10 01:24:56;1728512713.8060532;portraitUpsideDown;0.004786765668541193;-0.043887294828891754;0.012177304364740849;
2024-10-10 01:24:56;1728512713.857985;portraitUpsideDown;-0.02659272775053978;-0.031149130314588547;-0.005662146955728531;
2024-10-10 01:24:56;1728512713.9066281;portraitUpsideDown;-0.014182398095726967;-0.001157143502496183;0.008776447735726833;
2024-10-10 01:24:56;1728512713.959728;portraitUpsideDown;-0.030608508735895157;0.006798517424613237;0.004381166305392981;
2024-10-10 01:24:56;1728512714.007581;portraitUpsideDown;-0.05759272351861;0.01871350035071373;-0.005083974450826645;
2024-10-10 01:24:56;1728512714.058414;portraitUpsideDown;-0.015537148341536522;-0.009078183211386204;0.010753843933343887;
2024-10-10 01:24:56;1728512714.106691;portraitUpsideDown;0.015174158848822117;-0.0366877056658268;0.023552464321255684;
2024-10-10 01:24:56;1728512714.158376;portraitUpsideDown;-0.0010149306617677212;-0.015683354809880257;0.01817820407450199;
2024-10-10 01:24:56;1728512714.207488;portraitUpsideDown;-0.08834397792816162;0.02184724248945713;-0.015024223364889622;
2024-10-10 01:24:56;1728512714.257051;portraitUpsideDown;-0.06637715548276901;0.03430258110165596;-0.009190835058689117;
2024-10-10 01:24:56;1728512714.308494;portraitUpsideDown;0.047630634158849716;-0.04435787722468376;0.048355814069509506;
2024-10-10 01:24:56;1728512714.358489;portraitUpsideDown;0.015588547103106976;-0.020198479294776917;0.03166178986430168;
2024-10-10 01:24:56;1728512714.405685;portraitUpsideDown;-0.08809390664100647;0.07746896147727966;-0.04117539897561073;
2024-10-10 01:24:56;1728512714.45608;portraitUpsideDown;-0.2804625630378723;-0.03593270108103752;-0.06522081792354584;
2024-10-10 01:24:56;1728512714.50604;portraitUpsideDown;0.20460374653339386;0.1638089120388031;-0.034866902977228165;
2024-10-10 01:24:56;1728512714.553683;portraitUpsideDown;0.768095076084137;0.02153565175831318;0.10163155198097229;
2024-10-10 01:24:56;1728512714.606796;portraitUpsideDown;0.2940446734428406;0.016635434702038765;0.3374193012714386;
2024-10-10 01:24:56;1728512714.651568;portraitUpsideDown;-0.21611951291561127;1.519737958908081;0.8852272629737854;
2024-10-10 01:24:56;1728512714.706121;portraitUpsideDown;-0.1533099263906479;1.420983910560608;1.1621015071868896;
2024-10-10 01:24:56;1728512714.753592;portraitUpsideDown;0.49197107553482056;1.716031789779663;0.5824146866798401;
2024-10-10 01:24:56;1728512714.802933;portraitUpsideDown;1.0783014297485352;2.2832553386688232;0.11938498169183731;
2024-10-10 01:24:56;1728512714.85303;portraitUpsideDown;1.0678833723068237;0.9354707598686218;0.4961378574371338;
2024-10-10 01:24:56;1728512714.902508;portraitUpsideDown;-0.34652093052864075;-0.2548924684524536;-0.3502195179462433;
2024-10-10 01:24:56;1728512714.953366;portraitUpsideDown;0.7527342438697815;1.57121741771698;-2.95814847946167;
2024-10-10 01:24:56;1728512715.002842;portraitUpsideDown;2.183518886566162;2.7265336513519287;-3.2322657108306885;
2024-10-10 01:24:56;1728512715.0520191;portraitUpsideDown;3.412855386734009;3.1917035579681396;-2.4857561588287354;
2024-10-10 01:24:56;1728512715.102808;portraitUpsideDown;3.5621800422668457;3.8721656799316406;-2.0906646251678467;
2024-10-10 01:24:56;1728512715.1526551;portraitUpsideDown;3.4450008869171143;0.5357036590576172;-2.229832887649536;
2024-10-10 01:24:56;1728512715.200311;portraitUpsideDown;1.7196177244186401;1.0935940742492676;-2.164264440536499;
2024-10-10 01:24:56;1728512715.252195;portraitUpsideDown;0.6902940273284912;1.4251043796539307;-0.5959749817848206;
2024-10-10 01:24:56;1728512715.300699;portraitUpsideDown;1.2876343727111816;1.0356556177139282;-1.4983775615692139;
2024-10-10 01:24:56;1728512715.351077;portraitUpsideDown;0.1876487284898758;1.561448097229004;-0.22799694538116455;
2024-10-10 01:24:56;1728512715.400409;portraitUpsideDown;1.0710104703903198;-0.8418965935707092;-0.40812569856643677;
2024-10-10 01:24:56;1728512715.449964;portraitUpsideDown;0.826370358467102;-0.3823809325695038;-0.9687749147415161;
2024-10-10 01:24:56;1728512715.499449;portraitUpsideDown;0.6865799427032471;0.20367935299873352;-1.0968366861343384;
2024-10-10 01:24:56;1728512715.5482821;faceUp;1.050687313079834;0.049381665885448456;-0.9644930958747864;
2024-10-10 01:24:56;1728512715.599834;faceUp;0.4031112492084503;-0.31921660900115967;-0.40383216738700867;
2024-10-10 01:24:56;1728512715.648608;faceUp;0.4622528553009033;-0.34960299730300903;0.024643028154969215;
2024-10-10 01:24:56;1728512715.6944761;faceUp;0.3168991208076477;-0.004296477884054184;0.07598264515399933;
2024-10-10 01:24:56;1728512715.7476768;faceUp;0.12247371673583984;-0.023908263072371483;0.178630992770195;
2024-10-10 01:24:56;1728512715.796675;faceUp;-0.000559263804461807;0.09255842864513397;0.10882368683815002;
2024-10-10 01:24:56;1728512715.845955;faceUp;-0.10145898163318634;-0.13161155581474304;0.12255441397428513;
2024-10-10 01:24:56;1728512715.8935971;faceUp;0.01991059072315693;-0.011463044211268425;-0.019185679033398628;
2024-10-10 01:24:56;1728512715.9454231;faceUp;0.1652347594499588;0.08616231381893158;-0.02833816409111023;
2024-10-10 01:24:56;1728512715.992908;faceUp;0.1466461718082428;0.09327881783246994;-0.00016671388584654778;
2024-10-10 01:24:56;1728512716.0455952;faceUp;-0.00469621829688549;-0.013277456164360046;0.051771052181720734;
2024-10-10 01:24:56;1728512716.0957088;faceUp;-0.1337045282125473;-0.024749288335442543;0.061831142753362656;
2024-10-10 01:24:56;1728512716.142365;faceUp;-0.12000443786382675;-0.010115484707057476;0.015588547103106976;
2024-10-10 01:24:56;1728512716.190877;faceUp;-0.013585050590336323;0.000630902883131057;0.00800146721303463;
2024-10-10 01:24:56;1728512716.242447;faceUp;0.07185181975364685;0.04794728383421898;0.02160755731165409;
2024-10-10 01:24:56;1728512716.289;faceUp;-0.061891332268714905;0.023539680987596512;-0.00014407701382879168;
2024-10-10 01:24:56;1728512716.338707;faceUp;-0.1682601124048233;0.07098895311355591;0.05037395656108856;
2024-10-10 01:24:56;1728512716.396371;faceUp;0.1649564653635025;-0.060923270881175995;0.04398050531744957;
